{
    "0": {
        "X": 0.44024139642715454,
        "Y": 0.28027111291885376,
        "Z": -0.7288598418235779
    },
    "1": {
        "X": 0.46787333488464355,
        "Y": 0.23590737581253052,
        "Z": -0.6908837556838989
    },
    "2": {
        "X": 0.4843825399875641,
        "Y": 0.23784269392490387,
        "Z": -0.6907584071159363
    },
    "3": {
        "X": 0.49987155199050903,
        "Y": 0.23986254632472992,
        "Z": -0.690943717956543
    },
    "4": {
        "X": 0.4294668138027191,
        "Y": 0.23285482823848724,
        "Z": -0.6969118714332581
    },
    "5": {
        "X": 0.4184507727622986,
        "Y": 0.2326669692993164,
        "Z": -0.6966924071311951
    },
    "6": {
        "X": 0.41004616022109985,
        "Y": 0.23274141550064087,
        "Z": -0.6970423460006714
    },
    "7": {
        "X": 0.5312410593032837,
        "Y": 0.27146434783935547,
        "Z": -0.380527138710022
    },
    "8": {
        "X": 0.40647077560424805,
        "Y": 0.2660525441169739,
        "Z": -0.38281723856925964
    },
    "9": {
        "X": 0.4690018594264984,
        "Y": 0.33669742941856384,
        "Z": -0.6075286865234375
    },
    "10": {
        "X": 0.4185269773006439,
        "Y": 0.3357371687889099,
        "Z": -0.6093732118606567
    },
    "11": {
        "X": 0.6471510529518127,
        "Y": 0.5169066190719604,
        "Z": -0.16971614956855774
    },
    "12": {
        "X": 0.30339133739471436,
        "Y": 0.5275374054908752,
        "Z": -0.21203887462615967
    },
    "13": {
        "X": 0.781611442565918,
        "Y": 0.7749291658401489,
        "Z": -0.07980614900588989
    },
    "14": {
        "X": 0.1693042367696762,
        "Y": 0.8150613903999329,
        "Z": -0.1610359251499176
    },
    "15": {
        "X": 0.7740334272384644,
        "Y": 1.0531995296478271,
        "Z": -0.363677442073822
    },
    "16": {
        "X": 0.1793995499610901,
        "Y": 1.0687005519866943,
        "Z": -0.530994176864624
    },
    "17": {
        "X": 0.7895097136497498,
        "Y": 1.1645253896713257,
        "Z": -0.44193682074546814
    },
    "18": {
        "X": 0.17711126804351807,
        "Y": 1.171897530555725,
        "Z": -0.6264837980270386
    },
    "19": {
        "X": 0.7733976244926453,
        "Y": 1.1412774324417114,
        "Z": -0.4991392195224762
    },
    "20": {
        "X": 0.2219909131526947,
        "Y": 1.1556713581085205,
        "Z": -0.6965972185134888
    },
    "21": {
        "X": 0.7589649558067322,
        "Y": 1.1112828254699707,
        "Z": -0.39847859740257263
    },
    "22": {
        "X": 0.22603659331798553,
        "Y": 1.1232801675796509,
        "Z": -0.5685250163078308
    },
    "23": {
        "X": 0.5976701974868774,
        "Y": 1.207865834236145,
        "Z": -0.034032173454761505
    },
    "24": {
        "X": 0.35518592596054077,
        "Y": 1.2088459730148315,
        "Z": 0.03738114982843399
    },
    "25": {
        "X": 0.5921494960784912,
        "Y": 1.7354892492294312,
        "Z": 0.030641522258520126
    },
    "26": {
        "X": 0.35258740186691284,
        "Y": 1.7360694408416748,
        "Z": 0.05969716235995293
    },
    "27": {
        "X": 0.5783857703208923,
        "Y": 2.210575580596924,
        "Z": 0.5242886543273926
    },
    "28": {
        "X": 0.350340336561203,
        "Y": 2.206048011779785,
        "Z": 0.36730438470840454
    },
    "29": {
        "X": 0.5821295976638794,
        "Y": 2.282501697540283,
        "Z": 0.5486457943916321
    },
    "30": {
        "X": 0.3476199507713318,
        "Y": 2.275578022003174,
        "Z": 0.38343340158462524
    },
    "31": {
        "X": 0.5391502976417542,
        "Y": 2.3667027950286865,
        "Z": 0.10084854066371918
    },
    "32": {
        "X": 0.38257530331611633,
        "Y": 2.3642561435699463,
        "Z": -0.1222609430551529
    }
}