{
    "0": {
        "X": 0.46890968084335327,
        "Y": 0.2764383554458618,
        "Z": -0.9478790163993835
    },
    "1": {
        "X": 0.49167513847351074,
        "Y": 0.23025120794773102,
        "Z": -0.8972374200820923
    },
    "2": {
        "X": 0.5063151121139526,
        "Y": 0.23168863356113434,
        "Z": -0.8974515795707703
    },
    "3": {
        "X": 0.518303632736206,
        "Y": 0.2338152676820755,
        "Z": -0.8974512815475464
    },
    "4": {
        "X": 0.4477725028991699,
        "Y": 0.22956302762031555,
        "Z": -0.9110022783279419
    },
    "5": {
        "X": 0.43374568223953247,
        "Y": 0.22966718673706055,
        "Z": -0.9111548662185669
    },
    "6": {
        "X": 0.4199891686439514,
        "Y": 0.23121745884418488,
        "Z": -0.9118080139160156
    },
    "7": {
        "X": 0.5427659749984741,
        "Y": 0.26623812317848206,
        "Z": -0.5033941864967346
    },
    "8": {
        "X": 0.4083964228630066,
        "Y": 0.26274701952934265,
        "Z": -0.5582682490348816
    },
    "9": {
        "X": 0.4996849000453949,
        "Y": 0.33289721608161926,
        "Z": -0.7945241928100586
    },
    "10": {
        "X": 0.4418432116508484,
        "Y": 0.3326031565666199,
        "Z": -0.8099328875541687
    },
    "11": {
        "X": 0.6616480350494385,
        "Y": 0.5204968452453613,
        "Z": -0.1640513390302658
    },
    "12": {
        "X": 0.31917792558670044,
        "Y": 0.5328861474990845,
        "Z": -0.33040064573287964
    },
    "13": {
        "X": 0.7417774796485901,
        "Y": 0.8274009823799133,
        "Z": -0.058234941214323044
    },
    "14": {
        "X": 0.2477620542049408,
        "Y": 0.8677696585655212,
        "Z": -0.275718629360199
    },
    "15": {
        "X": 0.6858524084091187,
        "Y": 1.0494617223739624,
        "Z": -0.46230894327163696
    },
    "16": {
        "X": 0.3334284722805023,
        "Y": 1.0372560024261475,
        "Z": -0.724903404712677
    },
    "17": {
        "X": 0.6751919984817505,
        "Y": 1.172600269317627,
        "Z": -0.5593149065971375
    },
    "18": {
        "X": 0.34017565846443176,
        "Y": 1.139387845993042,
        "Z": -0.8489046096801758
    },
    "19": {
        "X": 0.6508946418762207,
        "Y": 1.1540634632110596,
        "Z": -0.6371576189994812
    },
    "20": {
        "X": 0.3683023750782013,
        "Y": 1.1113194227218628,
        "Z": -0.9148637056350708
    },
    "21": {
        "X": 0.6331512331962585,
        "Y": 1.063299298286438,
        "Z": -0.50568687915802
    },
    "22": {
        "X": 0.3815804123878479,
        "Y": 1.0462592840194702,
        "Z": -0.75982666015625
    },
    "23": {
        "X": 0.609792172908783,
        "Y": 1.1828075647354126,
        "Z": -0.00493788393214345
    },
    "24": {
        "X": 0.3807751536369324,
        "Y": 1.180020809173584,
        "Z": 0.007798079401254654
    },
    "25": {
        "X": 0.5979495048522949,
        "Y": 1.6963047981262207,
        "Z": -0.02275705710053444
    },
    "26": {
        "X": 0.367615282535553,
        "Y": 1.6835497617721558,
        "Z": -0.06867358833551407
    },
    "27": {
        "X": 0.5895588397979736,
        "Y": 2.165330171585083,
        "Z": 0.41517767310142517
    },
    "28": {
        "X": 0.3715411126613617,
        "Y": 2.1558685302734375,
        "Z": 0.20131704211235046
    },
    "29": {
        "X": 0.5922094583511353,
        "Y": 2.2337374687194824,
        "Z": 0.43032580614089966
    },
    "30": {
        "X": 0.3711184859275818,
        "Y": 2.2257273197174072,
        "Z": 0.20841927826404572
    },
    "31": {
        "X": 0.5551131367683411,
        "Y": 2.3117423057556152,
        "Z": -0.05814472958445549
    },
    "32": {
        "X": 0.39874741435050964,
        "Y": 2.299835443496704,
        "Z": -0.3236128091812134
    }
}