{
    "0": {
        "X": 0.4877428412437439,
        "Y": 0.27938973903656006,
        "Z": -0.8251415491104126
    },
    "1": {
        "X": 0.5064178705215454,
        "Y": 0.23521772027015686,
        "Z": -0.7554977536201477
    },
    "2": {
        "X": 0.5179925560951233,
        "Y": 0.23689989745616913,
        "Z": -0.7555133104324341
    },
    "3": {
        "X": 0.5300968885421753,
        "Y": 0.23848727345466614,
        "Z": -0.7558246850967407
    },
    "4": {
        "X": 0.4649496078491211,
        "Y": 0.23286029696464539,
        "Z": -0.7981244921684265
    },
    "5": {
        "X": 0.4492839276790619,
        "Y": 0.23287802934646606,
        "Z": -0.7979850769042969
    },
    "6": {
        "X": 0.4360194802284241,
        "Y": 0.2328195571899414,
        "Z": -0.798293948173523
    },
    "7": {
        "X": 0.5475153923034668,
        "Y": 0.26841574907302856,
        "Z": -0.38903337717056274
    },
    "8": {
        "X": 0.41153421998023987,
        "Y": 0.2648910582065582,
        "Z": -0.5135753154754639
    },
    "9": {
        "X": 0.5130107402801514,
        "Y": 0.33434006571769714,
        "Z": -0.6675314903259277
    },
    "10": {
        "X": 0.459138959646225,
        "Y": 0.3344721794128418,
        "Z": -0.7157093286514282
    },
    "11": {
        "X": 0.6515051126480103,
        "Y": 0.5163007974624634,
        "Z": -0.17242905497550964
    },
    "12": {
        "X": 0.30466246604919434,
        "Y": 0.5291710495948792,
        "Z": -0.3140620291233063
    },
    "13": {
        "X": 0.7889100313186646,
        "Y": 0.7820593118667603,
        "Z": -0.11139678955078125
    },
    "14": {
        "X": 0.17017194628715515,
        "Y": 0.8149054050445557,
        "Z": -0.2381768524646759
    },
    "15": {
        "X": 0.776725172996521,
        "Y": 1.0455987453460693,
        "Z": -0.477099746465683
    },
    "16": {
        "X": 0.17830760776996613,
        "Y": 1.0839592218399048,
        "Z": -0.5377604365348816
    },
    "17": {
        "X": 0.789948046207428,
        "Y": 1.1650511026382446,
        "Z": -0.5692800879478455
    },
    "18": {
        "X": 0.17162255942821503,
        "Y": 1.1943333148956299,
        "Z": -0.6212151050567627
    },
    "19": {
        "X": 0.7704672813415527,
        "Y": 1.1354708671569824,
        "Z": -0.6282033920288086
    },
    "20": {
        "X": 0.22064998745918274,
        "Y": 1.1690213680267334,
        "Z": -0.694428563117981
    },
    "21": {
        "X": 0.7569361925125122,
        "Y": 1.1048696041107178,
        "Z": -0.5140202641487122
    },
    "22": {
        "X": 0.22210419178009033,
        "Y": 1.135231852531433,
        "Z": -0.5729793310165405
    },
    "23": {
        "X": 0.6009973287582397,
        "Y": 1.2042675018310547,
        "Z": -0.025463998317718506
    },
    "24": {
        "X": 0.36203986406326294,
        "Y": 1.2103654146194458,
        "Z": 0.028535764664411545
    },
    "25": {
        "X": 0.5918124914169312,
        "Y": 1.7314584255218506,
        "Z": 0.03706248104572296
    },
    "26": {
        "X": 0.3573386073112488,
        "Y": 1.7419850826263428,
        "Z": 0.048777587711811066
    },
    "27": {
        "X": 0.5764478445053101,
        "Y": 2.2083706855773926,
        "Z": 0.5733926892280579
    },
    "28": {
        "X": 0.354832261800766,
        "Y": 2.2141661643981934,
        "Z": 0.39916935563087463
    },
    "29": {
        "X": 0.57819664478302,
        "Y": 2.28084397315979,
        "Z": 0.6029808521270752
    },
    "30": {
        "X": 0.3512319028377533,
        "Y": 2.2847325801849365,
        "Z": 0.41968733072280884
    },
    "31": {
        "X": 0.5444867610931396,
        "Y": 2.363764762878418,
        "Z": 0.17015360295772552
    },
    "32": {
        "X": 0.3842763304710388,
        "Y": 2.370377540588379,
        "Z": -0.08979059755802155
    }
}