{
    "0": {
        "X": 0.48742762207984924,
        "Y": 0.2789236605167389,
        "Z": -0.825737476348877
    },
    "1": {
        "X": 0.5057061314582825,
        "Y": 0.2345520555973053,
        "Z": -0.7785985469818115
    },
    "2": {
        "X": 0.5171409845352173,
        "Y": 0.23594583570957184,
        "Z": -0.7785924673080444
    },
    "3": {
        "X": 0.5290576219558716,
        "Y": 0.2372480034828186,
        "Z": -0.7788418531417847
    },
    "4": {
        "X": 0.46465858817100525,
        "Y": 0.23256604373455048,
        "Z": -0.795822262763977
    },
    "5": {
        "X": 0.4489619731903076,
        "Y": 0.232480987906456,
        "Z": -0.7957655787467957
    },
    "6": {
        "X": 0.43555647134780884,
        "Y": 0.23233970999717712,
        "Z": -0.7961528897285461
    },
    "7": {
        "X": 0.5462795495986938,
        "Y": 0.267829567193985,
        "Z": -0.4477861821651459
    },
    "8": {
        "X": 0.41117024421691895,
        "Y": 0.26314106583595276,
        "Z": -0.5046690702438354
    },
    "9": {
        "X": 0.512811005115509,
        "Y": 0.3325302004814148,
        "Z": -0.6932745575904846
    },
    "10": {
        "X": 0.4591829776763916,
        "Y": 0.33301976323127747,
        "Z": -0.7125365734100342
    },
    "11": {
        "X": 0.6504048109054565,
        "Y": 0.5151681303977966,
        "Z": -0.20834152400493622
    },
    "12": {
        "X": 0.3045998215675354,
        "Y": 0.5277414917945862,
        "Z": -0.3188539147377014
    },
    "13": {
        "X": 0.7891795635223389,
        "Y": 0.7814255952835083,
        "Z": -0.13935695588588715
    },
    "14": {
        "X": 0.17098002135753632,
        "Y": 0.8109817504882812,
        "Z": -0.23616930842399597
    },
    "15": {
        "X": 0.7731773257255554,
        "Y": 1.0410205125808716,
        "Z": -0.49906834959983826
    },
    "16": {
        "X": 0.17737144231796265,
        "Y": 1.0766627788543701,
        "Z": -0.5377973318099976
    },
    "17": {
        "X": 0.78910231590271,
        "Y": 1.1525450944900513,
        "Z": -0.5915231704711914
    },
    "18": {
        "X": 0.1691548079252243,
        "Y": 1.1827787160873413,
        "Z": -0.6212800741195679
    },
    "19": {
        "X": 0.7617893218994141,
        "Y": 1.1293648481369019,
        "Z": -0.6506524682044983
    },
    "20": {
        "X": 0.2156638354063034,
        "Y": 1.1595101356506348,
        "Z": -0.6938955187797546
    },
    "21": {
        "X": 0.7493498921394348,
        "Y": 1.0999815464019775,
        "Z": -0.5343743562698364
    },
    "22": {
        "X": 0.21893401443958282,
        "Y": 1.1264798641204834,
        "Z": -0.5720614790916443
    },
    "23": {
        "X": 0.6031325459480286,
        "Y": 1.1973578929901123,
        "Z": -0.023050086572766304
    },
    "24": {
        "X": 0.3636302053928375,
        "Y": 1.201551914215088,
        "Z": 0.025993308052420616
    },
    "25": {
        "X": 0.5929597616195679,
        "Y": 1.723524808883667,
        "Z": 0.008593712002038956
    },
    "26": {
        "X": 0.3605945110321045,
        "Y": 1.7320548295974731,
        "Z": 0.017106827348470688
    },
    "27": {
        "X": 0.5838724970817566,
        "Y": 2.1982474327087402,
        "Z": 0.5058669447898865
    },
    "28": {
        "X": 0.3603054881095886,
        "Y": 2.2036216259002686,
        "Z": 0.317589670419693
    },
    "29": {
        "X": 0.5873769521713257,
        "Y": 2.2702417373657227,
        "Z": 0.5313928127288818
    },
    "30": {
        "X": 0.35843461751937866,
        "Y": 2.272610902786255,
        "Z": 0.33154934644699097
    },
    "31": {
        "X": 0.5473793745040894,
        "Y": 2.352510929107666,
        "Z": 0.0936577320098877
    },
    "32": {
        "X": 0.38607725501060486,
        "Y": 2.360243320465088,
        "Z": -0.17875732481479645
    }
}