{
    "0": {
        "X": 0.4728265404701233,
        "Y": 0.28567200899124146,
        "Z": -1.0002174377441406
    },
    "1": {
        "X": 0.4944288730621338,
        "Y": 0.23976165056228638,
        "Z": -0.9554808735847473
    },
    "2": {
        "X": 0.508065402507782,
        "Y": 0.242069274187088,
        "Z": -0.9554548263549805
    },
    "3": {
        "X": 0.5193461179733276,
        "Y": 0.2439843714237213,
        "Z": -0.9556013941764832
    },
    "4": {
        "X": 0.4519682824611664,
        "Y": 0.23821966350078583,
        "Z": -0.9691990613937378
    },
    "5": {
        "X": 0.4382561147212982,
        "Y": 0.2386176586151123,
        "Z": -0.9690259099006653
    },
    "6": {
        "X": 0.4249039590358734,
        "Y": 0.23961323499679565,
        "Z": -0.9694183468818665
    },
    "7": {
        "X": 0.544340968132019,
        "Y": 0.27283892035484314,
        "Z": -0.5845519304275513
    },
    "8": {
        "X": 0.4084888994693756,
        "Y": 0.2698501646518707,
        "Z": -0.6382003426551819
    },
    "9": {
        "X": 0.5019461512565613,
        "Y": 0.3415168523788452,
        "Z": -0.8539827466011047
    },
    "10": {
        "X": 0.4451943039894104,
        "Y": 0.3422522246837616,
        "Z": -0.8690010905265808
    },
    "11": {
        "X": 0.6514050364494324,
        "Y": 0.5195193886756897,
        "Z": -0.28786927461624146
    },
    "12": {
        "X": 0.3088926672935486,
        "Y": 0.5238201022148132,
        "Z": -0.39751356840133667
    },
    "13": {
        "X": 0.7921395897865295,
        "Y": 0.7758575677871704,
        "Z": -0.17333433032035828
    },
    "14": {
        "X": 0.17593231797218323,
        "Y": 0.8099945783615112,
        "Z": -0.2777301073074341
    },
    "15": {
        "X": 0.7747527360916138,
        "Y": 1.0428078174591064,
        "Z": -0.5306246876716614
    },
    "16": {
        "X": 0.1818390041589737,
        "Y": 1.066497802734375,
        "Z": -0.6144843101501465
    },
    "17": {
        "X": 0.7798721194267273,
        "Y": 1.163870930671692,
        "Z": -0.6217442154884338
    },
    "18": {
        "X": 0.1768500655889511,
        "Y": 1.1712017059326172,
        "Z": -0.7082383036613464
    },
    "19": {
        "X": 0.762662947177887,
        "Y": 1.12863290309906,
        "Z": -0.6911965608596802
    },
    "20": {
        "X": 0.21702918410301208,
        "Y": 1.1578360795974731,
        "Z": -0.7936191558837891
    },
    "21": {
        "X": 0.7500929832458496,
        "Y": 1.095537781715393,
        "Z": -0.5697497129440308
    },
    "22": {
        "X": 0.22126078605651855,
        "Y": 1.1234591007232666,
        "Z": -0.654951274394989
    },
    "23": {
        "X": 0.5985465049743652,
        "Y": 1.1997383832931519,
        "Z": -0.02824142575263977
    },
    "24": {
        "X": 0.35981833934783936,
        "Y": 1.1996344327926636,
        "Z": 0.03157386556267738
    },
    "25": {
        "X": 0.5925201177597046,
        "Y": 1.717159628868103,
        "Z": 0.03992791101336479
    },
    "26": {
        "X": 0.3536810278892517,
        "Y": 1.717987298965454,
        "Z": 0.05586317181587219
    },
    "27": {
        "X": 0.5751470327377319,
        "Y": 2.1756398677825928,
        "Z": 0.5897403955459595
    },
    "28": {
        "X": 0.34607619047164917,
        "Y": 2.1756579875946045,
        "Z": 0.4160396456718445
    },
    "29": {
        "X": 0.5772911906242371,
        "Y": 2.247605562210083,
        "Z": 0.6178404092788696
    },
    "30": {
        "X": 0.343546599149704,
        "Y": 2.2466697692871094,
        "Z": 0.435124933719635
    },
    "31": {
        "X": 0.5364294052124023,
        "Y": 2.3308451175689697,
        "Z": 0.15120530128479004
    },
    "32": {
        "X": 0.3729732632637024,
        "Y": 2.3302693367004395,
        "Z": -0.08598874509334564
    }
}