{
    "0": {
        "X": 0.3792380690574646,
        "Y": 0.2755225896835327,
        "Z": -0.4580141007900238
    },
    "1": {
        "X": 0.40691012144088745,
        "Y": 0.22928497195243835,
        "Z": -0.4888704717159271
    },
    "2": {
        "X": 0.41740164160728455,
        "Y": 0.22981812059879303,
        "Z": -0.4885924756526947
    },
    "3": {
        "X": 0.43028849363327026,
        "Y": 0.23062632977962494,
        "Z": -0.4887545704841614
    },
    "4": {
        "X": 0.3893533945083618,
        "Y": 0.22800396382808685,
        "Z": -0.4294374883174896
    },
    "5": {
        "X": 0.3859077990055084,
        "Y": 0.22741076350212097,
        "Z": -0.429175466299057
    },
    "6": {
        "X": 0.38267236948013306,
        "Y": 0.22675259411334991,
        "Z": -0.4296109080314636
    },
    "7": {
        "X": 0.4955359101295471,
        "Y": 0.2648264467716217,
        "Z": -0.45268893241882324
    },
    "8": {
        "X": 0.4108407497406006,
        "Y": 0.25447505712509155,
        "Z": -0.1697307527065277
    },
    "9": {
        "X": 0.39895185828208923,
        "Y": 0.3261358141899109,
        "Z": -0.43336033821105957
    },
    "10": {
        "X": 0.3749350905418396,
        "Y": 0.3277433216571808,
        "Z": -0.3515484929084778
    },
    "11": {
        "X": 0.6503704786300659,
        "Y": 0.5177684426307678,
        "Z": -0.3274431824684143
    },
    "12": {
        "X": 0.30529892444610596,
        "Y": 0.5224688053131104,
        "Z": -0.07978257536888123
    },
    "13": {
        "X": 0.7954906225204468,
        "Y": 0.7884676456451416,
        "Z": -0.30250582098960876
    },
    "14": {
        "X": 0.17245382070541382,
        "Y": 0.8056156635284424,
        "Z": 0.020032508298754692
    },
    "15": {
        "X": 0.7862628698348999,
        "Y": 1.0467019081115723,
        "Z": -0.4249945282936096
    },
    "16": {
        "X": 0.19531185925006866,
        "Y": 1.0595009326934814,
        "Z": -0.23201051354408264
    },
    "17": {
        "X": 0.7976590394973755,
        "Y": 1.1536014080047607,
        "Z": -0.4807029664516449
    },
    "18": {
        "X": 0.17655977606773376,
        "Y": 1.1742466688156128,
        "Z": -0.2856094539165497
    },
    "19": {
        "X": 0.7876987457275391,
        "Y": 1.1426708698272705,
        "Z": -0.5248374342918396
    },
    "20": {
        "X": 0.21811847388744354,
        "Y": 1.1600395441055298,
        "Z": -0.3357895016670227
    },
    "21": {
        "X": 0.7564157843589783,
        "Y": 1.0854912996292114,
        "Z": -0.44923582673072815
    },
    "22": {
        "X": 0.23793792724609375,
        "Y": 1.069733738899231,
        "Z": -0.2630164325237274
    },
    "23": {
        "X": 0.6050630211830139,
        "Y": 1.2212904691696167,
        "Z": -0.08261166512966156
    },
    "24": {
        "X": 0.3596287667751312,
        "Y": 1.2101157903671265,
        "Z": 0.0860721617937088
    },
    "25": {
        "X": 0.5855964422225952,
        "Y": 1.7566460371017456,
        "Z": -0.05872908979654312
    },
    "26": {
        "X": 0.35669636726379395,
        "Y": 1.7407139539718628,
        "Z": 0.08974111825227737
    },
    "27": {
        "X": 0.5831581354141235,
        "Y": 2.239506959915161,
        "Z": 0.4180217683315277
    },
    "28": {
        "X": 0.3528594672679901,
        "Y": 2.2228431701660156,
        "Z": 0.38157933950424194
    },
    "29": {
        "X": 0.5929995179176331,
        "Y": 2.3133187294006348,
        "Z": 0.4442923665046692
    },
    "30": {
        "X": 0.350442498922348,
        "Y": 2.2918059825897217,
        "Z": 0.3998320996761322
    },
    "31": {
        "X": 0.5329186320304871,
        "Y": 2.3811843395233154,
        "Z": 0.03307405486702919
    },
    "32": {
        "X": 0.36929523944854736,
        "Y": 2.3788058757781982,
        "Z": -0.05104801803827286
    }
}