{
    "0": {
        "X": 0.3769485056400299,
        "Y": 0.27908095717430115,
        "Z": -0.4548455774784088
    },
    "1": {
        "X": 0.4043665826320648,
        "Y": 0.23391111195087433,
        "Z": -0.48363566398620605
    },
    "2": {
        "X": 0.4139820635318756,
        "Y": 0.23499110341072083,
        "Z": -0.48342165350914
    },
    "3": {
        "X": 0.4260156750679016,
        "Y": 0.23569568991661072,
        "Z": -0.4836251735687256
    },
    "4": {
        "X": 0.3869064450263977,
        "Y": 0.23226042091846466,
        "Z": -0.4279649257659912
    },
    "5": {
        "X": 0.38424208760261536,
        "Y": 0.23198895156383514,
        "Z": -0.42775678634643555
    },
    "6": {
        "X": 0.3820883333683014,
        "Y": 0.2316492348909378,
        "Z": -0.42821478843688965
    },
    "7": {
        "X": 0.4959060251712799,
        "Y": 0.2688431441783905,
        "Z": -0.4366147518157959
    },
    "8": {
        "X": 0.41079607605934143,
        "Y": 0.2597953975200653,
        "Z": -0.17514529824256897
    },
    "9": {
        "X": 0.3989134430885315,
        "Y": 0.3292565643787384,
        "Z": -0.42827367782592773
    },
    "10": {
        "X": 0.37682050466537476,
        "Y": 0.3312282860279083,
        "Z": -0.3508468568325043
    },
    "11": {
        "X": 0.6498956680297852,
        "Y": 0.5155051946640015,
        "Z": -0.3045694828033447
    },
    "12": {
        "X": 0.3062841594219208,
        "Y": 0.5229071974754333,
        "Z": -0.0906292274594307
    },
    "13": {
        "X": 0.7934588193893433,
        "Y": 0.7804548144340515,
        "Z": -0.2730756103992462
    },
    "14": {
        "X": 0.17049667239189148,
        "Y": 0.8062115907669067,
        "Z": 0.025777021422982216
    },
    "15": {
        "X": 0.782244086265564,
        "Y": 1.0360509157180786,
        "Z": -0.381034255027771
    },
    "16": {
        "X": 0.17788180708885193,
        "Y": 1.0672509670257568,
        "Z": -0.20901890099048615
    },
    "17": {
        "X": 0.7940314412117004,
        "Y": 1.1551048755645752,
        "Z": -0.43868356943130493
    },
    "18": {
        "X": 0.16990777850151062,
        "Y": 1.1681678295135498,
        "Z": -0.26366740465164185
    },
    "19": {
        "X": 0.768386721611023,
        "Y": 1.1283997297286987,
        "Z": -0.4825109541416168
    },
    "20": {
        "X": 0.21262745559215546,
        "Y": 1.155663251876831,
        "Z": -0.3177858591079712
    },
    "21": {
        "X": 0.7544131875038147,
        "Y": 1.098373532295227,
        "Z": -0.40403881669044495
    },
    "22": {
        "X": 0.21862700581550598,
        "Y": 1.1234681606292725,
        "Z": -0.2408069670200348
    },
    "23": {
        "X": 0.6022257804870605,
        "Y": 1.1954150199890137,
        "Z": -0.0721057653427124
    },
    "24": {
        "X": 0.3619631230831146,
        "Y": 1.1884225606918335,
        "Z": 0.07554663717746735
    },
    "25": {
        "X": 0.5915592908859253,
        "Y": 1.7194912433624268,
        "Z": -0.049540720880031586
    },
    "26": {
        "X": 0.3614761233329773,
        "Y": 1.7083704471588135,
        "Z": 0.06764493137598038
    },
    "27": {
        "X": 0.5844941735267639,
        "Y": 2.1942241191864014,
        "Z": 0.38627809286117554
    },
    "28": {
        "X": 0.36005693674087524,
        "Y": 2.1824045181274414,
        "Z": 0.32789796590805054
    },
    "29": {
        "X": 0.5908545255661011,
        "Y": 2.2672922611236572,
        "Z": 0.4067607522010803
    },
    "30": {
        "X": 0.3580423593521118,
        "Y": 2.2506136894226074,
        "Z": 0.3425816595554352
    },
    "31": {
        "X": 0.5413026213645935,
        "Y": 2.3387515544891357,
        "Z": -0.022535037249326706
    },
    "32": {
        "X": 0.3822851777076721,
        "Y": 2.3369786739349365,
        "Z": -0.0988764837384224
    }
}