{
    "0": {
        "X": 0.4140402376651764,
        "Y": 0.2742046117782593,
        "Z": -0.6160733699798584
    },
    "1": {
        "X": 0.4426783621311188,
        "Y": 0.22865885496139526,
        "Z": -0.5914419293403625
    },
    "2": {
        "X": 0.457984983921051,
        "Y": 0.2303120344877243,
        "Z": -0.5912415981292725
    },
    "3": {
        "X": 0.47502297163009644,
        "Y": 0.23282113671302795,
        "Z": -0.5914251208305359
    },
    "4": {
        "X": 0.4112866520881653,
        "Y": 0.22689872980117798,
        "Z": -0.5839884281158447
    },
    "5": {
        "X": 0.40495020151138306,
        "Y": 0.22657693922519684,
        "Z": -0.5836848020553589
    },
    "6": {
        "X": 0.39952361583709717,
        "Y": 0.2264958918094635,
        "Z": -0.584109902381897
    },
    "7": {
        "X": 0.5198556184768677,
        "Y": 0.27033963799476624,
        "Z": -0.38871562480926514
    },
    "8": {
        "X": 0.4100450575351715,
        "Y": 0.25534576177597046,
        "Z": -0.29692208766937256
    },
    "9": {
        "X": 0.44391679763793945,
        "Y": 0.3267803490161896,
        "Z": -0.5209982991218567
    },
    "10": {
        "X": 0.4019645154476166,
        "Y": 0.32721269130706787,
        "Z": -0.504532516002655
    },
    "11": {
        "X": 0.6507137417793274,
        "Y": 0.519175112247467,
        "Z": -0.2230364829301834
    },
    "12": {
        "X": 0.3053591847419739,
        "Y": 0.519553005695343,
        "Z": -0.18968051671981812
    },
    "13": {
        "X": 0.7914429306983948,
        "Y": 0.7829349637031555,
        "Z": -0.1678180992603302
    },
    "14": {
        "X": 0.17275913059711456,
        "Y": 0.8063325881958008,
        "Z": -0.12985087931156158
    },
    "15": {
        "X": 0.7704251408576965,
        "Y": 1.0436609983444214,
        "Z": -0.338168203830719
    },
    "16": {
        "X": 0.18160177767276764,
        "Y": 1.0622178316116333,
        "Z": -0.3906185030937195
    },
    "17": {
        "X": 0.8047510981559753,
        "Y": 1.140745759010315,
        "Z": -0.3943593204021454
    },
    "18": {
        "X": 0.17175525426864624,
        "Y": 1.1669129133224487,
        "Z": -0.4558965563774109
    },
    "19": {
        "X": 0.763900637626648,
        "Y": 1.131630539894104,
        "Z": -0.43003445863723755
    },
    "20": {
        "X": 0.21585044264793396,
        "Y": 1.1555302143096924,
        "Z": -0.5100224018096924
    },
    "21": {
        "X": 0.7395148873329163,
        "Y": 1.0900222063064575,
        "Z": -0.35883036255836487
    },
    "22": {
        "X": 0.22204498946666718,
        "Y": 1.1234514713287354,
        "Z": -0.4206315577030182
    },
    "23": {
        "X": 0.5993022322654724,
        "Y": 1.1996371746063232,
        "Z": -0.04746850207448006
    },
    "24": {
        "X": 0.3562021553516388,
        "Y": 1.1904479265213013,
        "Z": 0.05075719952583313
    },
    "25": {
        "X": 0.5863043665885925,
        "Y": 1.7186732292175293,
        "Z": -0.020807500928640366
    },
    "26": {
        "X": 0.35352379083633423,
        "Y": 1.7080395221710205,
        "Z": 0.04332227259874344
    },
    "27": {
        "X": 0.5775903463363647,
        "Y": 2.1857352256774902,
        "Z": 0.4326292872428894
    },
    "28": {
        "X": 0.3483245372772217,
        "Y": 2.1741678714752197,
        "Z": 0.3177926242351532
    },
    "29": {
        "X": 0.5844994187355042,
        "Y": 2.256612539291382,
        "Z": 0.4561593532562256
    },
    "30": {
        "X": 0.34557265043258667,
        "Y": 2.2433574199676514,
        "Z": 0.3323858380317688
    },
    "31": {
        "X": 0.5320093035697937,
        "Y": 2.3365962505340576,
        "Z": 0.04369262605905533
    },
    "32": {
        "X": 0.3731137216091156,
        "Y": 2.330129384994507,
        "Z": -0.12862932682037354
    }
}