{
    "0": {
        "X": 0.38505324721336365,
        "Y": 0.2800455391407013,
        "Z": -0.47975826263427734
    },
    "1": {
        "X": 0.4131085276603699,
        "Y": 0.23224101960659027,
        "Z": -0.5069752931594849
    },
    "2": {
        "X": 0.4230632781982422,
        "Y": 0.23302242159843445,
        "Z": -0.5068725347518921
    },
    "3": {
        "X": 0.43589234352111816,
        "Y": 0.23451988399028778,
        "Z": -0.5067460536956787
    },
    "4": {
        "X": 0.39407116174697876,
        "Y": 0.23290441930294037,
        "Z": -0.44699639081954956
    },
    "5": {
        "X": 0.3899032473564148,
        "Y": 0.23324298858642578,
        "Z": -0.44687724113464355
    },
    "6": {
        "X": 0.38615816831588745,
        "Y": 0.2352672964334488,
        "Z": -0.4475681781768799
    },
    "7": {
        "X": 0.49863868951797485,
        "Y": 0.26519984006881714,
        "Z": -0.44699105620384216
    },
    "8": {
        "X": 0.4105941355228424,
        "Y": 0.26088812947273254,
        "Z": -0.17017950117588043
    },
    "9": {
        "X": 0.4064646363258362,
        "Y": 0.3325193226337433,
        "Z": -0.4510158598423004
    },
    "10": {
        "X": 0.38225090503692627,
        "Y": 0.33336400985717773,
        "Z": -0.36922207474708557
    },
    "11": {
        "X": 0.6601697206497192,
        "Y": 0.5172091722488403,
        "Z": -0.29610109329223633
    },
    "12": {
        "X": 0.32082033157348633,
        "Y": 0.527134358882904,
        "Z": -0.1001262441277504
    },
    "13": {
        "X": 0.7406301498413086,
        "Y": 0.8293604254722595,
        "Z": -0.26844480633735657
    },
    "14": {
        "X": 0.24720723927021027,
        "Y": 0.8565772175788879,
        "Z": -0.07751395553350449
    },
    "15": {
        "X": 0.6850725412368774,
        "Y": 1.0520752668380737,
        "Z": -0.39874714612960815
    },
    "16": {
        "X": 0.3175322711467743,
        "Y": 1.0228487253189087,
        "Z": -0.47907838225364685
    },
    "17": {
        "X": 0.6908685564994812,
        "Y": 1.1757476329803467,
        "Z": -0.4477011561393738
    },
    "18": {
        "X": 0.32031747698783875,
        "Y": 1.1223863363265991,
        "Z": -0.5641378164291382
    },
    "19": {
        "X": 0.6632870435714722,
        "Y": 1.158456563949585,
        "Z": -0.4943487048149109
    },
    "20": {
        "X": 0.3499937057495117,
        "Y": 1.0953017473220825,
        "Z": -0.6041564345359802
    },
    "21": {
        "X": 0.6306800842285156,
        "Y": 1.0841724872589111,
        "Z": -0.4209883213043213
    },
    "22": {
        "X": 0.3638076186180115,
        "Y": 1.0288103818893433,
        "Z": -0.5097540616989136
    },
    "23": {
        "X": 0.6072984933853149,
        "Y": 1.1841788291931152,
        "Z": -0.06301426142454147
    },
    "24": {
        "X": 0.37601935863494873,
        "Y": 1.1734789609909058,
        "Z": 0.06616152822971344
    },
    "25": {
        "X": 0.5814599394798279,
        "Y": 1.6972802877426147,
        "Z": -0.04592619091272354
    },
    "26": {
        "X": 0.36480972170829773,
        "Y": 1.675918459892273,
        "Z": 0.029181430116295815
    },
    "27": {
        "X": 0.5771109461784363,
        "Y": 2.1677770614624023,
        "Z": 0.37246495485305786
    },
    "28": {
        "X": 0.36660248041152954,
        "Y": 2.1488406658172607,
        "Z": 0.28014129400253296
    },
    "29": {
        "X": 0.5846205949783325,
        "Y": 2.237839698791504,
        "Z": 0.39077329635620117
    },
    "30": {
        "X": 0.36613893508911133,
        "Y": 2.2167999744415283,
        "Z": 0.2929554581642151
    },
    "31": {
        "X": 0.528674840927124,
        "Y": 2.308060646057129,
        "Z": -0.04027753323316574
    },
    "32": {
        "X": 0.3806125819683075,
        "Y": 2.2920608520507812,
        "Z": -0.15477199852466583
    }
}