{
    "0": {
        "X": 0.4839513897895813,
        "Y": 0.28311097621917725,
        "Z": -0.8306425213813782
    },
    "1": {
        "X": 0.503603994846344,
        "Y": 0.23613812029361725,
        "Z": -0.7862920165061951
    },
    "2": {
        "X": 0.5156746506690979,
        "Y": 0.2376379519701004,
        "Z": -0.786236047744751
    },
    "3": {
        "X": 0.5284555554389954,
        "Y": 0.23967736959457397,
        "Z": -0.7864620685577393
    },
    "4": {
        "X": 0.4596342444419861,
        "Y": 0.2351585477590561,
        "Z": -0.802596390247345
    },
    "5": {
        "X": 0.44396504759788513,
        "Y": 0.23506306111812592,
        "Z": -0.8024868965148926
    },
    "6": {
        "X": 0.43036389350891113,
        "Y": 0.2358066886663437,
        "Z": -0.8028780817985535
    },
    "7": {
        "X": 0.5473507046699524,
        "Y": 0.26986485719680786,
        "Z": -0.452657550573349
    },
    "8": {
        "X": 0.4083946645259857,
        "Y": 0.2682451605796814,
        "Z": -0.5121123194694519
    },
    "9": {
        "X": 0.5106005072593689,
        "Y": 0.3396150767803192,
        "Z": -0.6982294917106628
    },
    "10": {
        "X": 0.45527926087379456,
        "Y": 0.3396793305873871,
        "Z": -0.716411828994751
    },
    "11": {
        "X": 0.651574969291687,
        "Y": 0.5223814249038696,
        "Z": -0.20582325756549835
    },
    "12": {
        "X": 0.3036576509475708,
        "Y": 0.5241420269012451,
        "Z": -0.3303685188293457
    },
    "13": {
        "X": 0.7903546094894409,
        "Y": 0.7903011441230774,
        "Z": -0.11130012571811676
    },
    "14": {
        "X": 0.17486372590065002,
        "Y": 0.8108586668968201,
        "Z": -0.23926731944084167
    },
    "15": {
        "X": 0.7768656015396118,
        "Y": 1.0564663410186768,
        "Z": -0.4295910894870758
    },
    "16": {
        "X": 0.18832054734230042,
        "Y": 1.09309720993042,
        "Z": -0.5253402590751648
    },
    "17": {
        "X": 0.7796927094459534,
        "Y": 1.163678765296936,
        "Z": -0.5054149031639099
    },
    "18": {
        "X": 0.1789012849330902,
        "Y": 1.1979464292526245,
        "Z": -0.6056811213493347
    },
    "19": {
        "X": 0.7674848437309265,
        "Y": 1.1485224962234497,
        "Z": -0.5668402314186096
    },
    "20": {
        "X": 0.218787282705307,
        "Y": 1.1882612705230713,
        "Z": -0.6812716722488403
    },
    "21": {
        "X": 0.7531254887580872,
        "Y": 1.1167327165603638,
        "Z": -0.4640948176383972
    },
    "22": {
        "X": 0.22599463164806366,
        "Y": 1.1546863317489624,
        "Z": -0.5614892244338989
    },
    "23": {
        "X": 0.6036883592605591,
        "Y": 1.2084083557128906,
        "Z": -0.021168624982237816
    },
    "24": {
        "X": 0.360609233379364,
        "Y": 1.211201548576355,
        "Z": 0.02426089346408844
    },
    "25": {
        "X": 0.5961955189704895,
        "Y": 1.7420375347137451,
        "Z": -0.01665508560836315
    },
    "26": {
        "X": 0.35849571228027344,
        "Y": 1.743612289428711,
        "Z": -0.014493013732135296
    },
    "27": {
        "X": 0.58332759141922,
        "Y": 2.224825143814087,
        "Z": 0.4509273171424866
    },
    "28": {
        "X": 0.3571203649044037,
        "Y": 2.221160411834717,
        "Z": 0.254473477602005
    },
    "29": {
        "X": 0.5855841040611267,
        "Y": 2.2971084117889404,
        "Z": 0.4713761806488037
    },
    "30": {
        "X": 0.35406312346458435,
        "Y": 2.2914514541625977,
        "Z": 0.264310747385025
    },
    "31": {
        "X": 0.5488306879997253,
        "Y": 2.380539655685425,
        "Z": 0.017634278163313866
    },
    "32": {
        "X": 0.38843923807144165,
        "Y": 2.3781495094299316,
        "Z": -0.24601681530475616
    }
}