{
    "0": {
        "X": 0.3766173720359802,
        "Y": 0.27578020095825195,
        "Z": -0.4514232575893402
    },
    "1": {
        "X": 0.40495672821998596,
        "Y": 0.2301560491323471,
        "Z": -0.48801499605178833
    },
    "2": {
        "X": 0.41524118185043335,
        "Y": 0.23082323372364044,
        "Z": -0.4877296984195709
    },
    "3": {
        "X": 0.42826151847839355,
        "Y": 0.2317306250333786,
        "Z": -0.4879750609397888
    },
    "4": {
        "X": 0.3879034221172333,
        "Y": 0.2288019210100174,
        "Z": -0.4251713752746582
    },
    "5": {
        "X": 0.3850521445274353,
        "Y": 0.2281470000743866,
        "Z": -0.4249277114868164
    },
    "6": {
        "X": 0.38260430097579956,
        "Y": 0.22748221457004547,
        "Z": -0.42539769411087036
    },
    "7": {
        "X": 0.49498334527015686,
        "Y": 0.2645919620990753,
        "Z": -0.4710622727870941
    },
    "8": {
        "X": 0.41088348627090454,
        "Y": 0.254313588142395,
        "Z": -0.17077116668224335
    },
    "9": {
        "X": 0.39622899889945984,
        "Y": 0.3256150186061859,
        "Z": -0.43170222640037537
    },
    "10": {
        "X": 0.3740524649620056,
        "Y": 0.3264715075492859,
        "Z": -0.34527522325515747
    },
    "11": {
        "X": 0.6493008136749268,
        "Y": 0.5202009677886963,
        "Z": -0.344993531703949
    },
    "12": {
        "X": 0.30589553713798523,
        "Y": 0.5193250775337219,
        "Z": -0.0767245963215828
    },
    "13": {
        "X": 0.7884068489074707,
        "Y": 0.7898523211479187,
        "Z": -0.30461472272872925
    },
    "14": {
        "X": 0.17528417706489563,
        "Y": 0.8010440468788147,
        "Z": 0.036779001355171204
    },
    "15": {
        "X": 0.7736236453056335,
        "Y": 1.0575007200241089,
        "Z": -0.3429877460002899
    },
    "16": {
        "X": 0.19921395182609558,
        "Y": 1.05892014503479,
        "Z": -0.1913134902715683
    },
    "17": {
        "X": 0.7845473885536194,
        "Y": 1.1707940101623535,
        "Z": -0.4030788838863373
    },
    "18": {
        "X": 0.18569046258926392,
        "Y": 1.16845703125,
        "Z": -0.24079322814941406
    },
    "19": {
        "X": 0.7696198225021362,
        "Y": 1.1566249132156372,
        "Z": -0.452200710773468
    },
    "20": {
        "X": 0.22665154933929443,
        "Y": 1.1553471088409424,
        "Z": -0.2875640392303467
    },
    "21": {
        "X": 0.756574273109436,
        "Y": 1.1251213550567627,
        "Z": -0.37308284640312195
    },
    "22": {
        "X": 0.2403744012117386,
        "Y": 1.062395691871643,
        "Z": -0.22082102298736572
    },
    "23": {
        "X": 0.6018649935722351,
        "Y": 1.2100729942321777,
        "Z": -0.08776791393756866
    },
    "24": {
        "X": 0.3594977855682373,
        "Y": 1.203051209449768,
        "Z": 0.09110412746667862
    },
    "25": {
        "X": 0.583574652671814,
        "Y": 1.7464849948883057,
        "Z": -0.03059239313006401
    },
    "26": {
        "X": 0.35422268509864807,
        "Y": 1.7310757637023926,
        "Z": 0.09685399383306503
    },
    "27": {
        "X": 0.5753347277641296,
        "Y": 2.229102611541748,
        "Z": 0.4555692672729492
    },
    "28": {
        "X": 0.3462079167366028,
        "Y": 2.212571144104004,
        "Z": 0.39560773968696594
    },
    "29": {
        "X": 0.580033540725708,
        "Y": 2.302093029022217,
        "Z": 0.4819256663322449
    },
    "30": {
        "X": 0.34229904413223267,
        "Y": 2.28096079826355,
        "Z": 0.41386309266090393
    },
    "31": {
        "X": 0.5300388932228088,
        "Y": 2.3733859062194824,
        "Z": 0.07495041936635971
    },
    "32": {
        "X": 0.3642694354057312,
        "Y": 2.3660576343536377,
        "Z": -0.03937545791268349
    }
}