{
    "0": {
        "X": 0.47692346572875977,
        "Y": 0.2848494350910187,
        "Z": -0.9328106641769409
    },
    "1": {
        "X": 0.4988366961479187,
        "Y": 0.2392437607049942,
        "Z": -0.8831952810287476
    },
    "2": {
        "X": 0.5115832090377808,
        "Y": 0.24191981554031372,
        "Z": -0.8832270503044128
    },
    "3": {
        "X": 0.5231602191925049,
        "Y": 0.24406643211841583,
        "Z": -0.8833544850349426
    },
    "4": {
        "X": 0.4566863179206848,
        "Y": 0.2363443821668625,
        "Z": -0.9001339077949524
    },
    "5": {
        "X": 0.44244584441185,
        "Y": 0.23663407564163208,
        "Z": -0.9000569581985474
    },
    "6": {
        "X": 0.42872506380081177,
        "Y": 0.23745112121105194,
        "Z": -0.900410532951355
    },
    "7": {
        "X": 0.5456289052963257,
        "Y": 0.2714131474494934,
        "Z": -0.5105167627334595
    },
    "8": {
        "X": 0.4087466299533844,
        "Y": 0.2676926255226135,
        "Z": -0.580693244934082
    },
    "9": {
        "X": 0.5038893222808838,
        "Y": 0.34061262011528015,
        "Z": -0.7886222004890442
    },
    "10": {
        "X": 0.4477231502532959,
        "Y": 0.3416421711444855,
        "Z": -0.8082854151725769
    },
    "11": {
        "X": 0.6515154838562012,
        "Y": 0.5193051099777222,
        "Z": -0.23726697266101837
    },
    "12": {
        "X": 0.3067215085029602,
        "Y": 0.5246713757514954,
        "Z": -0.3555697798728943
    },
    "13": {
        "X": 0.7866483926773071,
        "Y": 0.780070960521698,
        "Z": -0.1407485008239746
    },
    "14": {
        "X": 0.17837080359458923,
        "Y": 0.8155226111412048,
        "Z": -0.27558642625808716
    },
    "15": {
        "X": 0.7783781290054321,
        "Y": 1.0481935739517212,
        "Z": -0.5033016800880432
    },
    "16": {
        "X": 0.1848820149898529,
        "Y": 1.0679583549499512,
        "Z": -0.6522271037101746
    },
    "17": {
        "X": 0.7958186864852905,
        "Y": 1.1680660247802734,
        "Z": -0.593476414680481
    },
    "18": {
        "X": 0.17882169783115387,
        "Y": 1.1730774641036987,
        "Z": -0.7486374378204346
    },
    "19": {
        "X": 0.7756630182266235,
        "Y": 1.1375168561935425,
        "Z": -0.6628869771957397
    },
    "20": {
        "X": 0.21928520500659943,
        "Y": 1.159497618675232,
        "Z": -0.8276392817497253
    },
    "21": {
        "X": 0.7612060308456421,
        "Y": 1.105974555015564,
        "Z": -0.5428858399391174
    },
    "22": {
        "X": 0.22354313731193542,
        "Y": 1.1257346868515015,
        "Z": -0.6908993721008301
    },
    "23": {
        "X": 0.598582923412323,
        "Y": 1.199481725692749,
        "Z": -0.026119321584701538
    },
    "24": {
        "X": 0.3608212172985077,
        "Y": 1.2019902467727661,
        "Z": 0.029352495446801186
    },
    "25": {
        "X": 0.5972924828529358,
        "Y": 1.712788701057434,
        "Z": 0.007165495306253433
    },
    "26": {
        "X": 0.36214858293533325,
        "Y": 1.7190812826156616,
        "Z": 0.03374869376420975
    },
    "27": {
        "X": 0.5877013802528381,
        "Y": 2.174414873123169,
        "Z": 0.5049288868904114
    },
    "28": {
        "X": 0.36208757758140564,
        "Y": 2.17608904838562,
        "Z": 0.34026771783828735
    },
    "29": {
        "X": 0.5910534262657166,
        "Y": 2.2484889030456543,
        "Z": 0.5297030806541443
    },
    "30": {
        "X": 0.3597651720046997,
        "Y": 2.2486929893493652,
        "Z": 0.35297566652297974
    },
    "31": {
        "X": 0.5541524887084961,
        "Y": 2.3282511234283447,
        "Z": 0.07817450910806656
    },
    "32": {
        "X": 0.39061954617500305,
        "Y": 2.3290939331054688,
        "Z": -0.16224859654903412
    }
}