{
    "0": {
        "X": 0.4690764546394348,
        "Y": 0.27725642919540405,
        "Z": -0.8667184114456177
    },
    "1": {
        "X": 0.4899514615535736,
        "Y": 0.2322457730770111,
        "Z": -0.8215824961662292
    },
    "2": {
        "X": 0.5033441185951233,
        "Y": 0.23442818224430084,
        "Z": -0.8215183019638062
    },
    "3": {
        "X": 0.5151961445808411,
        "Y": 0.23695334792137146,
        "Z": -0.8216618299484253
    },
    "4": {
        "X": 0.4461132884025574,
        "Y": 0.2303764373064041,
        "Z": -0.8379252552986145
    },
    "5": {
        "X": 0.4315643310546875,
        "Y": 0.23058953881263733,
        "Z": -0.8378356695175171
    },
    "6": {
        "X": 0.4183840751647949,
        "Y": 0.23133057355880737,
        "Z": -0.8382110595703125
    },
    "7": {
        "X": 0.5381631851196289,
        "Y": 0.27191245555877686,
        "Z": -0.47604846954345703
    },
    "8": {
        "X": 0.40926939249038696,
        "Y": 0.2620651423931122,
        "Z": -0.544741690158844
    },
    "9": {
        "X": 0.49778613448143005,
        "Y": 0.3338559567928314,
        "Z": -0.7339697480201721
    },
    "10": {
        "X": 0.4399195611476898,
        "Y": 0.3333720564842224,
        "Z": -0.7525363564491272
    },
    "11": {
        "X": 0.6509969830513,
        "Y": 0.5189114212989807,
        "Z": -0.23398855328559875
    },
    "12": {
        "X": 0.30287301540374756,
        "Y": 0.5215292572975159,
        "Z": -0.35422101616859436
    },
    "13": {
        "X": 0.7933697700500488,
        "Y": 0.7860830426216125,
        "Z": -0.15864981710910797
    },
    "14": {
        "X": 0.171473890542984,
        "Y": 0.809357225894928,
        "Z": -0.26843756437301636
    },
    "15": {
        "X": 0.7711514830589294,
        "Y": 1.043666124343872,
        "Z": -0.48104262351989746
    },
    "16": {
        "X": 0.18274661898612976,
        "Y": 1.0715973377227783,
        "Z": -0.5655630230903625
    },
    "17": {
        "X": 0.7823298573493958,
        "Y": 1.1542775630950928,
        "Z": -0.5639097094535828
    },
    "18": {
        "X": 0.17947876453399658,
        "Y": 1.1730477809906006,
        "Z": -0.6462425589561462
    },
    "19": {
        "X": 0.7616302967071533,
        "Y": 1.130876898765564,
        "Z": -0.6187312006950378
    },
    "20": {
        "X": 0.22315621376037598,
        "Y": 1.1593074798583984,
        "Z": -0.7162679433822632
    },
    "21": {
        "X": 0.7438629865646362,
        "Y": 1.0972050428390503,
        "Z": -0.5140619874000549
    },
    "22": {
        "X": 0.2277165651321411,
        "Y": 1.1264214515686035,
        "Z": -0.598888635635376
    },
    "23": {
        "X": 0.6004095673561096,
        "Y": 1.1952255964279175,
        "Z": -0.026247385889291763
    },
    "24": {
        "X": 0.3580593466758728,
        "Y": 1.192581295967102,
        "Z": 0.02940874733030796
    },
    "25": {
        "X": 0.5937328934669495,
        "Y": 1.7152289152145386,
        "Z": 0.01835511066019535
    },
    "26": {
        "X": 0.3551037907600403,
        "Y": 1.7147002220153809,
        "Z": 0.02477187290787697
    },
    "27": {
        "X": 0.5810960531234741,
        "Y": 2.183136224746704,
        "Z": 0.49910250306129456
    },
    "28": {
        "X": 0.3531312346458435,
        "Y": 2.1807708740234375,
        "Z": 0.31475943326950073
    },
    "29": {
        "X": 0.5857623815536499,
        "Y": 2.2530343532562256,
        "Z": 0.5235131978988647
    },
    "30": {
        "X": 0.350548654794693,
        "Y": 2.2502057552337646,
        "Z": 0.3298346996307373
    },
    "31": {
        "X": 0.5428366661071777,
        "Y": 2.340843677520752,
        "Z": 0.09084873646497726
    },
    "32": {
        "X": 0.3838716149330139,
        "Y": 2.3388185501098633,
        "Z": -0.1606007218360901
    }
}