{
    "0": {
        "X": 0.4111655652523041,
        "Y": 0.2751636803150177,
        "Z": -0.7457023859024048
    },
    "1": {
        "X": 0.44365042448043823,
        "Y": 0.22937728464603424,
        "Z": -0.7222443222999573
    },
    "2": {
        "X": 0.46093177795410156,
        "Y": 0.23060883581638336,
        "Z": -0.7220053672790527
    },
    "3": {
        "X": 0.48028603196144104,
        "Y": 0.23282361030578613,
        "Z": -0.7222720384597778
    },
    "4": {
        "X": 0.4085525572299957,
        "Y": 0.22755911946296692,
        "Z": -0.710974395275116
    },
    "5": {
        "X": 0.40071767568588257,
        "Y": 0.22682365775108337,
        "Z": -0.7107106447219849
    },
    "6": {
        "X": 0.3943224549293518,
        "Y": 0.22597718238830566,
        "Z": -0.711126446723938
    },
    "7": {
        "X": 0.5211201906204224,
        "Y": 0.2665899395942688,
        "Z": -0.43589821457862854
    },
    "8": {
        "X": 0.4091746211051941,
        "Y": 0.25398895144462585,
        "Z": -0.3896848261356354
    },
    "9": {
        "X": 0.44502168893814087,
        "Y": 0.3286837339401245,
        "Z": -0.6391621828079224
    },
    "10": {
        "X": 0.39831703901290894,
        "Y": 0.32699596881866455,
        "Z": -0.6197773814201355
    },
    "11": {
        "X": 0.6497822403907776,
        "Y": 0.5211950540542603,
        "Z": -0.2489209920167923
    },
    "12": {
        "X": 0.3058432936668396,
        "Y": 0.5209907293319702,
        "Z": -0.22484734654426575
    },
    "13": {
        "X": 0.7901448607444763,
        "Y": 0.7888969779014587,
        "Z": -0.16498905420303345
    },
    "14": {
        "X": 0.1742967665195465,
        "Y": 0.8014644384384155,
        "Z": -0.09048513323068619
    },
    "15": {
        "X": 0.7792278528213501,
        "Y": 1.0518397092819214,
        "Z": -0.3661831319332123
    },
    "16": {
        "X": 0.1897234171628952,
        "Y": 1.0697208642959595,
        "Z": -0.3249247670173645
    },
    "17": {
        "X": 0.7995913624763489,
        "Y": 1.1636584997177124,
        "Z": -0.4342988431453705
    },
    "18": {
        "X": 0.1831124722957611,
        "Y": 1.1787707805633545,
        "Z": -0.39213263988494873
    },
    "19": {
        "X": 0.7754813432693481,
        "Y": 1.150453805923462,
        "Z": -0.49046334624290466
    },
    "20": {
        "X": 0.22421935200691223,
        "Y": 1.1722557544708252,
        "Z": -0.4633661210536957
    },
    "21": {
        "X": 0.7616215348243713,
        "Y": 1.120543360710144,
        "Z": -0.39891108870506287
    },
    "22": {
        "X": 0.2290973663330078,
        "Y": 1.14271879196167,
        "Z": -0.36034855246543884
    },
    "23": {
        "X": 0.5994738936424255,
        "Y": 1.2122405767440796,
        "Z": -0.06275817006826401
    },
    "24": {
        "X": 0.3582766652107239,
        "Y": 1.2023433446884155,
        "Z": 0.0661800280213356
    },
    "25": {
        "X": 0.5900874733924866,
        "Y": 1.747496247291565,
        "Z": -0.021778224036097527
    },
    "26": {
        "X": 0.35570210218429565,
        "Y": 1.7323477268218994,
        "Z": 0.04394011199474335
    },
    "27": {
        "X": 0.583840548992157,
        "Y": 2.2296900749206543,
        "Z": 0.49262356758117676
    },
    "28": {
        "X": 0.35231655836105347,
        "Y": 2.2159719467163086,
        "Z": 0.3723091781139374
    },
    "29": {
        "X": 0.5899451971054077,
        "Y": 2.3021860122680664,
        "Z": 0.5199998617172241
    },
    "30": {
        "X": 0.3491016626358032,
        "Y": 2.2845189571380615,
        "Z": 0.39049407839775085
    },
    "31": {
        "X": 0.5392121076583862,
        "Y": 2.3759543895721436,
        "Z": 0.06242234632372856
    },
    "32": {
        "X": 0.37744754552841187,
        "Y": 2.3702383041381836,
        "Z": -0.15037015080451965
    }
}