{
    "0": {
        "X": 0.42155829071998596,
        "Y": 0.27640533447265625,
        "Z": -0.7445691823959351
    },
    "1": {
        "X": 0.4528672695159912,
        "Y": 0.23058348894119263,
        "Z": -0.7182079553604126
    },
    "2": {
        "X": 0.4697885513305664,
        "Y": 0.23256723582744598,
        "Z": -0.7180303335189819
    },
    "3": {
        "X": 0.4875873029232025,
        "Y": 0.23555907607078552,
        "Z": -0.7182390093803406
    },
    "4": {
        "X": 0.4164738059043884,
        "Y": 0.22777792811393738,
        "Z": -0.70621657371521
    },
    "5": {
        "X": 0.407290518283844,
        "Y": 0.22693555057048798,
        "Z": -0.705997884273529
    },
    "6": {
        "X": 0.3999025225639343,
        "Y": 0.22594329714775085,
        "Z": -0.706436812877655
    },
    "7": {
        "X": 0.5263915061950684,
        "Y": 0.2693077027797699,
        "Z": -0.46426838636398315
    },
    "8": {
        "X": 0.40760499238967896,
        "Y": 0.25495612621307373,
        "Z": -0.3865296244621277
    },
    "9": {
        "X": 0.4535244405269623,
        "Y": 0.33257871866226196,
        "Z": -0.6388579607009888
    },
    "10": {
        "X": 0.4055420756340027,
        "Y": 0.3298223316669464,
        "Z": -0.6187235713005066
    },
    "11": {
        "X": 0.6500827670097351,
        "Y": 0.5227895379066467,
        "Z": -0.25126439332962036
    },
    "12": {
        "X": 0.3059695363044739,
        "Y": 0.5211948156356812,
        "Z": -0.21452803909778595
    },
    "13": {
        "X": 0.7856271862983704,
        "Y": 0.7876758575439453,
        "Z": -0.1645352840423584
    },
    "14": {
        "X": 0.19897571206092834,
        "Y": 0.8188982605934143,
        "Z": -0.07537027448415756
    },
    "15": {
        "X": 0.7735177278518677,
        "Y": 1.0519425868988037,
        "Z": -0.43892011046409607
    },
    "16": {
        "X": 0.21991753578186035,
        "Y": 1.0873000621795654,
        "Z": -0.35166728496551514
    },
    "17": {
        "X": 0.8054344058036804,
        "Y": 1.1607710123062134,
        "Z": -0.5127453207969666
    },
    "18": {
        "X": 0.20165717601776123,
        "Y": 1.1911711692810059,
        "Z": -0.4266541004180908
    },
    "19": {
        "X": 0.7740586996078491,
        "Y": 1.1520568132400513,
        "Z": -0.5750820636749268
    },
    "20": {
        "X": 0.23987352848052979,
        "Y": 1.1910690069198608,
        "Z": -0.5030832290649414
    },
    "21": {
        "X": 0.7603476047515869,
        "Y": 1.1197673082351685,
        "Z": -0.4740373194217682
    },
    "22": {
        "X": 0.2460854947566986,
        "Y": 1.156867265701294,
        "Z": -0.3900160789489746
    },
    "23": {
        "X": 0.5987869501113892,
        "Y": 1.2052805423736572,
        "Z": -0.05419871211051941
    },
    "24": {
        "X": 0.35983163118362427,
        "Y": 1.1961925029754639,
        "Z": 0.0578736737370491
    },
    "25": {
        "X": 0.5914878845214844,
        "Y": 1.7355237007141113,
        "Z": -0.08873191475868225
    },
    "26": {
        "X": 0.3528437912464142,
        "Y": 1.7250609397888184,
        "Z": 0.020664498209953308
    },
    "27": {
        "X": 0.579445481300354,
        "Y": 2.219736337661743,
        "Z": 0.3435273766517639
    },
    "28": {
        "X": 0.3464968502521515,
        "Y": 2.2093794345855713,
        "Z": 0.26712071895599365
    },
    "29": {
        "X": 0.5846002697944641,
        "Y": 2.2935385704040527,
        "Z": 0.3624260723590851
    },
    "30": {
        "X": 0.34270015358924866,
        "Y": 2.2808568477630615,
        "Z": 0.27422860264778137
    },
    "31": {
        "X": 0.5361508131027222,
        "Y": 2.369713306427002,
        "Z": -0.09613309055566788
    },
    "32": {
        "X": 0.3756210207939148,
        "Y": 2.3638293743133545,
        "Z": -0.23476681113243103
    }
}