{
    "0": {
        "X": 0.48551803827285767,
        "Y": 0.2812371551990509,
        "Z": -0.7760304808616638
    },
    "1": {
        "X": 0.50444096326828,
        "Y": 0.2366783171892166,
        "Z": -0.7316343188285828
    },
    "2": {
        "X": 0.5159844160079956,
        "Y": 0.23854000866413116,
        "Z": -0.7314900755882263
    },
    "3": {
        "X": 0.5281046628952026,
        "Y": 0.24035722017288208,
        "Z": -0.7317541241645813
    },
    "4": {
        "X": 0.4632817804813385,
        "Y": 0.23469065129756927,
        "Z": -0.7494273781776428
    },
    "5": {
        "X": 0.4480631351470947,
        "Y": 0.23477990925312042,
        "Z": -0.7492635846138
    },
    "6": {
        "X": 0.43509095907211304,
        "Y": 0.23471596837043762,
        "Z": -0.7495888471603394
    },
    "7": {
        "X": 0.546881377696991,
        "Y": 0.27043241262435913,
        "Z": -0.403618186712265
    },
    "8": {
        "X": 0.4106599688529968,
        "Y": 0.2672083079814911,
        "Z": -0.4784717559814453
    },
    "9": {
        "X": 0.5109660029411316,
        "Y": 0.33652541041374207,
        "Z": -0.6506193280220032
    },
    "10": {
        "X": 0.45772188901901245,
        "Y": 0.33705583214759827,
        "Z": -0.6703166961669922
    },
    "11": {
        "X": 0.6518983244895935,
        "Y": 0.5170488953590393,
        "Z": -0.2028578519821167
    },
    "12": {
        "X": 0.3028465509414673,
        "Y": 0.5311073064804077,
        "Z": -0.32196488976478577
    },
    "13": {
        "X": 0.7892054915428162,
        "Y": 0.7843826413154602,
        "Z": -0.133391872048378
    },
    "14": {
        "X": 0.16953164339065552,
        "Y": 0.8179944753646851,
        "Z": -0.2614905536174774
    },
    "15": {
        "X": 0.7778803110122681,
        "Y": 1.0537598133087158,
        "Z": -0.465282142162323
    },
    "16": {
        "X": 0.1778595745563507,
        "Y": 1.0847188234329224,
        "Z": -0.5350984930992126
    },
    "17": {
        "X": 0.7890722155570984,
        "Y": 1.1707814931869507,
        "Z": -0.5524067878723145
    },
    "18": {
        "X": 0.17714184522628784,
        "Y": 1.1870776414871216,
        "Z": -0.6093732118606567
    },
    "19": {
        "X": 0.7727834582328796,
        "Y": 1.1424328088760376,
        "Z": -0.6039156913757324
    },
    "20": {
        "X": 0.2185366451740265,
        "Y": 1.1693007946014404,
        "Z": -0.6781530976295471
    },
    "21": {
        "X": 0.7593522071838379,
        "Y": 1.1123453378677368,
        "Z": -0.4981207847595215
    },
    "22": {
        "X": 0.22135964035987854,
        "Y": 1.1362799406051636,
        "Z": -0.5682965517044067
    },
    "23": {
        "X": 0.6022604703903198,
        "Y": 1.2061457633972168,
        "Z": -0.026759427040815353
    },
    "24": {
        "X": 0.3615061640739441,
        "Y": 1.2121403217315674,
        "Z": 0.03000164031982422
    },
    "25": {
        "X": 0.5961142778396606,
        "Y": 1.7330741882324219,
        "Z": 0.024430811405181885
    },
    "26": {
        "X": 0.3559693694114685,
        "Y": 1.7423279285430908,
        "Z": 0.04732877388596535
    },
    "27": {
        "X": 0.5808631777763367,
        "Y": 2.2097887992858887,
        "Z": 0.5469979047775269
    },
    "28": {
        "X": 0.3514340817928314,
        "Y": 2.213839530944824,
        "Z": 0.38432466983795166
    },
    "29": {
        "X": 0.5828119516372681,
        "Y": 2.2821221351623535,
        "Z": 0.574413001537323
    },
    "30": {
        "X": 0.34682855010032654,
        "Y": 2.284493923187256,
        "Z": 0.40215688943862915
    },
    "31": {
        "X": 0.5486316084861755,
        "Y": 2.3654627799987793,
        "Z": 0.1410951167345047
    },
    "32": {
        "X": 0.38475120067596436,
        "Y": 2.369384765625,
        "Z": -0.10469914972782135
    }
}