{
    "0": {
        "X": 0.43694964051246643,
        "Y": 0.27159327268600464,
        "Z": -0.7408591508865356
    },
    "1": {
        "X": 0.46537429094314575,
        "Y": 0.22809460759162903,
        "Z": -0.7064284086227417
    },
    "2": {
        "X": 0.48097094893455505,
        "Y": 0.2302716225385666,
        "Z": -0.7064105272293091
    },
    "3": {
        "X": 0.4987684190273285,
        "Y": 0.23293346166610718,
        "Z": -0.7063230276107788
    },
    "4": {
        "X": 0.4295225739479065,
        "Y": 0.22480876743793488,
        "Z": -0.697280764579773
    },
    "5": {
        "X": 0.42001137137413025,
        "Y": 0.22441402077674866,
        "Z": -0.6970410346984863
    },
    "6": {
        "X": 0.41178202629089355,
        "Y": 0.22455859184265137,
        "Z": -0.6976288557052612
    },
    "7": {
        "X": 0.5335773229598999,
        "Y": 0.2659941017627716,
        "Z": -0.4054698050022125
    },
    "8": {
        "X": 0.4073667526245117,
        "Y": 0.257171094417572,
        "Z": -0.3569003939628601
    },
    "9": {
        "X": 0.46809881925582886,
        "Y": 0.3284006714820862,
        "Z": -0.6267858147621155
    },
    "10": {
        "X": 0.42063602805137634,
        "Y": 0.32601115107536316,
        "Z": -0.6113869547843933
    },
    "11": {
        "X": 0.6600965261459351,
        "Y": 0.520893931388855,
        "Z": -0.15628276765346527
    },
    "12": {
        "X": 0.3178879916667938,
        "Y": 0.5320309996604919,
        "Z": -0.21751180291175842
    },
    "13": {
        "X": 0.7471321821212769,
        "Y": 0.815574049949646,
        "Z": -0.06261731684207916
    },
    "14": {
        "X": 0.24722865223884583,
        "Y": 0.8579030632972717,
        "Z": -0.22764721512794495
    },
    "15": {
        "X": 0.7248759269714355,
        "Y": 1.0460962057113647,
        "Z": -0.3258835971355438
    },
    "16": {
        "X": 0.32052701711654663,
        "Y": 1.0326238870620728,
        "Z": -0.6617665886878967
    },
    "17": {
        "X": 0.7398427128791809,
        "Y": 1.1674891710281372,
        "Z": -0.3899349570274353
    },
    "18": {
        "X": 0.32049208879470825,
        "Y": 1.1339191198349,
        "Z": -0.7703019380569458
    },
    "19": {
        "X": 0.7067545652389526,
        "Y": 1.1541805267333984,
        "Z": -0.4554281234741211
    },
    "20": {
        "X": 0.3562822937965393,
        "Y": 1.1137498617172241,
        "Z": -0.8334012031555176
    },
    "21": {
        "X": 0.6765393018722534,
        "Y": 1.0674506425857544,
        "Z": -0.362059623003006
    },
    "22": {
        "X": 0.36909300088882446,
        "Y": 1.0410324335098267,
        "Z": -0.6974871754646301
    },
    "23": {
        "X": 0.6139078140258789,
        "Y": 1.175338625907898,
        "Z": -0.012693469412624836
    },
    "24": {
        "X": 0.3838850259780884,
        "Y": 1.175146222114563,
        "Z": 0.0163109190762043
    },
    "25": {
        "X": 0.6079570055007935,
        "Y": 1.693646788597107,
        "Z": -0.021356986835598946
    },
    "26": {
        "X": 0.377401739358902,
        "Y": 1.6849772930145264,
        "Z": -0.03158099204301834
    },
    "27": {
        "X": 0.5999760627746582,
        "Y": 2.1712632179260254,
        "Z": 0.4375445246696472
    },
    "28": {
        "X": 0.38296228647232056,
        "Y": 2.1621406078338623,
        "Z": 0.27024707198143005
    },
    "29": {
        "X": 0.6049751043319702,
        "Y": 2.242603302001953,
        "Z": 0.4567398428916931
    },
    "30": {
        "X": 0.38255152106285095,
        "Y": 2.231945276260376,
        "Z": 0.2844298779964447
    },
    "31": {
        "X": 0.5593844652175903,
        "Y": 2.316800355911255,
        "Z": -0.015259603969752789
    },
    "32": {
        "X": 0.4134562611579895,
        "Y": 2.3072509765625,
        "Z": -0.23531393706798553
    }
}