{
    "0": {
        "X": 0.38992199301719666,
        "Y": 0.2761496305465698,
        "Z": -0.5172699689865112
    },
    "1": {
        "X": 0.41447919607162476,
        "Y": 0.22937649488449097,
        "Z": -0.5442823171615601
    },
    "2": {
        "X": 0.425959050655365,
        "Y": 0.23011192679405212,
        "Z": -0.5440372228622437
    },
    "3": {
        "X": 0.43987908959388733,
        "Y": 0.2312055379152298,
        "Z": -0.5441672801971436
    },
    "4": {
        "X": 0.39505133032798767,
        "Y": 0.22918371856212616,
        "Z": -0.49296465516090393
    },
    "5": {
        "X": 0.3908171057701111,
        "Y": 0.22913649678230286,
        "Z": -0.492747962474823
    },
    "6": {
        "X": 0.3868095278739929,
        "Y": 0.2291571944952011,
        "Z": -0.49318891763687134
    },
    "7": {
        "X": 0.5064688920974731,
        "Y": 0.2696934938430786,
        "Z": -0.4938181936740875
    },
    "8": {
        "X": 0.4100622236728668,
        "Y": 0.2568168044090271,
        "Z": -0.24410998821258545
    },
    "9": {
        "X": 0.40924230217933655,
        "Y": 0.32538095116615295,
        "Z": -0.4850769639015198
    },
    "10": {
        "X": 0.38386279344558716,
        "Y": 0.3286520838737488,
        "Z": -0.4142685830593109
    },
    "11": {
        "X": 0.6505206823348999,
        "Y": 0.5202284455299377,
        "Z": -0.34437066316604614
    },
    "12": {
        "X": 0.3078605830669403,
        "Y": 0.5199999213218689,
        "Z": -0.14832699298858643
    },
    "13": {
        "X": 0.7901397347450256,
        "Y": 0.7775220274925232,
        "Z": -0.28476691246032715
    },
    "14": {
        "X": 0.17439839243888855,
        "Y": 0.8028824329376221,
        "Z": -0.09922853857278824
    },
    "15": {
        "X": 0.7746729254722595,
        "Y": 1.0482336282730103,
        "Z": -0.3711158037185669
    },
    "16": {
        "X": 0.18066571652889252,
        "Y": 1.0556851625442505,
        "Z": -0.41678017377853394
    },
    "17": {
        "X": 0.7890824675559998,
        "Y": 1.1611274480819702,
        "Z": -0.4233967363834381
    },
    "18": {
        "X": 0.16737107932567596,
        "Y": 1.1624761819839478,
        "Z": -0.48154720664024353
    },
    "19": {
        "X": 0.7727934718132019,
        "Y": 1.1446459293365479,
        "Z": -0.46789875626564026
    },
    "20": {
        "X": 0.21019604802131653,
        "Y": 1.1512850522994995,
        "Z": -0.5376014709472656
    },
    "21": {
        "X": 0.7572904825210571,
        "Y": 1.116686224937439,
        "Z": -0.39246436953544617
    },
    "22": {
        "X": 0.21815602481365204,
        "Y": 1.1192495822906494,
        "Z": -0.4523167014122009
    },
    "23": {
        "X": 0.6002687811851501,
        "Y": 1.2058802843093872,
        "Z": -0.07131696492433548
    },
    "24": {
        "X": 0.3582687973976135,
        "Y": 1.1959737539291382,
        "Z": 0.07500599324703217
    },
    "25": {
        "X": 0.5865567922592163,
        "Y": 1.7279200553894043,
        "Z": -0.014840592630207539
    },
    "26": {
        "X": 0.3549617826938629,
        "Y": 1.7123336791992188,
        "Z": 0.12419731914997101
    },
    "27": {
        "X": 0.5777472257614136,
        "Y": 2.1931750774383545,
        "Z": 0.45825058221817017
    },
    "28": {
        "X": 0.3481369912624359,
        "Y": 2.1779556274414062,
        "Z": 0.4063839018344879
    },
    "29": {
        "X": 0.5842674374580383,
        "Y": 2.266587495803833,
        "Z": 0.48283934593200684
    },
    "30": {
        "X": 0.34451067447662354,
        "Y": 2.248004198074341,
        "Z": 0.42411333322525024
    },
    "31": {
        "X": 0.5329464673995972,
        "Y": 2.334775686264038,
        "Z": 0.08224910497665405
    },
    "32": {
        "X": 0.372501939535141,
        "Y": 2.330669641494751,
        "Z": 0.009609037078917027
    }
}