{
    "0": {
        "X": 0.38192954659461975,
        "Y": 0.27640044689178467,
        "Z": -0.45752280950546265
    },
    "1": {
        "X": 0.41011160612106323,
        "Y": 0.23084664344787598,
        "Z": -0.4794381558895111
    },
    "2": {
        "X": 0.42159610986709595,
        "Y": 0.23198704421520233,
        "Z": -0.47918015718460083
    },
    "3": {
        "X": 0.4359138011932373,
        "Y": 0.2335069328546524,
        "Z": -0.47936758399009705
    },
    "4": {
        "X": 0.39227885007858276,
        "Y": 0.22800160944461823,
        "Z": -0.4291199743747711
    },
    "5": {
        "X": 0.38908150792121887,
        "Y": 0.2270781695842743,
        "Z": -0.4288596510887146
    },
    "6": {
        "X": 0.3860960900783539,
        "Y": 0.2263069450855255,
        "Z": -0.4293605387210846
    },
    "7": {
        "X": 0.4997249245643616,
        "Y": 0.2669006288051605,
        "Z": -0.43450742959976196
    },
    "8": {
        "X": 0.41087618470191956,
        "Y": 0.2548489570617676,
        "Z": -0.16865557432174683
    },
    "9": {
        "X": 0.4018944799900055,
        "Y": 0.32942894101142883,
        "Z": -0.42267751693725586
    },
    "10": {
        "X": 0.3775319755077362,
        "Y": 0.3291887044906616,
        "Z": -0.3519575893878937
    },
    "11": {
        "X": 0.649128794670105,
        "Y": 0.5164133310317993,
        "Z": -0.2857730984687805
    },
    "12": {
        "X": 0.30470430850982666,
        "Y": 0.5225448608398438,
        "Z": -0.09599065035581589
    },
    "13": {
        "X": 0.7880855798721313,
        "Y": 0.7858203053474426,
        "Z": -0.2542768120765686
    },
    "14": {
        "X": 0.17188456654548645,
        "Y": 0.8123454451560974,
        "Z": -0.011483026668429375
    },
    "15": {
        "X": 0.7789832353591919,
        "Y": 1.0200470685958862,
        "Z": -0.4083808958530426
    },
    "16": {
        "X": 0.19503134489059448,
        "Y": 1.0497435331344604,
        "Z": -0.27123814821243286
    },
    "17": {
        "X": 0.8294032216072083,
        "Y": 1.130475640296936,
        "Z": -0.46919965744018555
    },
    "18": {
        "X": 0.17638085782527924,
        "Y": 1.1635233163833618,
        "Z": -0.33258694410324097
    },
    "19": {
        "X": 0.794203519821167,
        "Y": 1.1198270320892334,
        "Z": -0.5188403725624084
    },
    "20": {
        "X": 0.21772126853466034,
        "Y": 1.1471717357635498,
        "Z": -0.3886342942714691
    },
    "21": {
        "X": 0.7774913311004639,
        "Y": 1.0953880548477173,
        "Z": -0.4337487816810608
    },
    "22": {
        "X": 0.22811010479927063,
        "Y": 1.0985726118087769,
        "Z": -0.30531764030456543
    },
    "23": {
        "X": 0.6024183630943298,
        "Y": 1.2217307090759277,
        "Z": -0.07694242894649506
    },
    "24": {
        "X": 0.35626107454299927,
        "Y": 1.2129210233688354,
        "Z": 0.08060719817876816
    },
    "25": {
        "X": 0.5862911939620972,
        "Y": 1.755462884902954,
        "Z": -0.05112674832344055
    },
    "26": {
        "X": 0.3553178608417511,
        "Y": 1.7439818382263184,
        "Z": 0.06759898364543915
    },
    "27": {
        "X": 0.586068332195282,
        "Y": 2.237499713897705,
        "Z": 0.3831382989883423
    },
    "28": {
        "X": 0.3541925251483917,
        "Y": 2.220541477203369,
        "Z": 0.3041592240333557
    },
    "29": {
        "X": 0.5966805815696716,
        "Y": 2.3115921020507812,
        "Z": 0.40324726700782776
    },
    "30": {
        "X": 0.3519377112388611,
        "Y": 2.2894480228424072,
        "Z": 0.31591013073921204
    },
    "31": {
        "X": 0.5358432531356812,
        "Y": 2.381316661834717,
        "Z": -0.016696063801646233
    },
    "32": {
        "X": 0.3717985153198242,
        "Y": 2.379812717437744,
        "Z": -0.13311028480529785
    }
}