{
    "0": {
        "X": 0.4290936589241028,
        "Y": 0.2797352075576782,
        "Z": -0.7109570503234863
    },
    "1": {
        "X": 0.4585009515285492,
        "Y": 0.23512618243694305,
        "Z": -0.6889325380325317
    },
    "2": {
        "X": 0.47483426332473755,
        "Y": 0.23734499514102936,
        "Z": -0.6887869238853455
    },
    "3": {
        "X": 0.49205201864242554,
        "Y": 0.23959307372570038,
        "Z": -0.6890407800674438
    },
    "4": {
        "X": 0.4242568910121918,
        "Y": 0.23244211077690125,
        "Z": -0.6746939420700073
    },
    "5": {
        "X": 0.41625380516052246,
        "Y": 0.23216557502746582,
        "Z": -0.6744638681411743
    },
    "6": {
        "X": 0.40970945358276367,
        "Y": 0.2321576327085495,
        "Z": -0.6748794317245483
    },
    "7": {
        "X": 0.53093022108078,
        "Y": 0.27229776978492737,
        "Z": -0.4193320870399475
    },
    "8": {
        "X": 0.4091448187828064,
        "Y": 0.26294687390327454,
        "Z": -0.3705219626426697
    },
    "9": {
        "X": 0.4609118103981018,
        "Y": 0.33679792284965515,
        "Z": -0.60528165102005
    },
    "10": {
        "X": 0.4144124388694763,
        "Y": 0.33468449115753174,
        "Z": -0.5768862962722778
    },
    "11": {
        "X": 0.6506980061531067,
        "Y": 0.518463671207428,
        "Z": -0.21870751678943634
    },
    "12": {
        "X": 0.30294543504714966,
        "Y": 0.5239645838737488,
        "Z": -0.22972998023033142
    },
    "13": {
        "X": 0.7946838736534119,
        "Y": 0.7850156426429749,
        "Z": -0.16111956536769867
    },
    "14": {
        "X": 0.16925543546676636,
        "Y": 0.8096176385879517,
        "Z": -0.1396714746952057
    },
    "15": {
        "X": 0.7771002054214478,
        "Y": 1.035175085067749,
        "Z": -0.4283232092857361
    },
    "16": {
        "X": 0.18361350893974304,
        "Y": 1.0693763494491577,
        "Z": -0.4129723608493805
    },
    "17": {
        "X": 0.7880759239196777,
        "Y": 1.1384385824203491,
        "Z": -0.5052307844161987
    },
    "18": {
        "X": 0.17765772342681885,
        "Y": 1.1694321632385254,
        "Z": -0.4856320023536682
    },
    "19": {
        "X": 0.7584317922592163,
        "Y": 1.123577356338501,
        "Z": -0.5528360605239868
    },
    "20": {
        "X": 0.22393496334552765,
        "Y": 1.1562676429748535,
        "Z": -0.5487332940101624
    },
    "21": {
        "X": 0.7422410845756531,
        "Y": 1.0812008380889893,
        "Z": -0.45629411935806274
    },
    "22": {
        "X": 0.22732672095298767,
        "Y": 1.124160647392273,
        "Z": -0.4442126154899597
    },
    "23": {
        "X": 0.6017001271247864,
        "Y": 1.1965081691741943,
        "Z": -0.039336204528808594
    },
    "24": {
        "X": 0.36123961210250854,
        "Y": 1.1965539455413818,
        "Z": 0.04247167333960533
    },
    "25": {
        "X": 0.5973794460296631,
        "Y": 1.7186301946640015,
        "Z": -0.017734650522470474
    },
    "26": {
        "X": 0.36036887764930725,
        "Y": 1.7198160886764526,
        "Z": 0.03822338953614235
    },
    "27": {
        "X": 0.5863864421844482,
        "Y": 2.189976930618286,
        "Z": 0.4506419599056244
    },
    "28": {
        "X": 0.36007171869277954,
        "Y": 2.1891636848449707,
        "Z": 0.31119221448898315
    },
    "29": {
        "X": 0.590459406375885,
        "Y": 2.2604777812957764,
        "Z": 0.4748428761959076
    },
    "30": {
        "X": 0.3579469621181488,
        "Y": 2.2578015327453613,
        "Z": 0.3249436318874359
    },
    "31": {
        "X": 0.5489155054092407,
        "Y": 2.3464601039886475,
        "Z": 0.04512758180499077
    },
    "32": {
        "X": 0.38905784487724304,
        "Y": 2.3469741344451904,
        "Z": -0.1569877713918686
    }
}