{
    "0": {
        "X": 0.39739152789115906,
        "Y": 0.2654239237308502,
        "Z": -0.5570560097694397
    },
    "1": {
        "X": 0.4202496111392975,
        "Y": 0.21773046255111694,
        "Z": -0.547105073928833
    },
    "2": {
        "X": 0.4341549277305603,
        "Y": 0.21770700812339783,
        "Z": -0.5469568967819214
    },
    "3": {
        "X": 0.4504898488521576,
        "Y": 0.21819360554218292,
        "Z": -0.5468390583992004
    },
    "4": {
        "X": 0.3935204744338989,
        "Y": 0.21939949691295624,
        "Z": -0.5184813737869263
    },
    "5": {
        "X": 0.3860824704170227,
        "Y": 0.22002410888671875,
        "Z": -0.5182582139968872
    },
    "6": {
        "X": 0.3800378441810608,
        "Y": 0.22088956832885742,
        "Z": -0.518653929233551
    },
    "7": {
        "X": 0.49843043088912964,
        "Y": 0.24329940974712372,
        "Z": -0.41100654006004333
    },
    "8": {
        "X": 0.3972449004650116,
        "Y": 0.24477393925189972,
        "Z": -0.2433205544948578
    },
    "9": {
        "X": 0.425455242395401,
        "Y": 0.3138257563114166,
        "Z": -0.49369731545448303
    },
    "10": {
        "X": 0.38857585191726685,
        "Y": 0.3149040639400482,
        "Z": -0.45363450050354004
    },
    "11": {
        "X": 0.6494224071502686,
        "Y": 0.5520523190498352,
        "Z": -0.2733597755432129
    },
    "12": {
        "X": 0.3094998002052307,
        "Y": 0.5508657097816467,
        "Z": -0.18227703869342804
    },
    "13": {
        "X": 0.6792266964912415,
        "Y": 0.8886325359344482,
        "Z": -0.24507582187652588
    },
    "14": {
        "X": 0.2632816731929779,
        "Y": 0.8794401288032532,
        "Z": -0.1614927351474762
    },
    "15": {
        "X": 0.6663194894790649,
        "Y": 1.1231968402862549,
        "Z": -0.44964736700057983
    },
    "16": {
        "X": 0.29224783182144165,
        "Y": 1.0811799764633179,
        "Z": -0.5293367505073547
    },
    "17": {
        "X": 0.6785420179367065,
        "Y": 1.2064064741134644,
        "Z": -0.5171838998794556
    },
    "18": {
        "X": 0.27932849526405334,
        "Y": 1.1728109121322632,
        "Z": -0.6132814288139343
    },
    "19": {
        "X": 0.6447603702545166,
        "Y": 1.1868889331817627,
        "Z": -0.5667296051979065
    },
    "20": {
        "X": 0.3071393668651581,
        "Y": 1.1523200273513794,
        "Z": -0.6689742803573608
    },
    "21": {
        "X": 0.633266806602478,
        "Y": 1.150239109992981,
        "Z": -0.4774741232395172
    },
    "22": {
        "X": 0.3172279894351959,
        "Y": 1.1183714866638184,
        "Z": -0.5648367404937744
    },
    "23": {
        "X": 0.5820249319076538,
        "Y": 1.1894519329071045,
        "Z": -0.04965215176343918
    },
    "24": {
        "X": 0.3585575520992279,
        "Y": 1.1772249937057495,
        "Z": 0.05291212350130081
    },
    "25": {
        "X": 0.5470859408378601,
        "Y": 1.6840802431106567,
        "Z": -0.05353113263845444
    },
    "26": {
        "X": 0.3411669135093689,
        "Y": 1.6726466417312622,
        "Z": 0.053574878722429276
    },
    "27": {
        "X": 0.5361788868904114,
        "Y": 2.138324499130249,
        "Z": 0.3682202100753784
    },
    "28": {
        "X": 0.33370494842529297,
        "Y": 2.121594190597534,
        "Z": 0.2896541953086853
    },
    "29": {
        "X": 0.5447731614112854,
        "Y": 2.208552598953247,
        "Z": 0.38895174860954285
    },
    "30": {
        "X": 0.33266910910606384,
        "Y": 2.187476873397827,
        "Z": 0.3016120195388794
    },
    "31": {
        "X": 0.4874553084373474,
        "Y": 2.2762911319732666,
        "Z": -0.009290741756558418
    },
    "32": {
        "X": 0.35251811146736145,
        "Y": 2.2679660320281982,
        "Z": -0.12370701134204865
    }
}