{
    "0": {
        "X": 0.3637537956237793,
        "Y": 0.2578814923763275,
        "Z": -0.5158206820487976
    },
    "1": {
        "X": 0.38947388529777527,
        "Y": 0.21309056878089905,
        "Z": -0.5538744926452637
    },
    "2": {
        "X": 0.40017247200012207,
        "Y": 0.21233747899532318,
        "Z": -0.5537648797035217
    },
    "3": {
        "X": 0.41211405396461487,
        "Y": 0.21251985430717468,
        "Z": -0.553650438785553
    },
    "4": {
        "X": 0.3689787685871124,
        "Y": 0.2168256640434265,
        "Z": -0.4920382499694824
    },
    "5": {
        "X": 0.3654972016811371,
        "Y": 0.2180827111005783,
        "Z": -0.49184170365333557
    },
    "6": {
        "X": 0.3625572919845581,
        "Y": 0.21964377164840698,
        "Z": -0.4923365116119385
    },
    "7": {
        "X": 0.47372427582740784,
        "Y": 0.23346973955631256,
        "Z": -0.5618605017662048
    },
    "8": {
        "X": 0.40380674600601196,
        "Y": 0.2409653663635254,
        "Z": -0.252063512802124
    },
    "9": {
        "X": 0.39098429679870605,
        "Y": 0.30297502875328064,
        "Z": -0.5033364295959473
    },
    "10": {
        "X": 0.3671956956386566,
        "Y": 0.3054671585559845,
        "Z": -0.41706085205078125
    },
    "11": {
        "X": 0.6570075750350952,
        "Y": 0.5236746072769165,
        "Z": -0.4090886116027832
    },
    "12": {
        "X": 0.3213399052619934,
        "Y": 0.5110488533973694,
        "Z": -0.17633788287639618
    },
    "13": {
        "X": 0.681593656539917,
        "Y": 0.8438867330551147,
        "Z": -0.33977824449539185
    },
    "14": {
        "X": 0.2686788737773895,
        "Y": 0.8413373231887817,
        "Z": -0.020333532243967056
    },
    "15": {
        "X": 0.6521614193916321,
        "Y": 1.076061487197876,
        "Z": -0.42115873098373413
    },
    "16": {
        "X": 0.3125923275947571,
        "Y": 1.041155219078064,
        "Z": -0.2764798402786255
    },
    "17": {
        "X": 0.6560629606246948,
        "Y": 1.1663926839828491,
        "Z": -0.47666773200035095
    },
    "18": {
        "X": 0.3090282082557678,
        "Y": 1.1320921182632446,
        "Z": -0.3377278745174408
    },
    "19": {
        "X": 0.6245853900909424,
        "Y": 1.1449947357177734,
        "Z": -0.5073835849761963
    },
    "20": {
        "X": 0.3267912268638611,
        "Y": 1.1024932861328125,
        "Z": -0.3915143609046936
    },
    "21": {
        "X": 0.6195500493049622,
        "Y": 1.105724811553955,
        "Z": -0.4368114471435547
    },
    "22": {
        "X": 0.3396431803703308,
        "Y": 1.0614975690841675,
        "Z": -0.3094421923160553
    },
    "23": {
        "X": 0.5870671272277832,
        "Y": 1.1457860469818115,
        "Z": -0.07771003991365433
    },
    "24": {
        "X": 0.36059996485710144,
        "Y": 1.1213914155960083,
        "Z": 0.08066098392009735
    },
    "25": {
        "X": 0.5489641427993774,
        "Y": 1.621911883354187,
        "Z": -0.04910372570157051
    },
    "26": {
        "X": 0.3462349772453308,
        "Y": 1.5950522422790527,
        "Z": 0.10805757343769073
    },
    "27": {
        "X": 0.5394538640975952,
        "Y": 2.0485517978668213,
        "Z": 0.4236416816711426
    },
    "28": {
        "X": 0.3403513431549072,
        "Y": 2.0241925716400146,
        "Z": 0.42986780405044556
    },
    "29": {
        "X": 0.5474261045455933,
        "Y": 2.11490797996521,
        "Z": 0.4498003423213959
    },
    "30": {
        "X": 0.3432261347770691,
        "Y": 2.089118480682373,
        "Z": 0.45536789298057556
    },
    "31": {
        "X": 0.48879942297935486,
        "Y": 2.1850435733795166,
        "Z": 0.06354373693466187
    },
    "32": {
        "X": 0.342798113822937,
        "Y": 2.1668765544891357,
        "Z": 0.04887007176876068
    }
}