{
    "0": {
        "X": 0.3638804852962494,
        "Y": 0.2595456540584564,
        "Z": -0.4933203160762787
    },
    "1": {
        "X": 0.3903968632221222,
        "Y": 0.21411749720573425,
        "Z": -0.5147308707237244
    },
    "2": {
        "X": 0.4010857939720154,
        "Y": 0.21327853202819824,
        "Z": -0.5146690607070923
    },
    "3": {
        "X": 0.4128154218196869,
        "Y": 0.2127174288034439,
        "Z": -0.5145789980888367
    },
    "4": {
        "X": 0.36911073327064514,
        "Y": 0.216278076171875,
        "Z": -0.4642318785190582
    },
    "5": {
        "X": 0.3648141920566559,
        "Y": 0.21699091792106628,
        "Z": -0.4640165865421295
    },
    "6": {
        "X": 0.36102795600891113,
        "Y": 0.21824070811271667,
        "Z": -0.4644736349582672
    },
    "7": {
        "X": 0.4738585352897644,
        "Y": 0.2373725324869156,
        "Z": -0.5052655935287476
    },
    "8": {
        "X": 0.39938145875930786,
        "Y": 0.2465885430574417,
        "Z": -0.21157822012901306
    },
    "9": {
        "X": 0.3921544849872589,
        "Y": 0.30439552664756775,
        "Z": -0.46574124693870544
    },
    "10": {
        "X": 0.36679139733314514,
        "Y": 0.3065302073955536,
        "Z": -0.39319875836372375
    },
    "11": {
        "X": 0.6555655002593994,
        "Y": 0.5363262891769409,
        "Z": -0.3730601668357849
    },
    "12": {
        "X": 0.3157394826412201,
        "Y": 0.5334259271621704,
        "Z": -0.14144961535930634
    },
    "13": {
        "X": 0.6746753454208374,
        "Y": 0.8675946593284607,
        "Z": -0.32604479789733887
    },
    "14": {
        "X": 0.2699020802974701,
        "Y": 0.870688796043396,
        "Z": -0.010224190540611744
    },
    "15": {
        "X": 0.6398391127586365,
        "Y": 1.1133320331573486,
        "Z": -0.4222556948661804
    },
    "16": {
        "X": 0.31214964389801025,
        "Y": 1.0739542245864868,
        "Z": -0.28199297189712524
    },
    "17": {
        "X": 0.6367753148078918,
        "Y": 1.199725866317749,
        "Z": -0.48330825567245483
    },
    "18": {
        "X": 0.30455514788627625,
        "Y": 1.1663222312927246,
        "Z": -0.3457498848438263
    },
    "19": {
        "X": 0.6019200086593628,
        "Y": 1.1803566217422485,
        "Z": -0.5157679319381714
    },
    "20": {
        "X": 0.32135143876075745,
        "Y": 1.139878511428833,
        "Z": -0.4012061059474945
    },
    "21": {
        "X": 0.5976589322090149,
        "Y": 1.1403776407241821,
        "Z": -0.43878084421157837
    },
    "22": {
        "X": 0.33182471990585327,
        "Y": 1.1050217151641846,
        "Z": -0.31613969802856445
    },
    "23": {
        "X": 0.5892750024795532,
        "Y": 1.1718848943710327,
        "Z": -0.082493856549263
    },
    "24": {
        "X": 0.36316147446632385,
        "Y": 1.154101848602295,
        "Z": 0.08553501218557358
    },
    "25": {
        "X": 0.5479658842086792,
        "Y": 1.6565454006195068,
        "Z": -0.1012849435210228
    },
    "26": {
        "X": 0.3491677939891815,
        "Y": 1.635398030281067,
        "Z": 0.08328653872013092
    },
    "27": {
        "X": 0.5403050184249878,
        "Y": 2.0955095291137695,
        "Z": 0.3304210603237152
    },
    "28": {
        "X": 0.34767264127731323,
        "Y": 2.073702812194824,
        "Z": 0.3568045198917389
    },
    "29": {
        "X": 0.5504993200302124,
        "Y": 2.1632509231567383,
        "Z": 0.35140275955200195
    },
    "30": {
        "X": 0.3502345085144043,
        "Y": 2.1408047676086426,
        "Z": 0.3748731017112732
    },
    "31": {
        "X": 0.48353052139282227,
        "Y": 2.2334067821502686,
        "Z": -0.047144729644060135
    },
    "32": {
        "X": 0.35195261240005493,
        "Y": 2.2170612812042236,
        "Z": -0.03788391500711441
    }
}