{
    "0": {
        "X": 0.4156521260738373,
        "Y": 0.2691096067428589,
        "Z": -0.5847834348678589
    },
    "1": {
        "X": 0.4401259422302246,
        "Y": 0.21734516322612762,
        "Z": -0.5590697526931763
    },
    "2": {
        "X": 0.4569849967956543,
        "Y": 0.2173883467912674,
        "Z": -0.5589214563369751
    },
    "3": {
        "X": 0.47348564863204956,
        "Y": 0.21805600821971893,
        "Z": -0.5588660836219788
    },
    "4": {
        "X": 0.4050310552120209,
        "Y": 0.22011809051036835,
        "Z": -0.5392499566078186
    },
    "5": {
        "X": 0.3957867920398712,
        "Y": 0.22092515230178833,
        "Z": -0.5389546155929565
    },
    "6": {
        "X": 0.38659802079200745,
        "Y": 0.2222169041633606,
        "Z": -0.5392380952835083
    },
    "7": {
        "X": 0.5113945007324219,
        "Y": 0.2409813404083252,
        "Z": -0.34454983472824097
    },
    "8": {
        "X": 0.3922306001186371,
        "Y": 0.24229556322097778,
        "Z": -0.2362714260816574
    },
    "9": {
        "X": 0.4514465928077698,
        "Y": 0.3141877353191376,
        "Z": -0.5046573877334595
    },
    "10": {
        "X": 0.40624889731407166,
        "Y": 0.31564095616340637,
        "Z": -0.47334885597229004
    },
    "11": {
        "X": 0.6495737433433533,
        "Y": 0.5520468354225159,
        "Z": -0.23740676045417786
    },
    "12": {
        "X": 0.3104991614818573,
        "Y": 0.5457495450973511,
        "Z": -0.15866385400295258
    },
    "13": {
        "X": 0.6803709268569946,
        "Y": 0.8922762274742126,
        "Z": -0.2460777461528778
    },
    "14": {
        "X": 0.2562416195869446,
        "Y": 0.8753346800804138,
        "Z": -0.16945311427116394
    },
    "15": {
        "X": 0.6539804339408875,
        "Y": 1.1374033689498901,
        "Z": -0.4711720943450928
    },
    "16": {
        "X": 0.23676332831382751,
        "Y": 1.0902923345565796,
        "Z": -0.5855640172958374
    },
    "17": {
        "X": 0.6516574025154114,
        "Y": 1.2284842729568481,
        "Z": -0.5539684295654297
    },
    "18": {
        "X": 0.21673941612243652,
        "Y": 1.1805447340011597,
        "Z": -0.6717762351036072
    },
    "19": {
        "X": 0.6173568367958069,
        "Y": 1.2021914720535278,
        "Z": -0.5848485231399536
    },
    "20": {
        "X": 0.24709853529930115,
        "Y": 1.1621150970458984,
        "Z": -0.7306925654411316
    },
    "21": {
        "X": 0.611679196357727,
        "Y": 1.1634564399719238,
        "Z": -0.4942481517791748
    },
    "22": {
        "X": 0.2612568736076355,
        "Y": 1.1293814182281494,
        "Z": -0.6243224143981934
    },
    "23": {
        "X": 0.5847466588020325,
        "Y": 1.1899136304855347,
        "Z": -0.06167493388056755
    },
    "24": {
        "X": 0.35929805040359497,
        "Y": 1.183548092842102,
        "Z": 0.06509403884410858
    },
    "25": {
        "X": 0.5675399303436279,
        "Y": 1.6917340755462646,
        "Z": -0.02200089953839779
    },
    "26": {
        "X": 0.3609914183616638,
        "Y": 1.6887383460998535,
        "Z": 0.141174778342247
    },
    "27": {
        "X": 0.5625288486480713,
        "Y": 2.142796277999878,
        "Z": 0.48784464597702026
    },
    "28": {
        "X": 0.36624854803085327,
        "Y": 2.1411147117614746,
        "Z": 0.4610579013824463
    },
    "29": {
        "X": 0.5716063976287842,
        "Y": 2.2116267681121826,
        "Z": 0.5183459520339966
    },
    "30": {
        "X": 0.36591053009033203,
        "Y": 2.212778329849243,
        "Z": 0.48315781354904175
    },
    "31": {
        "X": 0.5157513618469238,
        "Y": 2.2935287952423096,
        "Z": 0.12540759146213531
    },
    "32": {
        "X": 0.38623830676078796,
        "Y": 2.2871978282928467,
        "Z": 0.05201638489961624
    }
}