{
    "0": {
        "X": 0.44823408126831055,
        "Y": 0.24619637429714203,
        "Z": -0.8506792187690735
    },
    "1": {
        "X": 0.470419317483902,
        "Y": 0.20679433643817902,
        "Z": -0.818305492401123
    },
    "2": {
        "X": 0.48519015312194824,
        "Y": 0.20770813524723053,
        "Z": -0.8182191848754883
    },
    "3": {
        "X": 0.49995511770248413,
        "Y": 0.20909444987773895,
        "Z": -0.818122386932373
    },
    "4": {
        "X": 0.4305109977722168,
        "Y": 0.20845533907413483,
        "Z": -0.814986526966095
    },
    "5": {
        "X": 0.41932058334350586,
        "Y": 0.21041539311408997,
        "Z": -0.8149716258049011
    },
    "6": {
        "X": 0.4097971022129059,
        "Y": 0.21265508234500885,
        "Z": -0.8154350519180298
    },
    "7": {
        "X": 0.5204265117645264,
        "Y": 0.23790426552295685,
        "Z": -0.5481016039848328
    },
    "8": {
        "X": 0.3970765173435211,
        "Y": 0.24307957291603088,
        "Z": -0.5254055261611938
    },
    "9": {
        "X": 0.48114457726478577,
        "Y": 0.3026956617832184,
        "Z": -0.7482961416244507
    },
    "10": {
        "X": 0.4279738962650299,
        "Y": 0.3028869330883026,
        "Z": -0.7392786145210266
    },
    "11": {
        "X": 0.6510797739028931,
        "Y": 0.5392977595329285,
        "Z": -0.3384387493133545
    },
    "12": {
        "X": 0.30792340636253357,
        "Y": 0.5305883288383484,
        "Z": -0.34071213006973267
    },
    "13": {
        "X": 0.6697109937667847,
        "Y": 0.8727675676345825,
        "Z": -0.26014000177383423
    },
    "14": {
        "X": 0.25737500190734863,
        "Y": 0.865115761756897,
        "Z": -0.2355792075395584
    },
    "15": {
        "X": 0.63838791847229,
        "Y": 1.1047202348709106,
        "Z": -0.5244038105010986
    },
    "16": {
        "X": 0.30615630745887756,
        "Y": 1.0601774454116821,
        "Z": -0.554505467414856
    },
    "17": {
        "X": 0.6346094608306885,
        "Y": 1.1908962726593018,
        "Z": -0.598512589931488
    },
    "18": {
        "X": 0.3022558093070984,
        "Y": 1.1491092443466187,
        "Z": -0.6370296478271484
    },
    "19": {
        "X": 0.6052481532096863,
        "Y": 1.1686794757843018,
        "Z": -0.6524251699447632
    },
    "20": {
        "X": 0.3200531005859375,
        "Y": 1.122393012046814,
        "Z": -0.6954134702682495
    },
    "21": {
        "X": 0.600571870803833,
        "Y": 1.1280598640441895,
        "Z": -0.5550516843795776
    },
    "22": {
        "X": 0.3266294598579407,
        "Y": 1.0876750946044922,
        "Z": -0.5851243138313293
    },
    "23": {
        "X": 0.5843551754951477,
        "Y": 1.1575547456741333,
        "Z": -0.03866805136203766
    },
    "24": {
        "X": 0.3624188303947449,
        "Y": 1.1503485441207886,
        "Z": 0.04102187603712082
    },
    "25": {
        "X": 0.5500197410583496,
        "Y": 1.6334424018859863,
        "Z": -0.02304553985595703
    },
    "26": {
        "X": 0.33821743726730347,
        "Y": 1.6279780864715576,
        "Z": 0.04941654950380325
    },
    "27": {
        "X": 0.5318114161491394,
        "Y": 2.0695977210998535,
        "Z": 0.4573898911476135
    },
    "28": {
        "X": 0.32910218834877014,
        "Y": 2.0674667358398438,
        "Z": 0.36858323216438293
    },
    "29": {
        "X": 0.5365715622901917,
        "Y": 2.135406732559204,
        "Z": 0.48300760984420776
    },
    "30": {
        "X": 0.3283753991127014,
        "Y": 2.1341092586517334,
        "Z": 0.38666170835494995
    },
    "31": {
        "X": 0.4913369119167328,
        "Y": 2.2096450328826904,
        "Z": 0.0707562044262886
    },
    "32": {
        "X": 0.34647274017333984,
        "Y": 2.20529842376709,
        "Z": -0.06636016070842743
    }
}