{
    "0": {
        "X": 0.3653358221054077,
        "Y": 0.2516104280948639,
        "Z": -0.48726215958595276
    },
    "1": {
        "X": 0.39308562874794006,
        "Y": 0.20967571437358856,
        "Z": -0.5143293142318726
    },
    "2": {
        "X": 0.40444713830947876,
        "Y": 0.20929260551929474,
        "Z": -0.5141947865486145
    },
    "3": {
        "X": 0.41699355840682983,
        "Y": 0.20919226109981537,
        "Z": -0.5140753984451294
    },
    "4": {
        "X": 0.36996737122535706,
        "Y": 0.21221232414245605,
        "Z": -0.46067875623703003
    },
    "5": {
        "X": 0.36447322368621826,
        "Y": 0.213699072599411,
        "Z": -0.46040597558021545
    },
    "6": {
        "X": 0.3594733476638794,
        "Y": 0.21574194729328156,
        "Z": -0.46087008714675903
    },
    "7": {
        "X": 0.47756680846214294,
        "Y": 0.23490895330905914,
        "Z": -0.4841277599334717
    },
    "8": {
        "X": 0.39440980553627014,
        "Y": 0.24497990310192108,
        "Z": -0.21372893452644348
    },
    "9": {
        "X": 0.3957903981208801,
        "Y": 0.3011567294597626,
        "Z": -0.4641727805137634
    },
    "10": {
        "X": 0.3679758310317993,
        "Y": 0.30315855145454407,
        "Z": -0.3876517713069916
    },
    "11": {
        "X": 0.6525261402130127,
        "Y": 0.5298623442649841,
        "Z": -0.3485993444919586
    },
    "12": {
        "X": 0.3094026744365692,
        "Y": 0.5273842215538025,
        "Z": -0.1483292281627655
    },
    "13": {
        "X": 0.675531268119812,
        "Y": 0.85933917760849,
        "Z": -0.29100778698921204
    },
    "14": {
        "X": 0.2657952606678009,
        "Y": 0.8680760860443115,
        "Z": 0.020244663581252098
    },
    "15": {
        "X": 0.6564056873321533,
        "Y": 1.1161761283874512,
        "Z": -0.39698219299316406
    },
    "16": {
        "X": 0.3045777678489685,
        "Y": 1.084288239479065,
        "Z": -0.19552382826805115
    },
    "17": {
        "X": 0.6657012701034546,
        "Y": 1.200602412223816,
        "Z": -0.45555058121681213
    },
    "18": {
        "X": 0.2968697249889374,
        "Y": 1.1714109182357788,
        "Z": -0.2519727051258087
    },
    "19": {
        "X": 0.6298742294311523,
        "Y": 1.1850007772445679,
        "Z": -0.4925275444984436
    },
    "20": {
        "X": 0.3165895342826843,
        "Y": 1.1478421688079834,
        "Z": -0.30905696749687195
    },
    "21": {
        "X": 0.6203876733779907,
        "Y": 1.146782398223877,
        "Z": -0.4174744188785553
    },
    "22": {
        "X": 0.3269224762916565,
        "Y": 1.1134229898452759,
        "Z": -0.22865429520606995
    },
    "23": {
        "X": 0.5898510813713074,
        "Y": 1.1671900749206543,
        "Z": -0.07513792812824249
    },
    "24": {
        "X": 0.3581443727016449,
        "Y": 1.1518312692642212,
        "Z": 0.07834432274103165
    },
    "25": {
        "X": 0.5546650886535645,
        "Y": 1.657531499862671,
        "Z": -0.07837831228971481
    },
    "26": {
        "X": 0.34948891401290894,
        "Y": 1.6388238668441772,
        "Z": 0.07316883653402328
    },
    "27": {
        "X": 0.545160174369812,
        "Y": 2.0968172550201416,
        "Z": 0.36684316396713257
    },
    "28": {
        "X": 0.34678956866264343,
        "Y": 2.0770256519317627,
        "Z": 0.3517618775367737
    },
    "29": {
        "X": 0.5546675324440002,
        "Y": 2.165182590484619,
        "Z": 0.38843125104904175
    },
    "30": {
        "X": 0.34837791323661804,
        "Y": 2.143862009048462,
        "Z": 0.3703610897064209
    },
    "31": {
        "X": 0.492593914270401,
        "Y": 2.2342259883880615,
        "Z": -0.01376147847622633
    },
    "32": {
        "X": 0.3554254174232483,
        "Y": 2.2206802368164062,
        "Z": -0.048649080097675323
    }
}