{
    "0": {
        "X": 0.454030841588974,
        "Y": 0.2636443078517914,
        "Z": -0.6581248641014099
    },
    "1": {
        "X": 0.47558659315109253,
        "Y": 0.2176981121301651,
        "Z": -0.6175271272659302
    },
    "2": {
        "X": 0.49104148149490356,
        "Y": 0.21783219277858734,
        "Z": -0.6176090836524963
    },
    "3": {
        "X": 0.5042245388031006,
        "Y": 0.21841740608215332,
        "Z": -0.6175249814987183
    },
    "4": {
        "X": 0.43135660886764526,
        "Y": 0.2189463973045349,
        "Z": -0.6223384737968445
    },
    "5": {
        "X": 0.41747361421585083,
        "Y": 0.21971754729747772,
        "Z": -0.6223008632659912
    },
    "6": {
        "X": 0.4076952040195465,
        "Y": 0.22062534093856812,
        "Z": -0.6227177381515503
    },
    "7": {
        "X": 0.5182901620864868,
        "Y": 0.2433166205883026,
        "Z": -0.35068807005882263
    },
    "8": {
        "X": 0.3979523777961731,
        "Y": 0.24532848596572876,
        "Z": -0.35487204790115356
    },
    "9": {
        "X": 0.4840913414955139,
        "Y": 0.3137531876564026,
        "Z": -0.5565074682235718
    },
    "10": {
        "X": 0.42771854996681213,
        "Y": 0.3148159682750702,
        "Z": -0.5585856437683105
    },
    "11": {
        "X": 0.6496126651763916,
        "Y": 0.5516993403434753,
        "Z": -0.16958558559417725
    },
    "12": {
        "X": 0.30728545784950256,
        "Y": 0.550818681716919,
        "Z": -0.2733902931213379
    },
    "13": {
        "X": 0.6789951324462891,
        "Y": 0.8873671293258667,
        "Z": -0.11982321739196777
    },
    "14": {
        "X": 0.26436787843704224,
        "Y": 0.8813668489456177,
        "Z": -0.2827431857585907
    },
    "15": {
        "X": 0.6696101427078247,
        "Y": 1.119207501411438,
        "Z": -0.4156479835510254
    },
    "16": {
        "X": 0.2922975718975067,
        "Y": 1.0893878936767578,
        "Z": -0.6911996006965637
    },
    "17": {
        "X": 0.6784364581108093,
        "Y": 1.231402039527893,
        "Z": -0.4962228238582611
    },
    "18": {
        "X": 0.2786668539047241,
        "Y": 1.1795322895050049,
        "Z": -0.7919221520423889
    },
    "19": {
        "X": 0.6531223058700562,
        "Y": 1.1930891275405884,
        "Z": -0.571729302406311
    },
    "20": {
        "X": 0.3078072965145111,
        "Y": 1.1584895849227905,
        "Z": -0.8505066633224487
    },
    "21": {
        "X": 0.6408437490463257,
        "Y": 1.1563040018081665,
        "Z": -0.45216330885887146
    },
    "22": {
        "X": 0.31820446252822876,
        "Y": 1.1224597692489624,
        "Z": -0.7247557640075684
    },
    "23": {
        "X": 0.5840550661087036,
        "Y": 1.184889554977417,
        "Z": -0.014218499884009361
    },
    "24": {
        "X": 0.36165469884872437,
        "Y": 1.177381992340088,
        "Z": 0.016974851489067078
    },
    "25": {
        "X": 0.554841160774231,
        "Y": 1.6751338243484497,
        "Z": 0.0037619364447891712
    },
    "26": {
        "X": 0.3453286290168762,
        "Y": 1.6695610284805298,
        "Z": 0.03228316456079483
    },
    "27": {
        "X": 0.5442928075790405,
        "Y": 2.121859073638916,
        "Z": 0.4483739733695984
    },
    "28": {
        "X": 0.3419201970100403,
        "Y": 2.1128928661346436,
        "Z": 0.29743465781211853
    },
    "29": {
        "X": 0.5499340295791626,
        "Y": 2.1887741088867188,
        "Z": 0.4717518389225006
    },
    "30": {
        "X": 0.3399377167224884,
        "Y": 2.1788170337677,
        "Z": 0.3111502528190613
    },
    "31": {
        "X": 0.507656455039978,
        "Y": 2.2654685974121094,
        "Z": 0.09007906168699265
    },
    "32": {
        "X": 0.3678637146949768,
        "Y": 2.2572076320648193,
        "Z": -0.11630809307098389
    }
}