{
    "0": {
        "X": 0.39151912927627563,
        "Y": 0.2581700384616852,
        "Z": -0.5841744542121887
    },
    "1": {
        "X": 0.4155729413032532,
        "Y": 0.21299411356449127,
        "Z": -0.5777637362480164
    },
    "2": {
        "X": 0.43124788999557495,
        "Y": 0.2123773843050003,
        "Z": -0.5777288675308228
    },
    "3": {
        "X": 0.4493568539619446,
        "Y": 0.21214962005615234,
        "Z": -0.5776004195213318
    },
    "4": {
        "X": 0.3880719244480133,
        "Y": 0.21519726514816284,
        "Z": -0.5458993315696716
    },
    "5": {
        "X": 0.3806159198284149,
        "Y": 0.21591216325759888,
        "Z": -0.5456905364990234
    },
    "6": {
        "X": 0.37483111023902893,
        "Y": 0.21716104447841644,
        "Z": -0.5461247563362122
    },
    "7": {
        "X": 0.49496564269065857,
        "Y": 0.23698632419109344,
        "Z": -0.4250301420688629
    },
    "8": {
        "X": 0.3959674537181854,
        "Y": 0.24130944907665253,
        "Z": -0.267893522977829
    },
    "9": {
        "X": 0.42046767473220825,
        "Y": 0.3039119839668274,
        "Z": -0.52647864818573
    },
    "10": {
        "X": 0.38228532671928406,
        "Y": 0.30505436658859253,
        "Z": -0.4799991548061371
    },
    "11": {
        "X": 0.6377547979354858,
        "Y": 0.5393001437187195,
        "Z": -0.30035310983657837
    },
    "12": {
        "X": 0.30984771251678467,
        "Y": 0.5294585824012756,
        "Z": -0.18436852097511292
    },
    "13": {
        "X": 0.6816538572311401,
        "Y": 0.8791511058807373,
        "Z": -0.3043225407600403
    },
    "14": {
        "X": 0.2629545331001282,
        "Y": 0.8701328039169312,
        "Z": -0.17509546875953674
    },
    "15": {
        "X": 0.6503151655197144,
        "Y": 1.0773975849151611,
        "Z": -0.5396593809127808
    },
    "16": {
        "X": 0.3006046712398529,
        "Y": 1.0725582838058472,
        "Z": -0.5428586006164551
    },
    "17": {
        "X": 0.6599043607711792,
        "Y": 1.1863106489181519,
        "Z": -0.6145997047424316
    },
    "18": {
        "X": 0.2917647659778595,
        "Y": 1.1566356420516968,
        "Z": -0.6239907145500183
    },
    "19": {
        "X": 0.624187171459198,
        "Y": 1.1680797338485718,
        "Z": -0.6518369317054749
    },
    "20": {
        "X": 0.3162941634654999,
        "Y": 1.1377986669540405,
        "Z": -0.6780323386192322
    },
    "21": {
        "X": 0.6161786913871765,
        "Y": 1.1303211450576782,
        "Z": -0.5633532404899597
    },
    "22": {
        "X": 0.3248026967048645,
        "Y": 1.1026772260665894,
        "Z": -0.5776236653327942
    },
    "23": {
        "X": 0.5835307240486145,
        "Y": 1.1736913919448853,
        "Z": -0.06780979782342911
    },
    "24": {
        "X": 0.359651654958725,
        "Y": 1.1592527627944946,
        "Z": 0.07113978266716003
    },
    "25": {
        "X": 0.5488058924674988,
        "Y": 1.6625003814697266,
        "Z": -0.08349667489528656
    },
    "26": {
        "X": 0.34397071599960327,
        "Y": 1.6549186706542969,
        "Z": 0.07776574045419693
    },
    "27": {
        "X": 0.5377480983734131,
        "Y": 2.1109771728515625,
        "Z": 0.3638993799686432
    },
    "28": {
        "X": 0.3415043354034424,
        "Y": 2.1011743545532227,
        "Z": 0.3275764584541321
    },
    "29": {
        "X": 0.5479022264480591,
        "Y": 2.1823484897613525,
        "Z": 0.38574033975601196
    },
    "30": {
        "X": 0.34095147252082825,
        "Y": 2.170476198196411,
        "Z": 0.34061291813850403
    },
    "31": {
        "X": 0.4854063093662262,
        "Y": 2.2494266033172607,
        "Z": -0.02607787773013115
    },
    "32": {
        "X": 0.359170138835907,
        "Y": 2.2459864616394043,
        "Z": -0.08953655511140823
    }
}