{
    "0": {
        "X": 0.405282199382782,
        "Y": 0.24171502888202667,
        "Z": -0.6244321465492249
    },
    "1": {
        "X": 0.42596083879470825,
        "Y": 0.20331530272960663,
        "Z": -0.634928822517395
    },
    "2": {
        "X": 0.43916773796081543,
        "Y": 0.20405207574367523,
        "Z": -0.6349212527275085
    },
    "3": {
        "X": 0.4549283981323242,
        "Y": 0.20514075458049774,
        "Z": -0.6347461938858032
    },
    "4": {
        "X": 0.4009343981742859,
        "Y": 0.2029794156551361,
        "Z": -0.5921494960784912
    },
    "5": {
        "X": 0.3942493796348572,
        "Y": 0.20392566919326782,
        "Z": -0.5920997858047485
    },
    "6": {
        "X": 0.3880413770675659,
        "Y": 0.20586803555488586,
        "Z": -0.5926185846328735
    },
    "7": {
        "X": 0.5056983828544617,
        "Y": 0.23559348285198212,
        "Z": -0.5433717966079712
    },
    "8": {
        "X": 0.4067540168762207,
        "Y": 0.2371126115322113,
        "Z": -0.324748694896698
    },
    "9": {
        "X": 0.43479123711586,
        "Y": 0.2970297634601593,
        "Z": -0.5787992477416992
    },
    "10": {
        "X": 0.4007240831851959,
        "Y": 0.2976894676685333,
        "Z": -0.5185851454734802
    },
    "11": {
        "X": 0.6580803990364075,
        "Y": 0.5298137068748474,
        "Z": -0.38362208008766174
    },
    "12": {
        "X": 0.32377299666404724,
        "Y": 0.5228205323219299,
        "Z": -0.22285716235637665
    },
    "13": {
        "X": 0.680820107460022,
        "Y": 0.8482176065444946,
        "Z": -0.3402596414089203
    },
    "14": {
        "X": 0.26684924960136414,
        "Y": 0.8493133783340454,
        "Z": -0.11809055507183075
    },
    "15": {
        "X": 0.6644425988197327,
        "Y": 1.0541620254516602,
        "Z": -0.532501220703125
    },
    "16": {
        "X": 0.29997962713241577,
        "Y": 1.0334737300872803,
        "Z": -0.4404295086860657
    },
    "17": {
        "X": 0.6772667765617371,
        "Y": 1.1594361066818237,
        "Z": -0.6083773374557495
    },
    "18": {
        "X": 0.2976568639278412,
        "Y": 1.1336805820465088,
        "Z": -0.5196594595909119
    },
    "19": {
        "X": 0.6468978524208069,
        "Y": 1.1369401216506958,
        "Z": -0.6621424555778503
    },
    "20": {
        "X": 0.3187071681022644,
        "Y": 1.1056352853775024,
        "Z": -0.5749126672744751
    },
    "21": {
        "X": 0.6382957100868225,
        "Y": 1.0987838506698608,
        "Z": -0.5614172220230103
    },
    "22": {
        "X": 0.3278237581253052,
        "Y": 1.0709201097488403,
        "Z": -0.47444191575050354
    },
    "23": {
        "X": 0.5923494696617126,
        "Y": 1.1469093561172485,
        "Z": -0.06655694544315338
    },
    "24": {
        "X": 0.370110422372818,
        "Y": 1.127817153930664,
        "Z": 0.0695219561457634
    },
    "25": {
        "X": 0.5588287711143494,
        "Y": 1.6141756772994995,
        "Z": -0.04792668670415878
    },
    "26": {
        "X": 0.35302862524986267,
        "Y": 1.593111276626587,
        "Z": 0.09289922565221786
    },
    "27": {
        "X": 0.5498913526535034,
        "Y": 2.041614294052124,
        "Z": 0.4141766130924225
    },
    "28": {
        "X": 0.35040101408958435,
        "Y": 2.0199873447418213,
        "Z": 0.3742441236972809
    },
    "29": {
        "X": 0.557450532913208,
        "Y": 2.1088993549346924,
        "Z": 0.4376010298728943
    },
    "30": {
        "X": 0.35107722878456116,
        "Y": 2.085143566131592,
        "Z": 0.39258575439453125
    },
    "31": {
        "X": 0.5041598081588745,
        "Y": 2.1729352474212646,
        "Z": 0.04560474306344986
    },
    "32": {
        "X": 0.3622366786003113,
        "Y": 2.155683755874634,
        "Z": -0.006440391298383474
    }
}