{
    "0": {
        "X": 0.41753464937210083,
        "Y": 0.25460371375083923,
        "Z": -0.6616729497909546
    },
    "1": {
        "X": 0.43864068388938904,
        "Y": 0.21384425461292267,
        "Z": -0.6399573087692261
    },
    "2": {
        "X": 0.4529917240142822,
        "Y": 0.2131708413362503,
        "Z": -0.6399533748626709
    },
    "3": {
        "X": 0.4659670293331146,
        "Y": 0.21298223733901978,
        "Z": -0.6398510336875916
    },
    "4": {
        "X": 0.4048420488834381,
        "Y": 0.21657411754131317,
        "Z": -0.6237046122550964
    },
    "5": {
        "X": 0.3953160047531128,
        "Y": 0.21764697134494781,
        "Z": -0.6235203146934509
    },
    "6": {
        "X": 0.3852136731147766,
        "Y": 0.21925635635852814,
        "Z": -0.6239534020423889
    },
    "7": {
        "X": 0.49644947052001953,
        "Y": 0.23406772315502167,
        "Z": -0.4543398320674896
    },
    "8": {
        "X": 0.4011799693107605,
        "Y": 0.24200288951396942,
        "Z": -0.33445408940315247
    },
    "9": {
        "X": 0.4482990801334381,
        "Y": 0.3023165166378021,
        "Z": -0.5785350203514099
    },
    "10": {
        "X": 0.40320318937301636,
        "Y": 0.30449625849723816,
        "Z": -0.5520764589309692
    },
    "11": {
        "X": 0.6548478603363037,
        "Y": 0.522050678730011,
        "Z": -0.29376107454299927
    },
    "12": {
        "X": 0.3165616989135742,
        "Y": 0.5148708820343018,
        "Z": -0.22962966561317444
    },
    "13": {
        "X": 0.6829041838645935,
        "Y": 0.8408384919166565,
        "Z": -0.26856565475463867
    },
    "14": {
        "X": 0.26927822828292847,
        "Y": 0.8510181307792664,
        "Z": -0.14898021519184113
    },
    "15": {
        "X": 0.6513355374336243,
        "Y": 1.050315022468567,
        "Z": -0.5097760558128357
    },
    "16": {
        "X": 0.3093598484992981,
        "Y": 1.0401246547698975,
        "Z": -0.49238014221191406
    },
    "17": {
        "X": 0.6649913191795349,
        "Y": 1.16502046585083,
        "Z": -0.5929394364356995
    },
    "18": {
        "X": 0.30050399899482727,
        "Y": 1.132944941520691,
        "Z": -0.5825424194335938
    },
    "19": {
        "X": 0.6291634440422058,
        "Y": 1.144816517829895,
        "Z": -0.6409677267074585
    },
    "20": {
        "X": 0.3229532837867737,
        "Y": 1.11086905002594,
        "Z": -0.6410497426986694
    },
    "21": {
        "X": 0.6224030256271362,
        "Y": 1.1057900190353394,
        "Z": -0.5392770171165466
    },
    "22": {
        "X": 0.3334450125694275,
        "Y": 1.0762385129928589,
        "Z": -0.527509868144989
    },
    "23": {
        "X": 0.588130533695221,
        "Y": 1.14871084690094,
        "Z": -0.06225435808300972
    },
    "24": {
        "X": 0.36042702198028564,
        "Y": 1.127864956855774,
        "Z": 0.06540141254663467
    },
    "25": {
        "X": 0.551367998123169,
        "Y": 1.6261026859283447,
        "Z": -0.045318834483623505
    },
    "26": {
        "X": 0.3487231433391571,
        "Y": 1.6062238216400146,
        "Z": 0.06827802211046219
    },
    "27": {
        "X": 0.5417265892028809,
        "Y": 2.0563762187957764,
        "Z": 0.4239487648010254
    },
    "28": {
        "X": 0.3458710014820099,
        "Y": 2.036226272583008,
        "Z": 0.35664689540863037
    },
    "29": {
        "X": 0.5504294037818909,
        "Y": 2.124497175216675,
        "Z": 0.44866061210632324
    },
    "30": {
        "X": 0.3478854298591614,
        "Y": 2.1031088829040527,
        "Z": 0.3762856423854828
    },
    "31": {
        "X": 0.49056339263916016,
        "Y": 2.1909170150756836,
        "Z": 0.03855063021183014
    },
    "32": {
        "X": 0.35338306427001953,
        "Y": 2.1758201122283936,
        "Z": -0.04414321482181549
    }
}