{
    "0": {
        "X": 0.36342665553092957,
        "Y": 0.27122944593429565,
        "Z": -0.5046416521072388
    },
    "1": {
        "X": 0.3856968879699707,
        "Y": 0.22172702848911285,
        "Z": -0.5204092264175415
    },
    "2": {
        "X": 0.3972882628440857,
        "Y": 0.22079657018184662,
        "Z": -0.5202552080154419
    },
    "3": {
        "X": 0.4087938368320465,
        "Y": 0.22045572102069855,
        "Z": -0.5200995206832886
    },
    "4": {
        "X": 0.36794012784957886,
        "Y": 0.22414810955524445,
        "Z": -0.46891266107559204
    },
    "5": {
        "X": 0.3642699122428894,
        "Y": 0.22461923956871033,
        "Z": -0.4687407910823822
    },
    "6": {
        "X": 0.3610171377658844,
        "Y": 0.22529299557209015,
        "Z": -0.4691677987575531
    },
    "7": {
        "X": 0.46756672859191895,
        "Y": 0.24357441067695618,
        "Z": -0.45344480872154236
    },
    "8": {
        "X": 0.3965723216533661,
        "Y": 0.25035253167152405,
        "Z": -0.20056268572807312
    },
    "9": {
        "X": 0.389216810464859,
        "Y": 0.31642356514930725,
        "Z": -0.4734738767147064
    },
    "10": {
        "X": 0.365394651889801,
        "Y": 0.3190130889415741,
        "Z": -0.40097928047180176
    },
    "11": {
        "X": 0.6485198736190796,
        "Y": 0.5509097576141357,
        "Z": -0.3256428837776184
    },
    "12": {
        "X": 0.30899515748023987,
        "Y": 0.5492722988128662,
        "Z": -0.14288429915905
    },
    "13": {
        "X": 0.6781585216522217,
        "Y": 0.8887574076652527,
        "Z": -0.2845393717288971
    },
    "14": {
        "X": 0.2657518982887268,
        "Y": 0.8776099681854248,
        "Z": -0.07804429531097412
    },
    "15": {
        "X": 0.6632375121116638,
        "Y": 1.1298147439956665,
        "Z": -0.4276396334171295
    },
    "16": {
        "X": 0.3067131042480469,
        "Y": 1.0724436044692993,
        "Z": -0.42930158972740173
    },
    "17": {
        "X": 0.6730759739875793,
        "Y": 1.2155386209487915,
        "Z": -0.488666296005249
    },
    "18": {
        "X": 0.28836366534233093,
        "Y": 1.1719721555709839,
        "Z": -0.5025068521499634
    },
    "19": {
        "X": 0.639922022819519,
        "Y": 1.1962391138076782,
        "Z": -0.536563515663147
    },
    "20": {
        "X": 0.3142128586769104,
        "Y": 1.1482599973678589,
        "Z": -0.5585572719573975
    },
    "21": {
        "X": 0.630511462688446,
        "Y": 1.1584396362304688,
        "Z": -0.44842809438705444
    },
    "22": {
        "X": 0.32310229539871216,
        "Y": 1.1131151914596558,
        "Z": -0.4652259349822998
    },
    "23": {
        "X": 0.5849068760871887,
        "Y": 1.1874141693115234,
        "Z": -0.07248170673847198
    },
    "24": {
        "X": 0.3620070815086365,
        "Y": 1.1748833656311035,
        "Z": 0.07577306032180786
    },
    "25": {
        "X": 0.5529583096504211,
        "Y": 1.68461012840271,
        "Z": -0.08471114933490753
    },
    "26": {
        "X": 0.3468586802482605,
        "Y": 1.6675360202789307,
        "Z": 0.07856518775224686
    },
    "27": {
        "X": 0.5466814637184143,
        "Y": 2.143407106399536,
        "Z": 0.33107680082321167
    },
    "28": {
        "X": 0.3457476496696472,
        "Y": 2.1219165325164795,
        "Z": 0.3304200768470764
    },
    "29": {
        "X": 0.5574272274971008,
        "Y": 2.214319944381714,
        "Z": 0.3502400815486908
    },
    "30": {
        "X": 0.3472993075847626,
        "Y": 2.190412998199463,
        "Z": 0.3454470634460449
    },
    "31": {
        "X": 0.4922432005405426,
        "Y": 2.2810680866241455,
        "Z": -0.05265975743532181
    },
    "32": {
        "X": 0.3572840094566345,
        "Y": 2.26766037940979,
        "Z": -0.08876628428697586
    }
}