{
    "0": {
        "X": 0.4646143913269043,
        "Y": 0.24054159224033356,
        "Z": -0.7489761114120483
    },
    "1": {
        "X": 0.4864376187324524,
        "Y": 0.20263147354125977,
        "Z": -0.7105640172958374
    },
    "2": {
        "X": 0.5005239248275757,
        "Y": 0.20434261858463287,
        "Z": -0.7106560468673706
    },
    "3": {
        "X": 0.5119739174842834,
        "Y": 0.20668107271194458,
        "Z": -0.7105511426925659
    },
    "4": {
        "X": 0.44554510712623596,
        "Y": 0.20118017494678497,
        "Z": -0.7124895453453064
    },
    "5": {
        "X": 0.43236199021339417,
        "Y": 0.20205707848072052,
        "Z": -0.7124422192573547
    },
    "6": {
        "X": 0.4209669530391693,
        "Y": 0.20386038720607758,
        "Z": -0.712893009185791
    },
    "7": {
        "X": 0.5233010649681091,
        "Y": 0.23429445922374725,
        "Z": -0.4356914460659027
    },
    "8": {
        "X": 0.4065605700016022,
        "Y": 0.23547601699829102,
        "Z": -0.4270506501197815
    },
    "9": {
        "X": 0.4926063120365143,
        "Y": 0.2975117266178131,
        "Z": -0.6428552269935608
    },
    "10": {
        "X": 0.4395674169063568,
        "Y": 0.29518869519233704,
        "Z": -0.6412872076034546
    },
    "11": {
        "X": 0.6585747003555298,
        "Y": 0.5297258496284485,
        "Z": -0.25655657052993774
    },
    "12": {
        "X": 0.3158338665962219,
        "Y": 0.5265900492668152,
        "Z": -0.28937163949012756
    },
    "13": {
        "X": 0.6806951761245728,
        "Y": 0.8424345850944519,
        "Z": -0.20545005798339844
    },
    "14": {
        "X": 0.2694850265979767,
        "Y": 0.8670622706413269,
        "Z": -0.1803354173898697
    },
    "15": {
        "X": 0.648869514465332,
        "Y": 1.0507971048355103,
        "Z": -0.5073886513710022
    },
    "16": {
        "X": 0.30753225088119507,
        "Y": 1.0603928565979004,
        "Z": -0.49731525778770447
    },
    "17": {
        "X": 0.6638609170913696,
        "Y": 1.1645467281341553,
        "Z": -0.6098520755767822
    },
    "18": {
        "X": 0.3045525848865509,
        "Y": 1.1483625173568726,
        "Z": -0.5906369090080261
    },
    "19": {
        "X": 0.6361411213874817,
        "Y": 1.133560061454773,
        "Z": -0.6715028882026672
    },
    "20": {
        "X": 0.32693976163864136,
        "Y": 1.1263442039489746,
        "Z": -0.659453272819519
    },
    "21": {
        "X": 0.6286671757698059,
        "Y": 1.094496250152588,
        "Z": -0.547749936580658
    },
    "22": {
        "X": 0.3353486657142639,
        "Y": 1.0901495218276978,
        "Z": -0.5329151749610901
    },
    "23": {
        "X": 0.5901628136634827,
        "Y": 1.1453125476837158,
        "Z": -0.039058297872543335
    },
    "24": {
        "X": 0.3685571551322937,
        "Y": 1.1371310949325562,
        "Z": 0.041789643466472626
    },
    "25": {
        "X": 0.5671151280403137,
        "Y": 1.6186344623565674,
        "Z": -0.02805645763874054
    },
    "26": {
        "X": 0.3582253158092499,
        "Y": 1.6110280752182007,
        "Z": 0.03478891775012016
    },
    "27": {
        "X": 0.555410623550415,
        "Y": 2.0482802391052246,
        "Z": 0.45376333594322205
    },
    "28": {
        "X": 0.3583288788795471,
        "Y": 2.0384202003479004,
        "Z": 0.34210318326950073
    },
    "29": {
        "X": 0.5602916479110718,
        "Y": 2.1144206523895264,
        "Z": 0.47973236441612244
    },
    "30": {
        "X": 0.3580513298511505,
        "Y": 2.104543685913086,
        "Z": 0.3607422411441803
    },
    "31": {
        "X": 0.5191333293914795,
        "Y": 2.1849124431610107,
        "Z": 0.07707595080137253
    },
    "32": {
        "X": 0.38336312770843506,
        "Y": 2.174239158630371,
        "Z": -0.07337930798530579
    }
}