{
    "0": {
        "X": 0.42253604531288147,
        "Y": 0.2517624497413635,
        "Z": -0.5862854719161987
    },
    "1": {
        "X": 0.4453500211238861,
        "Y": 0.20947261154651642,
        "Z": -0.58491450548172
    },
    "2": {
        "X": 0.46104294061660767,
        "Y": 0.20954285562038422,
        "Z": -0.5848707556724548
    },
    "3": {
        "X": 0.4762752950191498,
        "Y": 0.21000517904758453,
        "Z": -0.5846575498580933
    },
    "4": {
        "X": 0.4123607575893402,
        "Y": 0.21183453500270844,
        "Z": -0.5607393383979797
    },
    "5": {
        "X": 0.4035162925720215,
        "Y": 0.21347929537296295,
        "Z": -0.5604921579360962
    },
    "6": {
        "X": 0.3942725360393524,
        "Y": 0.2158476561307907,
        "Z": -0.5609270334243774
    },
    "7": {
        "X": 0.5116487145423889,
        "Y": 0.23715025186538696,
        "Z": -0.3975158929824829
    },
    "8": {
        "X": 0.3965357840061188,
        "Y": 0.24348536133766174,
        "Z": -0.2757798135280609
    },
    "9": {
        "X": 0.45554670691490173,
        "Y": 0.3032517433166504,
        "Z": -0.527802586555481
    },
    "10": {
        "X": 0.4109918475151062,
        "Y": 0.3048552870750427,
        "Z": -0.4862922132015228
    },
    "11": {
        "X": 0.6549919843673706,
        "Y": 0.5362468957901001,
        "Z": -0.25742578506469727
    },
    "12": {
        "X": 0.3089384436607361,
        "Y": 0.5309956669807434,
        "Z": -0.2056277096271515
    },
    "13": {
        "X": 0.6759381890296936,
        "Y": 0.8634880185127258,
        "Z": -0.2445838451385498
    },
    "14": {
        "X": 0.26367372274398804,
        "Y": 0.8654403686523438,
        "Z": -0.09868360310792923
    },
    "15": {
        "X": 0.6514777541160583,
        "Y": 1.087205171585083,
        "Z": -0.48077458143234253
    },
    "16": {
        "X": 0.30608052015304565,
        "Y": 1.068207859992981,
        "Z": -0.40525269508361816
    },
    "17": {
        "X": 0.6532660722732544,
        "Y": 1.1821987628936768,
        "Z": -0.5615158677101135
    },
    "18": {
        "X": 0.2975592315196991,
        "Y": 1.1538281440734863,
        "Z": -0.48632320761680603
    },
    "19": {
        "X": 0.6164942979812622,
        "Y": 1.1559325456619263,
        "Z": -0.5974646210670471
    },
    "20": {
        "X": 0.3195763826370239,
        "Y": 1.127548336982727,
        "Z": -0.5411242246627808
    },
    "21": {
        "X": 0.6098442673683167,
        "Y": 1.1196961402893066,
        "Z": -0.5050165057182312
    },
    "22": {
        "X": 0.3293300271034241,
        "Y": 1.0952249765396118,
        "Z": -0.4390081465244293
    },
    "23": {
        "X": 0.5871618986129761,
        "Y": 1.1654369831085205,
        "Z": -0.048642270267009735
    },
    "24": {
        "X": 0.36084601283073425,
        "Y": 1.1556408405303955,
        "Z": 0.051751285791397095
    },
    "25": {
        "X": 0.5499418377876282,
        "Y": 1.6566110849380493,
        "Z": -0.0575089268386364
    },
    "26": {
        "X": 0.3472844958305359,
        "Y": 1.6427732706069946,
        "Z": 0.047636501491069794
    },
    "27": {
        "X": 0.5394009947776794,
        "Y": 2.0974395275115967,
        "Z": 0.3740277588367462
    },
    "28": {
        "X": 0.34314268827438354,
        "Y": 2.081522226333618,
        "Z": 0.32013624906539917
    },
    "29": {
        "X": 0.5464279651641846,
        "Y": 2.163815498352051,
        "Z": 0.3964323103427887
    },
    "30": {
        "X": 0.3433897793292999,
        "Y": 2.147097110748291,
        "Z": 0.3373570144176483
    },
    "31": {
        "X": 0.4949587881565094,
        "Y": 2.2357003688812256,
        "Z": 0.0004939850769005716
    },
    "32": {
        "X": 0.3595380485057831,
        "Y": 2.2230641841888428,
        "Z": -0.08941878378391266
    }
}