{
    "0": {
        "X": 0.37984296679496765,
        "Y": 0.2614063322544098,
        "Z": -0.5771170854568481
    },
    "1": {
        "X": 0.4065956473350525,
        "Y": 0.2147541642189026,
        "Z": -0.5913224816322327
    },
    "2": {
        "X": 0.41903823614120483,
        "Y": 0.2144162505865097,
        "Z": -0.5912232398986816
    },
    "3": {
        "X": 0.4339539110660553,
        "Y": 0.2142285406589508,
        "Z": -0.591039776802063
    },
    "4": {
        "X": 0.3828345239162445,
        "Y": 0.21737566590309143,
        "Z": -0.5383013486862183
    },
    "5": {
        "X": 0.3780727982521057,
        "Y": 0.21823005378246307,
        "Z": -0.5380422472953796
    },
    "6": {
        "X": 0.37328025698661804,
        "Y": 0.21970877051353455,
        "Z": -0.5384870767593384
    },
    "7": {
        "X": 0.489093542098999,
        "Y": 0.23845964670181274,
        "Z": -0.5159908533096313
    },
    "8": {
        "X": 0.39823687076568604,
        "Y": 0.2434087097644806,
        "Z": -0.2522318661212921
    },
    "9": {
        "X": 0.40755167603492737,
        "Y": 0.30478981137275696,
        "Z": -0.5398507714271545
    },
    "10": {
        "X": 0.3759802281856537,
        "Y": 0.30643463134765625,
        "Z": -0.46665316820144653
    },
    "11": {
        "X": 0.6433832049369812,
        "Y": 0.533461332321167,
        "Z": -0.3857937455177307
    },
    "12": {
        "X": 0.31077614426612854,
        "Y": 0.5278775691986084,
        "Z": -0.15869644284248352
    },
    "13": {
        "X": 0.6851649880409241,
        "Y": 0.8641101121902466,
        "Z": -0.37140876054763794
    },
    "14": {
        "X": 0.2608530819416046,
        "Y": 0.8593283295631409,
        "Z": -0.08560487627983093
    },
    "15": {
        "X": 0.6545454263687134,
        "Y": 1.1039501428604126,
        "Z": -0.5785175561904907
    },
    "16": {
        "X": 0.3106350600719452,
        "Y": 1.0628472566604614,
        "Z": -0.4912374019622803
    },
    "17": {
        "X": 0.6531034111976624,
        "Y": 1.1904985904693604,
        "Z": -0.6570555567741394
    },
    "18": {
        "X": 0.3010167181491852,
        "Y": 1.1559529304504395,
        "Z": -0.5724483728408813
    },
    "19": {
        "X": 0.6131977438926697,
        "Y": 1.1700917482376099,
        "Z": -0.702452540397644
    },
    "20": {
        "X": 0.32516390085220337,
        "Y": 1.1374942064285278,
        "Z": -0.6330105662345886
    },
    "21": {
        "X": 0.6095317602157593,
        "Y": 1.1294015645980835,
        "Z": -0.6039726138114929
    },
    "22": {
        "X": 0.33179938793182373,
        "Y": 1.100963830947876,
        "Z": -0.5301064252853394
    },
    "23": {
        "X": 0.5853031277656555,
        "Y": 1.1700434684753418,
        "Z": -0.0951705276966095
    },
    "24": {
        "X": 0.3598567545413971,
        "Y": 1.1529731750488281,
        "Z": 0.09883606433868408
    },
    "25": {
        "X": 0.5442355871200562,
        "Y": 1.6608549356460571,
        "Z": -0.08564542233943939
    },
    "26": {
        "X": 0.34296128153800964,
        "Y": 1.6494563817977905,
        "Z": 0.15238776803016663
    },
    "27": {
        "X": 0.5327498912811279,
        "Y": 2.106928825378418,
        "Z": 0.41618815064430237
    },
    "28": {
        "X": 0.33874133229255676,
        "Y": 2.0951359272003174,
        "Z": 0.5088670253753662
    },
    "29": {
        "X": 0.542991042137146,
        "Y": 2.1793019771575928,
        "Z": 0.4438859522342682
    },
    "30": {
        "X": 0.3401195704936981,
        "Y": 2.1636247634887695,
        "Z": 0.5325353741645813
    },
    "31": {
        "X": 0.47509193420410156,
        "Y": 2.2398643493652344,
        "Z": 0.0062458813190460205
    },
    "32": {
        "X": 0.3443719744682312,
        "Y": 2.2362184524536133,
        "Z": 0.07602275907993317
    }
}