{
    "0": {
        "X": 0.4502941071987152,
        "Y": 0.24957312643527985,
        "Z": -0.6775617003440857
    },
    "1": {
        "X": 0.47180384397506714,
        "Y": 0.21144889295101166,
        "Z": -0.6461942195892334
    },
    "2": {
        "X": 0.48591119050979614,
        "Y": 0.21249927580356598,
        "Z": -0.646216094493866
    },
    "3": {
        "X": 0.5002721548080444,
        "Y": 0.21381840109825134,
        "Z": -0.646112322807312
    },
    "4": {
        "X": 0.4332612156867981,
        "Y": 0.21291930973529816,
        "Z": -0.6390799880027771
    },
    "5": {
        "X": 0.42246413230895996,
        "Y": 0.2145165652036667,
        "Z": -0.6389310956001282
    },
    "6": {
        "X": 0.41309037804603577,
        "Y": 0.21628284454345703,
        "Z": -0.6393516063690186
    },
    "7": {
        "X": 0.5211045145988464,
        "Y": 0.23827897012233734,
        "Z": -0.39198341965675354
    },
    "8": {
        "X": 0.4026253819465637,
        "Y": 0.24149656295776367,
        "Z": -0.3537507653236389
    },
    "9": {
        "X": 0.48231393098831177,
        "Y": 0.3029850423336029,
        "Z": -0.5845569372177124
    },
    "10": {
        "X": 0.4281656742095947,
        "Y": 0.30362242460250854,
        "Z": -0.5706038475036621
    },
    "11": {
        "X": 0.6555030345916748,
        "Y": 0.5310755372047424,
        "Z": -0.2352178543806076
    },
    "12": {
        "X": 0.3139205574989319,
        "Y": 0.5280138254165649,
        "Z": -0.25426286458969116
    },
    "13": {
        "X": 0.6830230951309204,
        "Y": 0.8542597889900208,
        "Z": -0.22592692077159882
    },
    "14": {
        "X": 0.2674373984336853,
        "Y": 0.8680613040924072,
        "Z": -0.2145683467388153
    },
    "15": {
        "X": 0.6580125689506531,
        "Y": 1.0813214778900146,
        "Z": -0.540929913520813
    },
    "16": {
        "X": 0.30164140462875366,
        "Y": 1.06732177734375,
        "Z": -0.5923482179641724
    },
    "17": {
        "X": 0.6705924272537231,
        "Y": 1.1915045976638794,
        "Z": -0.6311649084091187
    },
    "18": {
        "X": 0.29261869192123413,
        "Y": 1.1506009101867676,
        "Z": -0.6889557838439941
    },
    "19": {
        "X": 0.6336761116981506,
        "Y": 1.1558533906936646,
        "Z": -0.6824964284896851
    },
    "20": {
        "X": 0.31932947039604187,
        "Y": 1.1284617185592651,
        "Z": -0.746281087398529
    },
    "21": {
        "X": 0.6252762079238892,
        "Y": 1.1171468496322632,
        "Z": -0.5726999640464783
    },
    "22": {
        "X": 0.3294021487236023,
        "Y": 1.0942035913467407,
        "Z": -0.6275442838668823
    },
    "23": {
        "X": 0.5885379910469055,
        "Y": 1.156141996383667,
        "Z": -0.035650670528411865
    },
    "24": {
        "X": 0.36401358246803284,
        "Y": 1.1502500772476196,
        "Z": 0.038691196590662
    },
    "25": {
        "X": 0.5577906966209412,
        "Y": 1.633139729499817,
        "Z": -0.02507896162569523
    },
    "26": {
        "X": 0.34921061992645264,
        "Y": 1.6270983219146729,
        "Z": 0.02929607406258583
    },
    "27": {
        "X": 0.5423214435577393,
        "Y": 2.065617799758911,
        "Z": 0.4147713780403137
    },
    "28": {
        "X": 0.3443168103694916,
        "Y": 2.054438829421997,
        "Z": 0.3103657066822052
    },
    "29": {
        "X": 0.5475034117698669,
        "Y": 2.133185386657715,
        "Z": 0.43670397996902466
    },
    "30": {
        "X": 0.34463414549827576,
        "Y": 2.120959758758545,
        "Z": 0.3258312940597534
    },
    "31": {
        "X": 0.4991796016693115,
        "Y": 2.2035117149353027,
        "Z": 0.036044761538505554
    },
    "32": {
        "X": 0.36563292145729065,
        "Y": 2.1924166679382324,
        "Z": -0.10729698091745377
    }
}