{
    "0": {
        "X": 0.4538644254207611,
        "Y": 0.2480679154396057,
        "Z": -0.9123719334602356
    },
    "1": {
        "X": 0.47359150648117065,
        "Y": 0.20767447352409363,
        "Z": -0.8730047941207886
    },
    "2": {
        "X": 0.48831892013549805,
        "Y": 0.20838607847690582,
        "Z": -0.8730864524841309
    },
    "3": {
        "X": 0.5021845102310181,
        "Y": 0.2096036821603775,
        "Z": -0.8729958534240723
    },
    "4": {
        "X": 0.43348512053489685,
        "Y": 0.2097601592540741,
        "Z": -0.8691380620002747
    },
    "5": {
        "X": 0.4213874936103821,
        "Y": 0.21176177263259888,
        "Z": -0.8692852854728699
    },
    "6": {
        "X": 0.41146451234817505,
        "Y": 0.21423476934432983,
        "Z": -0.8698588609695435
    },
    "7": {
        "X": 0.5201822519302368,
        "Y": 0.23767070472240448,
        "Z": -0.5702265501022339
    },
    "8": {
        "X": 0.39718785881996155,
        "Y": 0.24365240335464478,
        "Z": -0.5427998900413513
    },
    "9": {
        "X": 0.4851903021335602,
        "Y": 0.30339986085891724,
        "Z": -0.7969204783439636
    },
    "10": {
        "X": 0.43197640776634216,
        "Y": 0.3043002188205719,
        "Z": -0.7889124155044556
    },
    "11": {
        "X": 0.6548845767974854,
        "Y": 0.5409197211265564,
        "Z": -0.3494887948036194
    },
    "12": {
        "X": 0.3078729510307312,
        "Y": 0.5317026972770691,
        "Z": -0.36293718218803406
    },
    "13": {
        "X": 0.6713966131210327,
        "Y": 0.8701554536819458,
        "Z": -0.28440189361572266
    },
    "14": {
        "X": 0.25800010561943054,
        "Y": 0.8648087978363037,
        "Z": -0.2659578025341034
    },
    "15": {
        "X": 0.638375461101532,
        "Y": 1.1006346940994263,
        "Z": -0.5880225300788879
    },
    "16": {
        "X": 0.3045963644981384,
        "Y": 1.062489628791809,
        "Z": -0.6055007576942444
    },
    "17": {
        "X": 0.6330560445785522,
        "Y": 1.191347599029541,
        "Z": -0.6709854006767273
    },
    "18": {
        "X": 0.3011271357536316,
        "Y": 1.1524549722671509,
        "Z": -0.6999714970588684
    },
    "19": {
        "X": 0.6057974100112915,
        "Y": 1.165079116821289,
        "Z": -0.728810727596283
    },
    "20": {
        "X": 0.3191838264465332,
        "Y": 1.1252080202102661,
        "Z": -0.7614976763725281
    },
    "21": {
        "X": 0.6012395620346069,
        "Y": 1.1245015859603882,
        "Z": -0.6204588413238525
    },
    "22": {
        "X": 0.32617872953414917,
        "Y": 1.0905686616897583,
        "Z": -0.6390728950500488
    },
    "23": {
        "X": 0.5874312520027161,
        "Y": 1.1616877317428589,
        "Z": -0.043181803077459335
    },
    "24": {
        "X": 0.3641926050186157,
        "Y": 1.153829574584961,
        "Z": 0.04533635452389717
    },
    "25": {
        "X": 0.5551033020019531,
        "Y": 1.6383576393127441,
        "Z": -0.03711676970124245
    },
    "26": {
        "X": 0.3436722755432129,
        "Y": 1.6327593326568604,
        "Z": 0.052181702107191086
    },
    "27": {
        "X": 0.5420607328414917,
        "Y": 2.0742411613464355,
        "Z": 0.45075470209121704
    },
    "28": {
        "X": 0.33953696489334106,
        "Y": 2.071537971496582,
        "Z": 0.37899285554885864
    },
    "29": {
        "X": 0.5477173328399658,
        "Y": 2.1399383544921875,
        "Z": 0.4758331775665283
    },
    "30": {
        "X": 0.3393384516239166,
        "Y": 2.137572765350342,
        "Z": 0.39867788553237915
    },
    "31": {
        "X": 0.5052546858787537,
        "Y": 2.213308572769165,
        "Z": 0.05774072930216789
    },
    "32": {
        "X": 0.3578038513660431,
        "Y": 2.208998203277588,
        "Z": -0.06636388599872589
    }
}