{
    "0": {
        "X": 0.3906938433647156,
        "Y": 0.2559834420681,
        "Z": -0.5411234498023987
    },
    "1": {
        "X": 0.41256633400917053,
        "Y": 0.21262547373771667,
        "Z": -0.5510865449905396
    },
    "2": {
        "X": 0.4255639612674713,
        "Y": 0.21175022423267365,
        "Z": -0.550998330116272
    },
    "3": {
        "X": 0.44125041365623474,
        "Y": 0.21128112077713013,
        "Z": -0.5508973002433777
    },
    "4": {
        "X": 0.3844384551048279,
        "Y": 0.21535097062587738,
        "Z": -0.5112660527229309
    },
    "5": {
        "X": 0.3770083785057068,
        "Y": 0.2164868861436844,
        "Z": -0.5110714435577393
    },
    "6": {
        "X": 0.3705124258995056,
        "Y": 0.2181490808725357,
        "Z": -0.5115271806716919
    },
    "7": {
        "X": 0.4896114468574524,
        "Y": 0.2365606427192688,
        "Z": -0.4806148409843445
    },
    "8": {
        "X": 0.3966028094291687,
        "Y": 0.2465502768754959,
        "Z": -0.2540324926376343
    },
    "9": {
        "X": 0.41963738203048706,
        "Y": 0.3023418188095093,
        "Z": -0.4972198009490967
    },
    "10": {
        "X": 0.38383999466896057,
        "Y": 0.3048589825630188,
        "Z": -0.43925905227661133
    },
    "11": {
        "X": 0.6548298597335815,
        "Y": 0.5304532051086426,
        "Z": -0.3197368085384369
    },
    "12": {
        "X": 0.31433016061782837,
        "Y": 0.5321575999259949,
        "Z": -0.17441987991333008
    },
    "13": {
        "X": 0.6756041049957275,
        "Y": 0.8529834151268005,
        "Z": -0.2772179841995239
    },
    "14": {
        "X": 0.2697715759277344,
        "Y": 0.8679463863372803,
        "Z": -0.006248168181627989
    },
    "15": {
        "X": 0.6450835466384888,
        "Y": 1.073011040687561,
        "Z": -0.431234210729599
    },
    "16": {
        "X": 0.30947843194007874,
        "Y": 1.0676056146621704,
        "Z": -0.2398015707731247
    },
    "17": {
        "X": 0.646480143070221,
        "Y": 1.1666010618209839,
        "Z": -0.4911574721336365
    },
    "18": {
        "X": 0.30243930220603943,
        "Y": 1.1585699319839478,
        "Z": -0.3063109517097473
    },
    "19": {
        "X": 0.6117082834243774,
        "Y": 1.1485698223114014,
        "Z": -0.524793267250061
    },
    "20": {
        "X": 0.3207356333732605,
        "Y": 1.1340601444244385,
        "Z": -0.3559730350971222
    },
    "21": {
        "X": 0.6057267785072327,
        "Y": 1.110375165939331,
        "Z": -0.451749712228775
    },
    "22": {
        "X": 0.33056971430778503,
        "Y": 1.0990723371505737,
        "Z": -0.2687489688396454
    },
    "23": {
        "X": 0.5914601683616638,
        "Y": 1.1638156175613403,
        "Z": -0.07365252077579498
    },
    "24": {
        "X": 0.3633856177330017,
        "Y": 1.1462326049804688,
        "Z": 0.07674778997898102
    },
    "25": {
        "X": 0.5534645915031433,
        "Y": 1.6493886709213257,
        "Z": -0.047792647033929825
    },
    "26": {
        "X": 0.3516696095466614,
        "Y": 1.6281229257583618,
        "Z": 0.07897720485925674
    },
    "27": {
        "X": 0.5459365844726562,
        "Y": 2.086151361465454,
        "Z": 0.41868168115615845
    },
    "28": {
        "X": 0.35070696473121643,
        "Y": 2.063094139099121,
        "Z": 0.3866007924079895
    },
    "29": {
        "X": 0.555971622467041,
        "Y": 2.155349016189575,
        "Z": 0.4435151517391205
    },
    "30": {
        "X": 0.3527202010154724,
        "Y": 2.128826856613159,
        "Z": 0.4089735150337219
    },
    "31": {
        "X": 0.49205103516578674,
        "Y": 2.220795154571533,
        "Z": 0.04363911598920822
    },
    "32": {
        "X": 0.3592337965965271,
        "Y": 2.2073662281036377,
        "Z": -0.01406677532941103
    }
}