{
    "0": {
        "X": 0.4637807011604309,
        "Y": 0.24429845809936523,
        "Z": -0.8283220529556274
    },
    "1": {
        "X": 0.4871426224708557,
        "Y": 0.2066202163696289,
        "Z": -0.7871646881103516
    },
    "2": {
        "X": 0.5015310049057007,
        "Y": 0.20861724019050598,
        "Z": -0.7872149348258972
    },
    "3": {
        "X": 0.5139950513839722,
        "Y": 0.21156515181064606,
        "Z": -0.7870877981185913
    },
    "4": {
        "X": 0.44381070137023926,
        "Y": 0.20401838421821594,
        "Z": -0.7884364724159241
    },
    "5": {
        "X": 0.4299003481864929,
        "Y": 0.20448163151741028,
        "Z": -0.7883415818214417
    },
    "6": {
        "X": 0.41806936264038086,
        "Y": 0.2059435248374939,
        "Z": -0.7887639999389648
    },
    "7": {
        "X": 0.5315265655517578,
        "Y": 0.24141043424606323,
        "Z": -0.5056686997413635
    },
    "8": {
        "X": 0.4047781825065613,
        "Y": 0.23764222860336304,
        "Z": -0.4988367557525635
    },
    "9": {
        "X": 0.4948258399963379,
        "Y": 0.30444398522377014,
        "Z": -0.7224059104919434
    },
    "10": {
        "X": 0.438401460647583,
        "Y": 0.30378296971321106,
        "Z": -0.7204946279525757
    },
    "11": {
        "X": 0.6546107530593872,
        "Y": 0.5410385131835938,
        "Z": -0.3418269157409668
    },
    "12": {
        "X": 0.3143922686576843,
        "Y": 0.5328372716903687,
        "Z": -0.3619467616081238
    },
    "13": {
        "X": 0.6744481921195984,
        "Y": 0.8774692416191101,
        "Z": -0.29456573724746704
    },
    "14": {
        "X": 0.2651973366737366,
        "Y": 0.8723199367523193,
        "Z": -0.2514403760433197
    },
    "15": {
        "X": 0.6621912717819214,
        "Y": 1.13856840133667,
        "Z": -0.581904411315918
    },
    "16": {
        "X": 0.29814404249191284,
        "Y": 1.081537127494812,
        "Z": -0.5457459688186646
    },
    "17": {
        "X": 0.6719117760658264,
        "Y": 1.2455748319625854,
        "Z": -0.6692441701889038
    },
    "18": {
        "X": 0.29202988743782043,
        "Y": 1.171660304069519,
        "Z": -0.6328529119491577
    },
    "19": {
        "X": 0.6351779103279114,
        "Y": 1.2211878299713135,
        "Z": -0.7333790063858032
    },
    "20": {
        "X": 0.3146851658821106,
        "Y": 1.1544145345687866,
        "Z": -0.7057102918624878
    },
    "21": {
        "X": 0.6248779296875,
        "Y": 1.1783180236816406,
        "Z": -0.6190943121910095
    },
    "22": {
        "X": 0.32461240887641907,
        "Y": 1.1186442375183105,
        "Z": -0.5842005610466003
    },
    "23": {
        "X": 0.5912944078445435,
        "Y": 1.1572985649108887,
        "Z": -0.049058713018894196
    },
    "24": {
        "X": 0.3715299963951111,
        "Y": 1.1534748077392578,
        "Z": 0.05163215845823288
    },
    "25": {
        "X": 0.566953718662262,
        "Y": 1.632961630821228,
        "Z": -0.040065743029117584
    },
    "26": {
        "X": 0.357936292886734,
        "Y": 1.63045334815979,
        "Z": 0.05876193195581436
    },
    "27": {
        "X": 0.5479766130447388,
        "Y": 2.063589572906494,
        "Z": 0.4484606385231018
    },
    "28": {
        "X": 0.35465696454048157,
        "Y": 2.0567493438720703,
        "Z": 0.38760533928871155
    },
    "29": {
        "X": 0.5510529279708862,
        "Y": 2.1309733390808105,
        "Z": 0.47381287813186646
    },
    "30": {
        "X": 0.3555152714252472,
        "Y": 2.12381911277771,
        "Z": 0.40710529685020447
    },
    "31": {
        "X": 0.5110648274421692,
        "Y": 2.203660488128662,
        "Z": 0.058016128838062286
    },
    "32": {
        "X": 0.3734658360481262,
        "Y": 2.195218801498413,
        "Z": -0.04626726731657982
    }
}