{
    "0": {
        "X": 0.44120293855667114,
        "Y": 0.25533679127693176,
        "Z": -0.6437531113624573
    },
    "1": {
        "X": 0.46537917852401733,
        "Y": 0.21028749644756317,
        "Z": -0.6022332906723022
    },
    "2": {
        "X": 0.4823590815067291,
        "Y": 0.21042445302009583,
        "Z": -0.6021914482116699
    },
    "3": {
        "X": 0.4975646436214447,
        "Y": 0.21100649237632751,
        "Z": -0.6020264625549316
    },
    "4": {
        "X": 0.4179585874080658,
        "Y": 0.21290092170238495,
        "Z": -0.5976942181587219
    },
    "5": {
        "X": 0.406982958316803,
        "Y": 0.2140946239233017,
        "Z": -0.5974808931350708
    },
    "6": {
        "X": 0.397303968667984,
        "Y": 0.21595554053783417,
        "Z": -0.5978149175643921
    },
    "7": {
        "X": 0.5145972967147827,
        "Y": 0.23572321236133575,
        "Z": -0.34618014097213745
    },
    "8": {
        "X": 0.39312121272087097,
        "Y": 0.24429777264595032,
        "Z": -0.29836010932922363
    },
    "9": {
        "X": 0.4760194718837738,
        "Y": 0.3053893446922302,
        "Z": -0.5472081303596497
    },
    "10": {
        "X": 0.4173247218132019,
        "Y": 0.30702611804008484,
        "Z": -0.5352059006690979
    },
    "11": {
        "X": 0.6439121961593628,
        "Y": 0.5437639951705933,
        "Z": -0.19584791362285614
    },
    "12": {
        "X": 0.3053606152534485,
        "Y": 0.548916757106781,
        "Z": -0.22083358466625214
    },
    "13": {
        "X": 0.6836501359939575,
        "Y": 0.8837980031967163,
        "Z": -0.20734766125679016
    },
    "14": {
        "X": 0.2643863558769226,
        "Y": 0.8823779821395874,
        "Z": -0.2866515815258026
    },
    "15": {
        "X": 0.690237820148468,
        "Y": 1.1167466640472412,
        "Z": -0.5471320748329163
    },
    "16": {
        "X": 0.29406359791755676,
        "Y": 1.0811419486999512,
        "Z": -0.8330520391464233
    },
    "17": {
        "X": 0.6958696842193604,
        "Y": 1.2367340326309204,
        "Z": -0.6514450907707214
    },
    "18": {
        "X": 0.2855948805809021,
        "Y": 1.165220022201538,
        "Z": -0.9480055570602417
    },
    "19": {
        "X": 0.6657137274742126,
        "Y": 1.18710458278656,
        "Z": -0.7101109027862549
    },
    "20": {
        "X": 0.31290143728256226,
        "Y": 1.1409400701522827,
        "Z": -1.0095845460891724
    },
    "21": {
        "X": 0.6548691391944885,
        "Y": 1.1485939025878906,
        "Z": -0.5874160528182983
    },
    "22": {
        "X": 0.32225748896598816,
        "Y": 1.1059998273849487,
        "Z": -0.8739317059516907
    },
    "23": {
        "X": 0.5924836993217468,
        "Y": 1.187635064125061,
        "Z": -0.042789582163095474
    },
    "24": {
        "X": 0.3664039969444275,
        "Y": 1.183991551399231,
        "Z": 0.046261731535196304
    },
    "25": {
        "X": 0.5656672716140747,
        "Y": 1.6825058460235596,
        "Z": -0.012866194359958172
    },
    "26": {
        "X": 0.35477322340011597,
        "Y": 1.6853121519088745,
        "Z": 0.09341824799776077
    },
    "27": {
        "X": 0.553968071937561,
        "Y": 2.1295883655548096,
        "Z": 0.44396156072616577
    },
    "28": {
        "X": 0.35502946376800537,
        "Y": 2.127408027648926,
        "Z": 0.37725886702537537
    },
    "29": {
        "X": 0.561401903629303,
        "Y": 2.1998040676116943,
        "Z": 0.46744903922080994
    },
    "30": {
        "X": 0.35367414355278015,
        "Y": 2.196608304977417,
        "Z": 0.3940175473690033
    },
    "31": {
        "X": 0.5101333856582642,
        "Y": 2.2745048999786377,
        "Z": 0.0682113915681839
    },
    "32": {
        "X": 0.3814898133277893,
        "Y": 2.2731711864471436,
        "Z": -0.04374535009264946
    }
}