{
    "0": {
        "X": 0.3959692120552063,
        "Y": 0.24950344860553741,
        "Z": -0.5097135305404663
    },
    "1": {
        "X": 0.4179926812648773,
        "Y": 0.20928098261356354,
        "Z": -0.5244121551513672
    },
    "2": {
        "X": 0.43025532364845276,
        "Y": 0.20945008099079132,
        "Z": -0.5242375135421753
    },
    "3": {
        "X": 0.44444137811660767,
        "Y": 0.209592804312706,
        "Z": -0.5240676999092102
    },
    "4": {
        "X": 0.3933104872703552,
        "Y": 0.21041561663150787,
        "Z": -0.4782155454158783
    },
    "5": {
        "X": 0.38732120394706726,
        "Y": 0.21146221458911896,
        "Z": -0.4779464304447174
    },
    "6": {
        "X": 0.38134172558784485,
        "Y": 0.21282435953617096,
        "Z": -0.47830310463905334
    },
    "7": {
        "X": 0.5024387240409851,
        "Y": 0.23662832379341125,
        "Z": -0.4539407193660736
    },
    "8": {
        "X": 0.4021386504173279,
        "Y": 0.24122513830661774,
        "Z": -0.22777926921844482
    },
    "9": {
        "X": 0.42275962233543396,
        "Y": 0.3012479543685913,
        "Z": -0.47795504331588745
    },
    "10": {
        "X": 0.39190536737442017,
        "Y": 0.3022128939628601,
        "Z": -0.4118364751338959
    },
    "11": {
        "X": 0.656208872795105,
        "Y": 0.5378362536430359,
        "Z": -0.32667481899261475
    },
    "12": {
        "X": 0.31113359332084656,
        "Y": 0.5318557620048523,
        "Z": -0.16745442152023315
    },
    "13": {
        "X": 0.6771645545959473,
        "Y": 0.8709778189659119,
        "Z": -0.2876177430152893
    },
    "14": {
        "X": 0.2671002745628357,
        "Y": 0.8705644011497498,
        "Z": -0.02688402310013771
    },
    "15": {
        "X": 0.6494127511978149,
        "Y": 1.119091272354126,
        "Z": -0.418179452419281
    },
    "16": {
        "X": 0.30386051535606384,
        "Y": 1.078067660331726,
        "Z": -0.28468626737594604
    },
    "17": {
        "X": 0.6500898003578186,
        "Y": 1.2200353145599365,
        "Z": -0.4846765398979187
    },
    "18": {
        "X": 0.2967289686203003,
        "Y": 1.1606160402297974,
        "Z": -0.3495261073112488
    },
    "19": {
        "X": 0.6117913126945496,
        "Y": 1.1857223510742188,
        "Z": -0.5183027386665344
    },
    "20": {
        "X": 0.3181239068508148,
        "Y": 1.1364331245422363,
        "Z": -0.40771451592445374
    },
    "21": {
        "X": 0.605736255645752,
        "Y": 1.1462892293930054,
        "Z": -0.4381846487522125
    },
    "22": {
        "X": 0.32806235551834106,
        "Y": 1.1024086475372314,
        "Z": -0.3193732798099518
    },
    "23": {
        "X": 0.5901200771331787,
        "Y": 1.168577790260315,
        "Z": -0.06653176993131638
    },
    "24": {
        "X": 0.3644404113292694,
        "Y": 1.1561279296875,
        "Z": 0.06976595520973206
    },
    "25": {
        "X": 0.5529909133911133,
        "Y": 1.6535369157791138,
        "Z": -0.08869175612926483
    },
    "26": {
        "X": 0.3487824499607086,
        "Y": 1.6398869752883911,
        "Z": 0.060754261910915375
    },
    "27": {
        "X": 0.5408930778503418,
        "Y": 2.094326972961426,
        "Z": 0.341952383518219
    },
    "28": {
        "X": 0.34514304995536804,
        "Y": 2.0752265453338623,
        "Z": 0.3221166729927063
    },
    "29": {
        "X": 0.5477317571640015,
        "Y": 2.1623165607452393,
        "Z": 0.3618071675300598
    },
    "30": {
        "X": 0.34611475467681885,
        "Y": 2.14117693901062,
        "Z": 0.3376656472682953
    },
    "31": {
        "X": 0.491344153881073,
        "Y": 2.229252815246582,
        "Z": -0.04154108837246895
    },
    "32": {
        "X": 0.36005669832229614,
        "Y": 2.2164242267608643,
        "Z": -0.0809212476015091
    }
}