{
    "0": {
        "X": 0.4878489375114441,
        "Y": 0.31807854771614075,
        "Z": -0.6863836050033569
    },
    "1": {
        "X": 0.5075855255126953,
        "Y": 0.27821317315101624,
        "Z": -0.6522270441055298
    },
    "2": {
        "X": 0.5218682289123535,
        "Y": 0.27739107608795166,
        "Z": -0.6524819135665894
    },
    "3": {
        "X": 0.5350607633590698,
        "Y": 0.2770148515701294,
        "Z": -0.6525238752365112
    },
    "4": {
        "X": 0.46713027358055115,
        "Y": 0.28278446197509766,
        "Z": -0.6607720851898193
    },
    "5": {
        "X": 0.4567302167415619,
        "Y": 0.2852642238140106,
        "Z": -0.6606728434562683
    },
    "6": {
        "X": 0.4469767212867737,
        "Y": 0.28762832283973694,
        "Z": -0.6612167358398438
    },
    "7": {
        "X": 0.5540879368782043,
        "Y": 0.3009944558143616,
        "Z": -0.3675357699394226
    },
    "8": {
        "X": 0.4353683888912201,
        "Y": 0.31420132517814636,
        "Z": -0.3908053934574127
    },
    "9": {
        "X": 0.5191072821617126,
        "Y": 0.3619852066040039,
        "Z": -0.5724086761474609
    },
    "10": {
        "X": 0.4657047390937805,
        "Y": 0.36523905396461487,
        "Z": -0.57955402135849
    },
    "11": {
        "X": 0.6497846841812134,
        "Y": 0.5348824858665466,
        "Z": -0.1073099821805954
    },
    "12": {
        "X": 0.3683452904224396,
        "Y": 0.5267948508262634,
        "Z": -0.24430355429649353
    },
    "13": {
        "X": 0.6698735952377319,
        "Y": 0.8258341550827026,
        "Z": -0.0014904581476002932
    },
    "14": {
        "X": 0.33699551224708557,
        "Y": 0.8047125339508057,
        "Z": -0.12358593940734863
    },
    "15": {
        "X": 0.6398916244506836,
        "Y": 1.0174566507339478,
        "Z": -0.2704208791255951
    },
    "16": {
        "X": 0.34057873487472534,
        "Y": 0.9967266917228699,
        "Z": -0.397543340921402
    },
    "17": {
        "X": 0.637040913105011,
        "Y": 1.0796868801116943,
        "Z": -0.34092944860458374
    },
    "18": {
        "X": 0.33697423338890076,
        "Y": 1.0788791179656982,
        "Z": -0.4776621460914612
    },
    "19": {
        "X": 0.6207190752029419,
        "Y": 1.0714348554611206,
        "Z": -0.40140247344970703
    },
    "20": {
        "X": 0.3477713167667389,
        "Y": 1.0501153469085693,
        "Z": -0.5320881009101868
    },
    "21": {
        "X": 0.6153392195701599,
        "Y": 1.039656400680542,
        "Z": -0.3036494553089142
    },
    "22": {
        "X": 0.355970174074173,
        "Y": 1.0177874565124512,
        "Z": -0.4374381899833679
    },
    "23": {
        "X": 0.5725663900375366,
        "Y": 1.0118606090545654,
        "Z": 0.028252948075532913
    },
    "24": {
        "X": 0.4015890061855316,
        "Y": 1.0141005516052246,
        "Z": -0.025887617841362953
    },
    "25": {
        "X": 0.5643888115882874,
        "Y": 1.460608959197998,
        "Z": 0.05730798840522766
    },
    "26": {
        "X": 0.3841140866279602,
        "Y": 1.449285626411438,
        "Z": -0.028025278821587563
    },
    "27": {
        "X": 0.545642077922821,
        "Y": 1.8255120515823364,
        "Z": 0.4533001780509949
    },
    "28": {
        "X": 0.3684266209602356,
        "Y": 1.8332269191741943,
        "Z": 0.2662345767021179
    },
    "29": {
        "X": 0.5480970144271851,
        "Y": 1.876230001449585,
        "Z": 0.47176051139831543
    },
    "30": {
        "X": 0.364554226398468,
        "Y": 1.8925670385360718,
        "Z": 0.27869102358818054
    },
    "31": {
        "X": 0.5114077925682068,
        "Y": 1.949110746383667,
        "Z": 0.10323069244623184
    },
    "32": {
        "X": 0.38155683875083923,
        "Y": 1.9447470903396606,
        "Z": -0.13447785377502441
    }
}