{
    "0": {
        "X": 0.4414013922214508,
        "Y": 0.31560999155044556,
        "Z": -0.768494725227356
    },
    "1": {
        "X": 0.46157050132751465,
        "Y": 0.2760561406612396,
        "Z": -0.7421072721481323
    },
    "2": {
        "X": 0.47540172934532166,
        "Y": 0.27568891644477844,
        "Z": -0.7424888610839844
    },
    "3": {
        "X": 0.4906643331050873,
        "Y": 0.275741845369339,
        "Z": -0.7425805330276489
    },
    "4": {
        "X": 0.4320440888404846,
        "Y": 0.2800019085407257,
        "Z": -0.7129929065704346
    },
    "5": {
        "X": 0.4223543107509613,
        "Y": 0.28244397044181824,
        "Z": -0.7129658460617065
    },
    "6": {
        "X": 0.4133201241493225,
        "Y": 0.2851603925228119,
        "Z": -0.7133798003196716
    },
    "7": {
        "X": 0.528768002986908,
        "Y": 0.3041563332080841,
        "Z": -0.4790613055229187
    },
    "8": {
        "X": 0.4171470105648041,
        "Y": 0.30988720059394836,
        "Z": -0.34252941608428955
    },
    "9": {
        "X": 0.4675333499908447,
        "Y": 0.36179155111312866,
        "Z": -0.6662381291389465
    },
    "10": {
        "X": 0.4273430407047272,
        "Y": 0.36506855487823486,
        "Z": -0.6280115842819214
    },
    "11": {
        "X": 0.6267094612121582,
        "Y": 0.5353249311447144,
        "Z": -0.301811546087265
    },
    "12": {
        "X": 0.356155127286911,
        "Y": 0.5323749780654907,
        "Z": -0.0870601236820221
    },
    "13": {
        "X": 0.6480096578598022,
        "Y": 0.8357425332069397,
        "Z": -0.27762550115585327
    },
    "14": {
        "X": 0.25543147325515747,
        "Y": 0.6953627467155457,
        "Z": -0.0802479237318039
    },
    "15": {
        "X": 0.646365761756897,
        "Y": 1.0534991025924683,
        "Z": -0.5000914335250854
    },
    "16": {
        "X": 0.2122374325990677,
        "Y": 0.747609555721283,
        "Z": -0.5832805633544922
    },
    "17": {
        "X": 0.6462855339050293,
        "Y": 1.1293927431106567,
        "Z": -0.5654529333114624
    },
    "18": {
        "X": 0.20216338336467743,
        "Y": 0.784715473651886,
        "Z": -0.6729762554168701
    },
    "19": {
        "X": 0.6294964551925659,
        "Y": 1.1079649925231934,
        "Z": -0.6268764734268188
    },
    "20": {
        "X": 0.20779621601104736,
        "Y": 0.7523632049560547,
        "Z": -0.7207825183868408
    },
    "21": {
        "X": 0.6216492056846619,
        "Y": 1.0767477750778198,
        "Z": -0.5291250944137573
    },
    "22": {
        "X": 0.22011888027191162,
        "Y": 0.7448636293411255,
        "Z": -0.6202551126480103
    },
    "23": {
        "X": 0.5603877305984497,
        "Y": 1.0673980712890625,
        "Z": -0.056156981736421585
    },
    "24": {
        "X": 0.37810441851615906,
        "Y": 1.072344422340393,
        "Z": 0.05831131339073181
    },
    "25": {
        "X": 0.5655862092971802,
        "Y": 1.4928621053695679,
        "Z": -0.03859641030430794
    },
    "26": {
        "X": 0.3947064280509949,
        "Y": 1.4791507720947266,
        "Z": -0.005815687123686075
    },
    "27": {
        "X": 0.5733687877655029,
        "Y": 1.8703179359436035,
        "Z": 0.39876633882522583
    },
    "28": {
        "X": 0.3990306556224823,
        "Y": 1.8747961521148682,
        "Z": 0.3078044056892395
    },
    "29": {
        "X": 0.5802758932113647,
        "Y": 1.9264953136444092,
        "Z": 0.42051252722740173
    },
    "30": {
        "X": 0.399623304605484,
        "Y": 1.9351695775985718,
        "Z": 0.32327625155448914
    },
    "31": {
        "X": 0.5411178469657898,
        "Y": 1.9870425462722778,
        "Z": -0.012869177386164665
    },
    "32": {
        "X": 0.4113284647464752,
        "Y": 1.98405921459198,
        "Z": -0.12682929635047913
    }
}