{
    "0": {
        "X": 0.49924224615097046,
        "Y": 0.31993404030799866,
        "Z": -0.5186790227890015
    },
    "1": {
        "X": 0.5196674466133118,
        "Y": 0.2806455194950104,
        "Z": -0.4880492687225342
    },
    "2": {
        "X": 0.5320663452148438,
        "Y": 0.2807390093803406,
        "Z": -0.4880479872226715
    },
    "3": {
        "X": 0.5415652990341187,
        "Y": 0.28096097707748413,
        "Z": -0.48794031143188477
    },
    "4": {
        "X": 0.48042353987693787,
        "Y": 0.28205734491348267,
        "Z": -0.49569255113601685
    },
    "5": {
        "X": 0.4678118824958801,
        "Y": 0.2829751968383789,
        "Z": -0.495415598154068
    },
    "6": {
        "X": 0.4568433165550232,
        "Y": 0.2844604253768921,
        "Z": -0.49570542573928833
    },
    "7": {
        "X": 0.5612700581550598,
        "Y": 0.3042694926261902,
        "Z": -0.26314491033554077
    },
    "8": {
        "X": 0.44356995820999146,
        "Y": 0.308273047208786,
        "Z": -0.28654277324676514
    },
    "9": {
        "X": 0.5251553654670715,
        "Y": 0.36354169249534607,
        "Z": -0.4333617091178894
    },
    "10": {
        "X": 0.47529157996177673,
        "Y": 0.3646933138370514,
        "Z": -0.43967461585998535
    },
    "11": {
        "X": 0.6471009254455566,
        "Y": 0.5274009704589844,
        "Z": -0.06722550094127655
    },
    "12": {
        "X": 0.3714201748371124,
        "Y": 0.5274864435195923,
        "Z": -0.2223050892353058
    },
    "13": {
        "X": 0.6415858268737793,
        "Y": 0.7956446409225464,
        "Z": 0.134067565202713
    },
    "14": {
        "X": 0.35032203793525696,
        "Y": 0.8352205753326416,
        "Z": -0.15142345428466797
    },
    "15": {
        "X": 0.65852952003479,
        "Y": 0.9109660387039185,
        "Z": 0.07776367664337158
    },
    "16": {
        "X": 0.35886281728744507,
        "Y": 1.0709736347198486,
        "Z": -0.32195183634757996
    },
    "17": {
        "X": 0.6737610101699829,
        "Y": 0.9629295468330383,
        "Z": 0.052696652710437775
    },
    "18": {
        "X": 0.3669799864292145,
        "Y": 1.1675989627838135,
        "Z": -0.3749525845050812
    },
    "19": {
        "X": 0.6692929267883301,
        "Y": 0.9421187043190002,
        "Z": 0.003207859117537737
    },
    "20": {
        "X": 0.3836968243122101,
        "Y": 1.1532193422317505,
        "Z": -0.43156760931015015
    },
    "21": {
        "X": 0.6564667224884033,
        "Y": 0.9215559363365173,
        "Z": 0.05065309256315231
    },
    "22": {
        "X": 0.3811589479446411,
        "Y": 1.1161507368087769,
        "Z": -0.3521813750267029
    },
    "23": {
        "X": 0.5718703866004944,
        "Y": 1.0014240741729736,
        "Z": 0.030815279111266136
    },
    "24": {
        "X": 0.3941018581390381,
        "Y": 1.0655252933502197,
        "Z": -0.028300130739808083
    },
    "25": {
        "X": 0.5726448893547058,
        "Y": 1.4886510372161865,
        "Z": 0.0364217609167099
    },
    "26": {
        "X": 0.40702933073043823,
        "Y": 1.499298095703125,
        "Z": -0.04614339768886566
    },
    "27": {
        "X": 0.5731748342514038,
        "Y": 1.878562569618225,
        "Z": 0.3645824193954468
    },
    "28": {
        "X": 0.41372841596603394,
        "Y": 1.8879280090332031,
        "Z": 0.1613895446062088
    },
    "29": {
        "X": 0.570307195186615,
        "Y": 1.9363850355148315,
        "Z": 0.3750606179237366
    },
    "30": {
        "X": 0.40249061584472656,
        "Y": 1.9487338066101074,
        "Z": 0.16924479603767395
    },
    "31": {
        "X": 0.5712037682533264,
        "Y": 1.9987738132476807,
        "Z": 0.03924107924103737
    },
    "32": {
        "X": 0.45429760217666626,
        "Y": 2.0002269744873047,
        "Z": -0.2257508933544159
    }
}