{
    "0": {
        "X": 0.5038312077522278,
        "Y": 0.31462520360946655,
        "Z": -0.5584781765937805
    },
    "1": {
        "X": 0.5212939977645874,
        "Y": 0.27629032731056213,
        "Z": -0.5234153866767883
    },
    "2": {
        "X": 0.5332109928131104,
        "Y": 0.27714818716049194,
        "Z": -0.5237109065055847
    },
    "3": {
        "X": 0.5447443723678589,
        "Y": 0.27782657742500305,
        "Z": -0.523661732673645
    },
    "4": {
        "X": 0.4839375615119934,
        "Y": 0.2754594087600708,
        "Z": -0.5369225144386292
    },
    "5": {
        "X": 0.4706944525241852,
        "Y": 0.27563193440437317,
        "Z": -0.5370067954063416
    },
    "6": {
        "X": 0.4587929844856262,
        "Y": 0.27589255571365356,
        "Z": -0.5374056100845337
    },
    "7": {
        "X": 0.5660303831100464,
        "Y": 0.3013418912887573,
        "Z": -0.2669791281223297
    },
    "8": {
        "X": 0.44142070412635803,
        "Y": 0.3019431233406067,
        "Z": -0.3228289484977722
    },
    "9": {
        "X": 0.5268714427947998,
        "Y": 0.36108383536338806,
        "Z": -0.4589076042175293
    },
    "10": {
        "X": 0.47958117723464966,
        "Y": 0.359608918428421,
        "Z": -0.47437816858291626
    },
    "11": {
        "X": 0.6388708353042603,
        "Y": 0.5305160880088806,
        "Z": -0.011599134653806686
    },
    "12": {
        "X": 0.37917840480804443,
        "Y": 0.5301401615142822,
        "Z": -0.2470782995223999
    },
    "13": {
        "X": 0.6495819091796875,
        "Y": 0.8017117977142334,
        "Z": 0.14551621675491333
    },
    "14": {
        "X": 0.3453724980354309,
        "Y": 0.8270285129547119,
        "Z": -0.16766056418418884
    },
    "15": {
        "X": 0.6848708391189575,
        "Y": 0.9858874678611755,
        "Z": 0.0029638996347784996
    },
    "16": {
        "X": 0.3539942800998688,
        "Y": 1.0831682682037354,
        "Z": -0.3016405701637268
    },
    "17": {
        "X": 0.7005642056465149,
        "Y": 1.0437166690826416,
        "Z": -0.03808747977018356
    },
    "18": {
        "X": 0.34036654233932495,
        "Y": 1.1728076934814453,
        "Z": -0.3535807132720947
    },
    "19": {
        "X": 0.6944543719291687,
        "Y": 1.0347952842712402,
        "Z": -0.0935848131775856
    },
    "20": {
        "X": 0.3597389757633209,
        "Y": 1.1653393507003784,
        "Z": -0.41638606786727905
    },
    "21": {
        "X": 0.6777427196502686,
        "Y": 1.0126360654830933,
        "Z": -0.028911704197525978
    },
    "22": {
        "X": 0.37218576669692993,
        "Y": 1.129085659980774,
        "Z": -0.33161765336990356
    },
    "23": {
        "X": 0.5942337512969971,
        "Y": 1.0634561777114868,
        "Z": 0.050447262823581696
    },
    "24": {
        "X": 0.42366331815719604,
        "Y": 1.0770429372787476,
        "Z": -0.048921238631010056
    },
    "25": {
        "X": 0.5796258449554443,
        "Y": 1.474746823310852,
        "Z": -0.09118147939443588
    },
    "26": {
        "X": 0.4238840639591217,
        "Y": 1.4803882837295532,
        "Z": -0.10425468534231186
    },
    "27": {
        "X": 0.591924786567688,
        "Y": 1.8835201263427734,
        "Z": 0.15955914556980133
    },
    "28": {
        "X": 0.4279904365539551,
        "Y": 1.9026426076889038,
        "Z": 0.0013940518256276846
    },
    "29": {
        "X": 0.594450831413269,
        "Y": 1.9432377815246582,
        "Z": 0.16261664032936096
    },
    "30": {
        "X": 0.41705870628356934,
        "Y": 1.9665071964263916,
        "Z": -0.004815616644918919
    },
    "31": {
        "X": 0.5849112272262573,
        "Y": 2.0081493854522705,
        "Z": -0.1608649492263794
    },
    "32": {
        "X": 0.4737095832824707,
        "Y": 2.020202159881592,
        "Z": -0.37852492928504944
    }
}