{
    "0": {
        "X": 0.43949928879737854,
        "Y": 0.3111797571182251,
        "Z": -0.5957196950912476
    },
    "1": {
        "X": 0.4629378318786621,
        "Y": 0.273994117975235,
        "Z": -0.5809473991394043
    },
    "2": {
        "X": 0.4755726456642151,
        "Y": 0.27364882826805115,
        "Z": -0.5810713171958923
    },
    "3": {
        "X": 0.4893760681152344,
        "Y": 0.2739805281162262,
        "Z": -0.5811570286750793
    },
    "4": {
        "X": 0.4373045861721039,
        "Y": 0.2760397493839264,
        "Z": -0.557053804397583
    },
    "5": {
        "X": 0.43049296736717224,
        "Y": 0.27684614062309265,
        "Z": -0.5567936301231384
    },
    "6": {
        "X": 0.4242112636566162,
        "Y": 0.2773113548755646,
        "Z": -0.5572145581245422
    },
    "7": {
        "X": 0.5276163816452026,
        "Y": 0.30337750911712646,
        "Z": -0.3665453791618347
    },
    "8": {
        "X": 0.4342842996120453,
        "Y": 0.2994634509086609,
        "Z": -0.28053659200668335
    },
    "9": {
        "X": 0.4616397023200989,
        "Y": 0.35666266083717346,
        "Z": -0.514196515083313
    },
    "10": {
        "X": 0.42924824357032776,
        "Y": 0.3567444980144501,
        "Z": -0.4834824204444885
    },
    "11": {
        "X": 0.6351099610328674,
        "Y": 0.5169073939323425,
        "Z": -0.20890727639198303
    },
    "12": {
        "X": 0.36919140815734863,
        "Y": 0.5284648537635803,
        "Z": -0.13667303323745728
    },
    "13": {
        "X": 0.6618211269378662,
        "Y": 0.7955640554428101,
        "Z": -0.1363067626953125
    },
    "14": {
        "X": 0.3054763078689575,
        "Y": 0.809444785118103,
        "Z": -0.03833215683698654
    },
    "15": {
        "X": 0.6785954236984253,
        "Y": 0.9702016711235046,
        "Z": -0.3109040856361389
    },
    "16": {
        "X": 0.2929192781448364,
        "Y": 1.0258519649505615,
        "Z": -0.2357870638370514
    },
    "17": {
        "X": 0.6905054450035095,
        "Y": 1.0601352453231812,
        "Z": -0.35993969440460205
    },
    "18": {
        "X": 0.28502973914146423,
        "Y": 1.104156732559204,
        "Z": -0.2960493564605713
    },
    "19": {
        "X": 0.6766933798789978,
        "Y": 1.0545129776000977,
        "Z": -0.41569313406944275
    },
    "20": {
        "X": 0.29792967438697815,
        "Y": 1.0902611017227173,
        "Z": -0.355644166469574
    },
    "21": {
        "X": 0.6641741394996643,
        "Y": 1.0255976915359497,
        "Z": -0.3407410681247711
    },
    "22": {
        "X": 0.30893176794052124,
        "Y": 1.0610339641571045,
        "Z": -0.26844102144241333
    },
    "23": {
        "X": 0.5710257291793823,
        "Y": 1.0069822072982788,
        "Z": -0.039105527102947235
    },
    "24": {
        "X": 0.38900357484817505,
        "Y": 1.0365906953811646,
        "Z": 0.04174407571554184
    },
    "25": {
        "X": 0.5794333815574646,
        "Y": 1.4804737567901611,
        "Z": -0.05106128379702568
    },
    "26": {
        "X": 0.4058900475502014,
        "Y": 1.468353033065796,
        "Z": 0.020207492634654045
    },
    "27": {
        "X": 0.5795892477035522,
        "Y": 1.858647108078003,
        "Z": 0.2993161380290985
    },
    "28": {
        "X": 0.40637069940567017,
        "Y": 1.8474098443984985,
        "Z": 0.22528815269470215
    },
    "29": {
        "X": 0.5868787169456482,
        "Y": 1.916424036026001,
        "Z": 0.3149157166481018
    },
    "30": {
        "X": 0.40395107865333557,
        "Y": 1.9045602083206177,
        "Z": 0.2336634397506714
    },
    "31": {
        "X": 0.5420512557029724,
        "Y": 1.9770711660385132,
        "Z": -0.04076991230249405
    },
    "32": {
        "X": 0.42379921674728394,
        "Y": 1.9692877531051636,
        "Z": -0.14508147537708282
    }
}