{
    "0": {
        "X": 0.4661029279232025,
        "Y": 0.31252607703208923,
        "Z": -0.5627053380012512
    },
    "1": {
        "X": 0.4916676878929138,
        "Y": 0.27642399072647095,
        "Z": -0.5426331758499146
    },
    "2": {
        "X": 0.5059828162193298,
        "Y": 0.27739113569259644,
        "Z": -0.5427044630050659
    },
    "3": {
        "X": 0.5203571915626526,
        "Y": 0.27849677205085754,
        "Z": -0.5427557826042175
    },
    "4": {
        "X": 0.45871371030807495,
        "Y": 0.27621370553970337,
        "Z": -0.530663251876831
    },
    "5": {
        "X": 0.45101675391197205,
        "Y": 0.27661120891571045,
        "Z": -0.5303951501846313
    },
    "6": {
        "X": 0.44331201910972595,
        "Y": 0.2767961621284485,
        "Z": -0.530842661857605
    },
    "7": {
        "X": 0.5493539571762085,
        "Y": 0.3052836060523987,
        "Z": -0.33851078152656555
    },
    "8": {
        "X": 0.44237715005874634,
        "Y": 0.302471786737442,
        "Z": -0.27445536851882935
    },
    "9": {
        "X": 0.49283066391944885,
        "Y": 0.3596337139606476,
        "Z": -0.48249754309654236
    },
    "10": {
        "X": 0.4483312666416168,
        "Y": 0.35744667053222656,
        "Z": -0.4634853005409241
    },
    "11": {
        "X": 0.6402693390846252,
        "Y": 0.5222623944282532,
        "Z": -0.17223301529884338
    },
    "12": {
        "X": 0.3748481869697571,
        "Y": 0.5195555686950684,
        "Z": -0.14370237290859222
    },
    "13": {
        "X": 0.6540657877922058,
        "Y": 0.8094069957733154,
        "Z": -0.06127030774950981
    },
    "14": {
        "X": 0.3119785487651825,
        "Y": 0.7944271564483643,
        "Z": -0.023593811318278313
    },
    "15": {
        "X": 0.6672649383544922,
        "Y": 1.0127676725387573,
        "Z": -0.20395633578300476
    },
    "16": {
        "X": 0.3094428479671478,
        "Y": 0.9867496490478516,
        "Z": -0.21256133913993835
    },
    "17": {
        "X": 0.6784248352050781,
        "Y": 1.0771361589431763,
        "Z": -0.24050350487232208
    },
    "18": {
        "X": 0.3022260069847107,
        "Y": 1.0568392276763916,
        "Z": -0.26774975657463074
    },
    "19": {
        "X": 0.6689524054527283,
        "Y": 1.0679291486740112,
        "Z": -0.2945784032344818
    },
    "20": {
        "X": 0.3106273114681244,
        "Y": 1.033382773399353,
        "Z": -0.3253432810306549
    },
    "21": {
        "X": 0.6554893851280212,
        "Y": 1.0401531457901,
        "Z": -0.2317368984222412
    },
    "22": {
        "X": 0.3209224045276642,
        "Y": 1.0092871189117432,
        "Z": -0.24379603564739227
    },
    "23": {
        "X": 0.5623016357421875,
        "Y": 1.0027934312820435,
        "Z": -0.014827081933617592
    },
    "24": {
        "X": 0.3846278190612793,
        "Y": 1.0285415649414062,
        "Z": 0.01731489598751068
    },
    "25": {
        "X": 0.5596591234207153,
        "Y": 1.464289903640747,
        "Z": -0.02839142084121704
    },
    "26": {
        "X": 0.38858306407928467,
        "Y": 1.4532562494277954,
        "Z": 0.045478999614715576
    },
    "27": {
        "X": 0.5490192174911499,
        "Y": 1.8405476808547974,
        "Z": 0.3072962462902069
    },
    "28": {
        "X": 0.3801918029785156,
        "Y": 1.8326023817062378,
        "Z": 0.2987264096736908
    },
    "29": {
        "X": 0.5552374124526978,
        "Y": 1.8914334774017334,
        "Z": 0.3216218948364258
    },
    "30": {
        "X": 0.37530389428138733,
        "Y": 1.8843343257904053,
        "Z": 0.31304964423179626
    },
    "31": {
        "X": 0.5152341723442078,
        "Y": 1.9621022939682007,
        "Z": -0.03465123474597931
    },
    "32": {
        "X": 0.393187016248703,
        "Y": 1.9531692266464233,
        "Z": -0.0650777742266655
    }
}