{
    "0": {
        "X": 0.45764222741127014,
        "Y": 0.3269658386707306,
        "Z": -0.5670249462127686
    },
    "1": {
        "X": 0.47968611121177673,
        "Y": 0.2855929732322693,
        "Z": -0.5431928038597107
    },
    "2": {
        "X": 0.494283527135849,
        "Y": 0.2851242125034332,
        "Z": -0.5434929132461548
    },
    "3": {
        "X": 0.5080393552780151,
        "Y": 0.2849833071231842,
        "Z": -0.5436050295829773
    },
    "4": {
        "X": 0.4470478594303131,
        "Y": 0.2888629734516144,
        "Z": -0.5345427989959717
    },
    "5": {
        "X": 0.4379981458187103,
        "Y": 0.29014918208122253,
        "Z": -0.5346697568893433
    },
    "6": {
        "X": 0.4286845326423645,
        "Y": 0.29208675026893616,
        "Z": -0.5352344512939453
    },
    "7": {
        "X": 0.538063108921051,
        "Y": 0.3081081509590149,
        "Z": -0.34360232949256897
    },
    "8": {
        "X": 0.42871007323265076,
        "Y": 0.3142480254173279,
        "Z": -0.28443241119384766
    },
    "9": {
        "X": 0.4862261712551117,
        "Y": 0.36810940504074097,
        "Z": -0.4827030301094055
    },
    "10": {
        "X": 0.44337791204452515,
        "Y": 0.37094128131866455,
        "Z": -0.4682113230228424
    },
    "11": {
        "X": 0.6412680149078369,
        "Y": 0.5283697247505188,
        "Z": -0.17156800627708435
    },
    "12": {
        "X": 0.36986324191093445,
        "Y": 0.533159613609314,
        "Z": -0.15647107362747192
    },
    "13": {
        "X": 0.6739677786827087,
        "Y": 0.8306616544723511,
        "Z": -0.08899609744548798
    },
    "14": {
        "X": 0.3321029543876648,
        "Y": 0.826820969581604,
        "Z": -0.06131942197680473
    },
    "15": {
        "X": 0.6133289933204651,
        "Y": 0.99934321641922,
        "Z": -0.23920312523841858
    },
    "16": {
        "X": 0.33213740587234497,
        "Y": 1.0307217836380005,
        "Z": -0.23170864582061768
    },
    "17": {
        "X": 0.597008466720581,
        "Y": 1.0664103031158447,
        "Z": -0.2912977337837219
    },
    "18": {
        "X": 0.33032676577568054,
        "Y": 1.10849928855896,
        "Z": -0.2840704023838043
    },
    "19": {
        "X": 0.5818988084793091,
        "Y": 1.041221022605896,
        "Z": -0.3233002722263336
    },
    "20": {
        "X": 0.3391268849372864,
        "Y": 1.0845690965652466,
        "Z": -0.3384378254413605
    },
    "21": {
        "X": 0.5806398987770081,
        "Y": 1.010928988456726,
        "Z": -0.2578030526638031
    },
    "22": {
        "X": 0.34897565841674805,
        "Y": 1.052821159362793,
        "Z": -0.25824034214019775
    },
    "23": {
        "X": 0.5700096487998962,
        "Y": 1.0018627643585205,
        "Z": -0.005111183971166611
    },
    "24": {
        "X": 0.4043990671634674,
        "Y": 1.0454542636871338,
        "Z": 0.0064381444826722145
    },
    "25": {
        "X": 0.5628870725631714,
        "Y": 1.4466487169265747,
        "Z": -0.009460225701332092
    },
    "26": {
        "X": 0.40261855721473694,
        "Y": 1.4380571842193604,
        "Z": 0.03978628292679787
    },
    "27": {
        "X": 0.560584545135498,
        "Y": 1.810192584991455,
        "Z": 0.3351593315601349
    },
    "28": {
        "X": 0.3977479338645935,
        "Y": 1.821889877319336,
        "Z": 0.2477661669254303
    },
    "29": {
        "X": 0.5661953687667847,
        "Y": 1.8620580434799194,
        "Z": 0.34579938650131226
    },
    "30": {
        "X": 0.397237092256546,
        "Y": 1.8803671598434448,
        "Z": 0.25592613220214844
    },
    "31": {
        "X": 0.5259990692138672,
        "Y": 1.9360495805740356,
        "Z": 0.024870028719305992
    },
    "32": {
        "X": 0.40155720710754395,
        "Y": 1.9406062364578247,
        "Z": -0.06511478126049042
    }
}