{
    "0": {
        "X": 0.45359522104263306,
        "Y": 0.3163028657436371,
        "Z": -0.5276702642440796
    },
    "1": {
        "X": 0.4762175679206848,
        "Y": 0.2811121940612793,
        "Z": -0.5142232775688171
    },
    "2": {
        "X": 0.48970237374305725,
        "Y": 0.28193435072898865,
        "Z": -0.5142823457717896
    },
    "3": {
        "X": 0.5023560523986816,
        "Y": 0.2830718159675598,
        "Z": -0.5144835710525513
    },
    "4": {
        "X": 0.447256475687027,
        "Y": 0.28009918332099915,
        "Z": -0.4901544153690338
    },
    "5": {
        "X": 0.4396475851535797,
        "Y": 0.2800886929035187,
        "Z": -0.48994988203048706
    },
    "6": {
        "X": 0.43236762285232544,
        "Y": 0.2800446152687073,
        "Z": -0.49036073684692383
    },
    "7": {
        "X": 0.5357338190078735,
        "Y": 0.30910176038742065,
        "Z": -0.3442246913909912
    },
    "8": {
        "X": 0.44278138875961304,
        "Y": 0.30372366309165955,
        "Z": -0.22633305191993713
    },
    "9": {
        "X": 0.47558897733688354,
        "Y": 0.36255112290382385,
        "Z": -0.4657273292541504
    },
    "10": {
        "X": 0.438343346118927,
        "Y": 0.3598291277885437,
        "Z": -0.4299447536468506
    },
    "11": {
        "X": 0.643386721611023,
        "Y": 0.5327528715133667,
        "Z": -0.23803476989269257
    },
    "12": {
        "X": 0.37330877780914307,
        "Y": 0.516861617565155,
        "Z": -0.0863708108663559
    },
    "13": {
        "X": 0.6426172256469727,
        "Y": 0.8007534146308899,
        "Z": -0.1509619653224945
    },
    "14": {
        "X": 0.2943114936351776,
        "Y": 0.792672336101532,
        "Z": 0.07176343351602554
    },
    "15": {
        "X": 0.599502444267273,
        "Y": 0.9992244839668274,
        "Z": -0.16256539523601532
    },
    "16": {
        "X": 0.2777062654495239,
        "Y": 1.02047598361969,
        "Z": -0.025667179375886917
    },
    "17": {
        "X": 0.5893663167953491,
        "Y": 1.0716801881790161,
        "Z": -0.1801748126745224
    },
    "18": {
        "X": 0.2606112062931061,
        "Y": 1.1037238836288452,
        "Z": -0.0610039122402668
    },
    "19": {
        "X": 0.5719571113586426,
        "Y": 1.0546849966049194,
        "Z": -0.21116268634796143
    },
    "20": {
        "X": 0.2779403328895569,
        "Y": 1.1055599451065063,
        "Z": -0.11077003180980682
    },
    "21": {
        "X": 0.5723713040351868,
        "Y": 1.0233665704727173,
        "Z": -0.17698973417282104
    },
    "22": {
        "X": 0.2898530662059784,
        "Y": 1.0725715160369873,
        "Z": -0.0531063973903656
    },
    "23": {
        "X": 0.5606048703193665,
        "Y": 1.0029572248458862,
        "Z": -0.043126415461301804
    },
    "24": {
        "X": 0.3701360523700714,
        "Y": 1.057746171951294,
        "Z": 0.04559352248907089
    },
    "25": {
        "X": 0.5448302030563354,
        "Y": 1.5039974451065063,
        "Z": 0.019172150641679764
    },
    "26": {
        "X": 0.3679496645927429,
        "Y": 1.4803138971328735,
        "Z": 0.07640407234430313
    },
    "27": {
        "X": 0.5420486330986023,
        "Y": 1.8783494234085083,
        "Z": 0.44444727897644043
    },
    "28": {
        "X": 0.36539381742477417,
        "Y": 1.8655803203582764,
        "Z": 0.34911254048347473
    },
    "29": {
        "X": 0.548925518989563,
        "Y": 1.936065673828125,
        "Z": 0.46931272745132446
    },
    "30": {
        "X": 0.36119386553764343,
        "Y": 1.9223133325576782,
        "Z": 0.36535418033599854
    },
    "31": {
        "X": 0.5043030977249146,
        "Y": 1.9996529817581177,
        "Z": 0.12068139016628265
    },
    "32": {
        "X": 0.38143080472946167,
        "Y": 1.9946414232254028,
        "Z": -0.017527977004647255
    }
}