{
    "0": {
        "X": 0.4665302336215973,
        "Y": 0.31792524456977844,
        "Z": -0.516947865486145
    },
    "1": {
        "X": 0.49121928215026855,
        "Y": 0.27992045879364014,
        "Z": -0.4913802146911621
    },
    "2": {
        "X": 0.5063931941986084,
        "Y": 0.28006502985954285,
        "Z": -0.4916771948337555
    },
    "3": {
        "X": 0.5209463834762573,
        "Y": 0.28032737970352173,
        "Z": -0.4917699694633484
    },
    "4": {
        "X": 0.4544617235660553,
        "Y": 0.2817228138446808,
        "Z": -0.4871731698513031
    },
    "5": {
        "X": 0.44494032859802246,
        "Y": 0.28287726640701294,
        "Z": -0.4872313439846039
    },
    "6": {
        "X": 0.43537601828575134,
        "Y": 0.2839844524860382,
        "Z": -0.48776936531066895
    },
    "7": {
        "X": 0.5475422739982605,
        "Y": 0.3056275546550751,
        "Z": -0.2784702777862549
    },
    "8": {
        "X": 0.4310823082923889,
        "Y": 0.3119215667247772,
        "Z": -0.24789059162139893
    },
    "9": {
        "X": 0.4959871768951416,
        "Y": 0.3621099591255188,
        "Z": -0.4316408038139343
    },
    "10": {
        "X": 0.4486565589904785,
        "Y": 0.3627503514289856,
        "Z": -0.4231843054294586
    },
    "11": {
        "X": 0.6418195962905884,
        "Y": 0.5284374356269836,
        "Z": -0.10866376012563705
    },
    "12": {
        "X": 0.36622557044029236,
        "Y": 0.5271517634391785,
        "Z": -0.1338588297367096
    },
    "13": {
        "X": 0.6667509078979492,
        "Y": 0.8131653070449829,
        "Z": -0.03691919893026352
    },
    "14": {
        "X": 0.3387161195278168,
        "Y": 0.8057995438575745,
        "Z": -0.028834840282797813
    },
    "15": {
        "X": 0.6016741991043091,
        "Y": 0.9750828146934509,
        "Z": -0.211128830909729
    },
    "16": {
        "X": 0.36350345611572266,
        "Y": 0.9854924082756042,
        "Z": -0.18939945101737976
    },
    "17": {
        "X": 0.5835379958152771,
        "Y": 1.043256402015686,
        "Z": -0.26838696002960205
    },
    "18": {
        "X": 0.36739906668663025,
        "Y": 1.0624868869781494,
        "Z": -0.24665088951587677
    },
    "19": {
        "X": 0.5726619362831116,
        "Y": 0.9942775964736938,
        "Z": -0.30788928270339966
    },
    "20": {
        "X": 0.3744874894618988,
        "Y": 1.0313392877578735,
        "Z": -0.30348488688468933
    },
    "21": {
        "X": 0.5716723203659058,
        "Y": 0.9630883932113647,
        "Z": -0.2324494570493698
    },
    "22": {
        "X": 0.38186269998550415,
        "Y": 1.0006240606307983,
        "Z": -0.21748881042003632
    },
    "23": {
        "X": 0.5659348368644714,
        "Y": 1.0046056509017944,
        "Z": 0.00502346595749259
    },
    "24": {
        "X": 0.40329664945602417,
        "Y": 1.0085426568984985,
        "Z": -0.004009571857750416
    },
    "25": {
        "X": 0.5425665974617004,
        "Y": 1.417161464691162,
        "Z": -0.024305526167154312
    },
    "26": {
        "X": 0.38906580209732056,
        "Y": 1.4007184505462646,
        "Z": 0.015897512435913086
    },
    "27": {
        "X": 0.5393187999725342,
        "Y": 1.781609058380127,
        "Z": 0.28345489501953125
    },
    "28": {
        "X": 0.3805345296859741,
        "Y": 1.7868802547454834,
        "Z": 0.19791224598884583
    },
    "29": {
        "X": 0.5439342856407166,
        "Y": 1.83026921749115,
        "Z": 0.29687562584877014
    },
    "30": {
        "X": 0.37972280383110046,
        "Y": 1.8429087400436401,
        "Z": 0.20126524567604065
    },
    "31": {
        "X": 0.5066201686859131,
        "Y": 1.9035754203796387,
        "Z": -0.004661552142351866
    },
    "32": {
        "X": 0.38438543677330017,
        "Y": 1.9012655019760132,
        "Z": -0.10892707109451294
    }
}