{
    "0": {
        "X": 0.480741024017334,
        "Y": 0.3136330246925354,
        "Z": -0.7353826761245728
    },
    "1": {
        "X": 0.49871382117271423,
        "Y": 0.27768033742904663,
        "Z": -0.6925525665283203
    },
    "2": {
        "X": 0.5123633742332458,
        "Y": 0.27811288833618164,
        "Z": -0.6928413510322571
    },
    "3": {
        "X": 0.5246445536613464,
        "Y": 0.2788599133491516,
        "Z": -0.6928666830062866
    },
    "4": {
        "X": 0.4612739682197571,
        "Y": 0.2798437476158142,
        "Z": -0.7011240124702454
    },
    "5": {
        "X": 0.44948333501815796,
        "Y": 0.2819894850254059,
        "Z": -0.7011849880218506
    },
    "6": {
        "X": 0.44055309891700745,
        "Y": 0.2844039797782898,
        "Z": -0.7017225623130798
    },
    "7": {
        "X": 0.5432348251342773,
        "Y": 0.30453529953956604,
        "Z": -0.3726787865161896
    },
    "8": {
        "X": 0.42609506845474243,
        "Y": 0.31287819147109985,
        "Z": -0.42423778772354126
    },
    "9": {
        "X": 0.5074777603149414,
        "Y": 0.36077946424484253,
        "Z": -0.6124129295349121
    },
    "10": {
        "X": 0.4587390422821045,
        "Y": 0.3621659576892853,
        "Z": -0.6247580051422119
    },
    "11": {
        "X": 0.6261139512062073,
        "Y": 0.5266782641410828,
        "Z": -0.10577605664730072
    },
    "12": {
        "X": 0.35836631059646606,
        "Y": 0.5409601926803589,
        "Z": -0.27121710777282715
    },
    "13": {
        "X": 0.6429201364517212,
        "Y": 0.7988488078117371,
        "Z": 0.014301476068794727
    },
    "14": {
        "X": 0.326423704624176,
        "Y": 0.8285783529281616,
        "Z": -0.18444696068763733
    },
    "15": {
        "X": 0.6539594531059265,
        "Y": 0.9822075366973877,
        "Z": -0.26804104447364807
    },
    "16": {
        "X": 0.3518807888031006,
        "Y": 1.014896273612976,
        "Z": -0.40949931740760803
    },
    "17": {
        "X": 0.6556885242462158,
        "Y": 1.0475677251815796,
        "Z": -0.2999328374862671
    },
    "18": {
        "X": 0.35812368988990784,
        "Y": 1.0919822454452515,
        "Z": -0.49072009325027466
    },
    "19": {
        "X": 0.6472706198692322,
        "Y": 1.0400677919387817,
        "Z": -0.3690143823623657
    },
    "20": {
        "X": 0.36906495690345764,
        "Y": 1.070807695388794,
        "Z": -0.566819429397583
    },
    "21": {
        "X": 0.6385189294815063,
        "Y": 1.0313811302185059,
        "Z": -0.3030949532985687
    },
    "22": {
        "X": 0.3731609880924225,
        "Y": 1.0394959449768066,
        "Z": -0.445370614528656
    },
    "23": {
        "X": 0.5715956091880798,
        "Y": 1.0158436298370361,
        "Z": 0.036996036767959595
    },
    "24": {
        "X": 0.3978824019432068,
        "Y": 1.0119651556015015,
        "Z": -0.0351586677134037
    },
    "25": {
        "X": 0.5855220556259155,
        "Y": 1.467491865158081,
        "Z": 0.0565553717315197
    },
    "26": {
        "X": 0.4166903495788574,
        "Y": 1.4711552858352661,
        "Z": -0.059203535318374634
    },
    "27": {
        "X": 0.5929967761039734,
        "Y": 1.8389283418655396,
        "Z": 0.4223623275756836
    },
    "28": {
        "X": 0.4233856797218323,
        "Y": 1.8512524366378784,
        "Z": 0.21447019279003143
    },
    "29": {
        "X": 0.5969382524490356,
        "Y": 1.8923263549804688,
        "Z": 0.437605082988739
    },
    "30": {
        "X": 0.4185923933982849,
        "Y": 1.9065150022506714,
        "Z": 0.22527022659778595
    },
    "31": {
        "X": 0.5695343613624573,
        "Y": 1.9555073976516724,
        "Z": 0.057213105261325836
    },
    "32": {
        "X": 0.44807249307632446,
        "Y": 1.9555604457855225,
        "Z": -0.18811224400997162
    }
}