{
    "0": {
        "X": 0.4754100441932678,
        "Y": 0.31337806582450867,
        "Z": -0.6532385945320129
    },
    "1": {
        "X": 0.4977268576622009,
        "Y": 0.27746760845184326,
        "Z": -0.6216146349906921
    },
    "2": {
        "X": 0.5119075775146484,
        "Y": 0.2778122127056122,
        "Z": -0.6219430565834045
    },
    "3": {
        "X": 0.5246714949607849,
        "Y": 0.27845439314842224,
        "Z": -0.6219630241394043
    },
    "4": {
        "X": 0.4597527086734772,
        "Y": 0.27862152457237244,
        "Z": -0.6229062080383301
    },
    "5": {
        "X": 0.4484190344810486,
        "Y": 0.27966222167015076,
        "Z": -0.6229170560836792
    },
    "6": {
        "X": 0.43979352712631226,
        "Y": 0.2806300222873688,
        "Z": -0.6234610080718994
    },
    "7": {
        "X": 0.5450072288513184,
        "Y": 0.30342912673950195,
        "Z": -0.3568340241909027
    },
    "8": {
        "X": 0.4310738444328308,
        "Y": 0.30649715662002563,
        "Z": -0.34816044569015503
    },
    "9": {
        "X": 0.502071738243103,
        "Y": 0.35987821221351624,
        "Z": -0.5466939806938171
    },
    "10": {
        "X": 0.4546288549900055,
        "Y": 0.3586290180683136,
        "Z": -0.5462771654129028
    },
    "11": {
        "X": 0.6349672079086304,
        "Y": 0.5256672501564026,
        "Z": -0.12064649164676666
    },
    "12": {
        "X": 0.36268243193626404,
        "Y": 0.5243696570396423,
        "Z": -0.20101837813854218
    },
    "13": {
        "X": 0.652105450630188,
        "Y": 0.8179634213447571,
        "Z": 0.010218705981969833
    },
    "14": {
        "X": 0.29769420623779297,
        "Y": 0.7702223062515259,
        "Z": -0.08747147768735886
    },
    "15": {
        "X": 0.6555047035217285,
        "Y": 1.0022848844528198,
        "Z": -0.22197668254375458
    },
    "16": {
        "X": 0.3041558861732483,
        "Y": 0.9919747710227966,
        "Z": -0.3128434419631958
    },
    "17": {
        "X": 0.6543645262718201,
        "Y": 1.0881080627441406,
        "Z": -0.2821200489997864
    },
    "18": {
        "X": 0.30367520451545715,
        "Y": 1.0629409551620483,
        "Z": -0.3856878876686096
    },
    "19": {
        "X": 0.6434372663497925,
        "Y": 1.0740742683410645,
        "Z": -0.34493178129196167
    },
    "20": {
        "X": 0.31376221776008606,
        "Y": 1.041404366493225,
        "Z": -0.4623941481113434
    },
    "21": {
        "X": 0.6343278288841248,
        "Y": 1.0124455690383911,
        "Z": -0.25627511739730835
    },
    "22": {
        "X": 0.32110854983329773,
        "Y": 1.0153394937515259,
        "Z": -0.3511931598186493
    },
    "23": {
        "X": 0.5579651594161987,
        "Y": 1.018485426902771,
        "Z": 0.013645564205944538
    },
    "24": {
        "X": 0.3863319754600525,
        "Y": 0.9984835386276245,
        "Z": -0.011706152930855751
    },
    "25": {
        "X": 0.5518364310264587,
        "Y": 1.4602190256118774,
        "Z": -0.02453620359301567
    },
    "26": {
        "X": 0.386892169713974,
        "Y": 1.4461606740951538,
        "Z": -0.03530864045023918
    },
    "27": {
        "X": 0.5497215986251831,
        "Y": 1.8367983102798462,
        "Z": 0.34130924940109253
    },
    "28": {
        "X": 0.3787826895713806,
        "Y": 1.8422783613204956,
        "Z": 0.2008073329925537
    },
    "29": {
        "X": 0.553874671459198,
        "Y": 1.8903083801269531,
        "Z": 0.3551650047302246
    },
    "30": {
        "X": 0.3747749924659729,
        "Y": 1.9022738933563232,
        "Z": 0.209220290184021
    },
    "31": {
        "X": 0.5158876180648804,
        "Y": 1.9535020589828491,
        "Z": -0.026450123637914658
    },
    "32": {
        "X": 0.38863787055015564,
        "Y": 1.952021837234497,
        "Z": -0.21195848286151886
    }
}