{
    "0": {
        "X": 0.49399814009666443,
        "Y": 0.3150121867656708,
        "Z": -0.5290240049362183
    },
    "1": {
        "X": 0.5141730308532715,
        "Y": 0.2806295156478882,
        "Z": -0.49453988671302795
    },
    "2": {
        "X": 0.5271981358528137,
        "Y": 0.28154343366622925,
        "Z": -0.494588702917099
    },
    "3": {
        "X": 0.5375201106071472,
        "Y": 0.2825680077075958,
        "Z": -0.49452075362205505
    },
    "4": {
        "X": 0.4745185375213623,
        "Y": 0.2797098755836487,
        "Z": -0.5023549795150757
    },
    "5": {
        "X": 0.4622655510902405,
        "Y": 0.2802700102329254,
        "Z": -0.5021775960922241
    },
    "6": {
        "X": 0.45217713713645935,
        "Y": 0.2808626890182495,
        "Z": -0.502550482749939
    },
    "7": {
        "X": 0.5566731691360474,
        "Y": 0.30846497416496277,
        "Z": -0.26490578055381775
    },
    "8": {
        "X": 0.44532662630081177,
        "Y": 0.3067861795425415,
        "Z": -0.29102975130081177
    },
    "9": {
        "X": 0.5208798050880432,
        "Y": 0.36133089661598206,
        "Z": -0.44087594747543335
    },
    "10": {
        "X": 0.47014933824539185,
        "Y": 0.3585432469844818,
        "Z": -0.447875440120697
    },
    "11": {
        "X": 0.6426936388015747,
        "Y": 0.5332488417625427,
        "Z": -0.08537115156650543
    },
    "12": {
        "X": 0.37673670053482056,
        "Y": 0.5236966609954834,
        "Z": -0.20451116561889648
    },
    "13": {
        "X": 0.6349170804023743,
        "Y": 0.7921746969223022,
        "Z": 0.06516537815332413
    },
    "14": {
        "X": 0.3409280776977539,
        "Y": 0.8192319273948669,
        "Z": -0.10048176348209381
    },
    "15": {
        "X": 0.6190232038497925,
        "Y": 0.968716561794281,
        "Z": -0.02414509281516075
    },
    "16": {
        "X": 0.3458288609981537,
        "Y": 1.0631674528121948,
        "Z": -0.2889959514141083
    },
    "17": {
        "X": 0.6169764995574951,
        "Y": 1.0357121229171753,
        "Z": -0.056976813822984695
    },
    "18": {
        "X": 0.33430278301239014,
        "Y": 1.148187279701233,
        "Z": -0.3492572605609894
    },
    "19": {
        "X": 0.6042470335960388,
        "Y": 1.0196717977523804,
        "Z": -0.09899970144033432
    },
    "20": {
        "X": 0.3544226288795471,
        "Y": 1.1400762796401978,
        "Z": -0.4043459892272949
    },
    "21": {
        "X": 0.6006760001182556,
        "Y": 0.9910106062889099,
        "Z": -0.048305366188287735
    },
    "22": {
        "X": 0.36538639664649963,
        "Y": 1.1044913530349731,
        "Z": -0.31973209977149963
    },
    "23": {
        "X": 0.5712384581565857,
        "Y": 0.9972835183143616,
        "Z": 0.017897775396704674
    },
    "24": {
        "X": 0.38803917169570923,
        "Y": 1.0558816194534302,
        "Z": -0.015463856980204582
    },
    "25": {
        "X": 0.5777968764305115,
        "Y": 1.4857386350631714,
        "Z": -0.0027147799264639616
    },
    "26": {
        "X": 0.4065762460231781,
        "Y": 1.4881805181503296,
        "Z": -0.046524517238140106
    },
    "27": {
        "X": 0.5758237838745117,
        "Y": 1.8720855712890625,
        "Z": 0.347207635641098
    },
    "28": {
        "X": 0.41025203466415405,
        "Y": 1.8804585933685303,
        "Z": 0.15265581011772156
    },
    "29": {
        "X": 0.5773402452468872,
        "Y": 1.9320507049560547,
        "Z": 0.3606095016002655
    },
    "30": {
        "X": 0.40336528420448303,
        "Y": 1.943699598312378,
        "Z": 0.1584191620349884
    },
    "31": {
        "X": 0.5610105395317078,
        "Y": 1.9958140850067139,
        "Z": 0.009468622505664825
    },
    "32": {
        "X": 0.44378748536109924,
        "Y": 1.9946198463439941,
        "Z": -0.24434630572795868
    }
}