{
    "0": {
        "X": 0.5003167986869812,
        "Y": 0.3206091523170471,
        "Z": -0.5287352204322815
    },
    "1": {
        "X": 0.5215832591056824,
        "Y": 0.281717449426651,
        "Z": -0.4956459403038025
    },
    "2": {
        "X": 0.5340677499771118,
        "Y": 0.28257763385772705,
        "Z": -0.49586671590805054
    },
    "3": {
        "X": 0.5449987649917603,
        "Y": 0.283204048871994,
        "Z": -0.4957159161567688
    },
    "4": {
        "X": 0.4817776083946228,
        "Y": 0.28149843215942383,
        "Z": -0.5086259245872498
    },
    "5": {
        "X": 0.4692346155643463,
        "Y": 0.2822151482105255,
        "Z": -0.5085904598236084
    },
    "6": {
        "X": 0.45760399103164673,
        "Y": 0.2834554612636566,
        "Z": -0.5089156627655029
    },
    "7": {
        "X": 0.5648370981216431,
        "Y": 0.30631643533706665,
        "Z": -0.25284963846206665
    },
    "8": {
        "X": 0.44385433197021484,
        "Y": 0.30952805280685425,
        "Z": -0.30048054456710815
    },
    "9": {
        "X": 0.5264620184898376,
        "Y": 0.36677291989326477,
        "Z": -0.43410927057266235
    },
    "10": {
        "X": 0.47548842430114746,
        "Y": 0.36690154671669006,
        "Z": -0.44835442304611206
    },
    "11": {
        "X": 0.6408253312110901,
        "Y": 0.5360720753669739,
        "Z": -0.0275292806327343
    },
    "12": {
        "X": 0.38285839557647705,
        "Y": 0.5384266376495361,
        "Z": -0.24998755753040314
    },
    "13": {
        "X": 0.6385828256607056,
        "Y": 0.814717710018158,
        "Z": 0.12223917245864868
    },
    "14": {
        "X": 0.36158522963523865,
        "Y": 0.8359474539756775,
        "Z": -0.1736253798007965
    },
    "15": {
        "X": 0.6421756744384766,
        "Y": 1.0398789644241333,
        "Z": 0.009471964091062546
    },
    "16": {
        "X": 0.382519394159317,
        "Y": 1.0864711999893188,
        "Z": -0.28108569979667664
    },
    "17": {
        "X": 0.6459782719612122,
        "Y": 1.113389492034912,
        "Z": -0.02180594392120838
    },
    "18": {
        "X": 0.37120291590690613,
        "Y": 1.1777242422103882,
        "Z": -0.32613128423690796
    },
    "19": {
        "X": 0.6378350257873535,
        "Y": 1.1064980030059814,
        "Z": -0.06855286657810211
    },
    "20": {
        "X": 0.3933410048484802,
        "Y": 1.163102626800537,
        "Z": -0.37616950273513794
    },
    "21": {
        "X": 0.6268121004104614,
        "Y": 1.0773537158966064,
        "Z": -0.01769803836941719
    },
    "22": {
        "X": 0.3968665599822998,
        "Y": 1.130658507347107,
        "Z": -0.30499067902565
    },
    "23": {
        "X": 0.5820572376251221,
        "Y": 1.0077279806137085,
        "Z": 0.04705217108130455
    },
    "24": {
        "X": 0.4197292923927307,
        "Y": 1.0665885210037231,
        "Z": -0.04561562091112137
    },
    "25": {
        "X": 0.5871961712837219,
        "Y": 1.5050501823425293,
        "Z": -0.010025432333350182
    },
    "26": {
        "X": 0.43006619811058044,
        "Y": 1.5143787860870361,
        "Z": -0.029068490490317345
    },
    "27": {
        "X": 0.5976215600967407,
        "Y": 1.8912159204483032,
        "Z": 0.26744115352630615
    },
    "28": {
        "X": 0.44278377294540405,
        "Y": 1.9030565023422241,
        "Z": 0.1213848814368248
    },
    "29": {
        "X": 0.6010276079177856,
        "Y": 1.945596694946289,
        "Z": 0.2755033075809479
    },
    "30": {
        "X": 0.43624258041381836,
        "Y": 1.9589499235153198,
        "Z": 0.12239150702953339
    },
    "31": {
        "X": 0.5882246494293213,
        "Y": 2.011411428451538,
        "Z": -0.05027728155255318
    },
    "32": {
        "X": 0.4750630259513855,
        "Y": 2.0157835483551025,
        "Z": -0.24272510409355164
    }
}