{
    "0": {
        "X": 0.4687378406524658,
        "Y": 0.3018064498901367,
        "Z": -0.6407920122146606
    },
    "1": {
        "X": 0.4961540699005127,
        "Y": 0.2680022418498993,
        "Z": -0.600725531578064
    },
    "2": {
        "X": 0.5110259056091309,
        "Y": 0.26923856139183044,
        "Z": -0.6010636687278748
    },
    "3": {
        "X": 0.5243896245956421,
        "Y": 0.27091893553733826,
        "Z": -0.6010871529579163
    },
    "4": {
        "X": 0.4574657082557678,
        "Y": 0.26745685935020447,
        "Z": -0.6100848913192749
    },
    "5": {
        "X": 0.4475117623806,
        "Y": 0.2678888142108917,
        "Z": -0.6102317571640015
    },
    "6": {
        "X": 0.43949833512306213,
        "Y": 0.26803526282310486,
        "Z": -0.6107701659202576
    },
    "7": {
        "X": 0.546042799949646,
        "Y": 0.29855287075042725,
        "Z": -0.31753838062286377
    },
    "8": {
        "X": 0.43684259057044983,
        "Y": 0.2929190397262573,
        "Z": -0.3366411626338959
    },
    "9": {
        "X": 0.49699321389198303,
        "Y": 0.3487621545791626,
        "Z": -0.5324966311454773
    },
    "10": {
        "X": 0.4479075074195862,
        "Y": 0.3449118733406067,
        "Z": -0.5407769680023193
    },
    "11": {
        "X": 0.6288396120071411,
        "Y": 0.5303139686584473,
        "Z": -0.10782704502344131
    },
    "12": {
        "X": 0.36623311042785645,
        "Y": 0.5285058617591858,
        "Z": -0.17436493933200836
    },
    "13": {
        "X": 0.650080144405365,
        "Y": 0.8346165418624878,
        "Z": -0.017196372151374817
    },
    "14": {
        "X": 0.3138827979564667,
        "Y": 0.8104291558265686,
        "Z": -0.06013121455907822
    },
    "15": {
        "X": 0.6640476584434509,
        "Y": 1.0196349620819092,
        "Z": -0.28602057695388794
    },
    "16": {
        "X": 0.2982376515865326,
        "Y": 1.007966160774231,
        "Z": -0.2829654812812805
    },
    "17": {
        "X": 0.666525661945343,
        "Y": 1.105104684829712,
        "Z": -0.3547387421131134
    },
    "18": {
        "X": 0.2968408465385437,
        "Y": 1.0824732780456543,
        "Z": -0.34827449917793274
    },
    "19": {
        "X": 0.656219482421875,
        "Y": 1.0902459621429443,
        "Z": -0.41648799180984497
    },
    "20": {
        "X": 0.30829089879989624,
        "Y": 1.0638571977615356,
        "Z": -0.42262548208236694
    },
    "21": {
        "X": 0.6448177099227905,
        "Y": 1.0525145530700684,
        "Z": -0.31946974992752075
    },
    "22": {
        "X": 0.31747716665267944,
        "Y": 1.036426067352295,
        "Z": -0.31854742765426636
    },
    "23": {
        "X": 0.5656429529190063,
        "Y": 1.0159767866134644,
        "Z": 0.010995244607329369
    },
    "24": {
        "X": 0.3906027376651764,
        "Y": 1.004364252090454,
        "Z": -0.009590323083102703
    },
    "25": {
        "X": 0.5474964380264282,
        "Y": 1.438987135887146,
        "Z": -0.06734000146389008
    },
    "26": {
        "X": 0.40154924988746643,
        "Y": 1.4255262613296509,
        "Z": -0.03761247172951698
    },
    "27": {
        "X": 0.5567924976348877,
        "Y": 1.8202208280563354,
        "Z": 0.3226267397403717
    },
    "28": {
        "X": 0.4002975821495056,
        "Y": 1.8221955299377441,
        "Z": 0.22644388675689697
    },
    "29": {
        "X": 0.5615761280059814,
        "Y": 1.8761125802993774,
        "Z": 0.33914098143577576
    },
    "30": {
        "X": 0.3975493907928467,
        "Y": 1.8832895755767822,
        "Z": 0.23709145188331604
    },
    "31": {
        "X": 0.5338207483291626,
        "Y": 1.9313048124313354,
        "Z": -0.023777460679411888
    },
    "32": {
        "X": 0.40775951743125916,
        "Y": 1.9241255521774292,
        "Z": -0.14945335686206818
    }
}