{
    "0": {
        "X": 0.4480664134025574,
        "Y": 0.3048531413078308,
        "Z": -0.7747277021408081
    },
    "1": {
        "X": 0.47695106267929077,
        "Y": 0.26964616775512695,
        "Z": -0.7356096506118774
    },
    "2": {
        "X": 0.4916025698184967,
        "Y": 0.2704784572124481,
        "Z": -0.7358800172805786
    },
    "3": {
        "X": 0.5059913992881775,
        "Y": 0.27196651697158813,
        "Z": -0.7358607053756714
    },
    "4": {
        "X": 0.44418126344680786,
        "Y": 0.26921388506889343,
        "Z": -0.7307731509208679
    },
    "5": {
        "X": 0.4373396039009094,
        "Y": 0.26981300115585327,
        "Z": -0.7309290170669556
    },
    "6": {
        "X": 0.42913979291915894,
        "Y": 0.2705827057361603,
        "Z": -0.7315932512283325
    },
    "7": {
        "X": 0.5353971123695374,
        "Y": 0.29769665002822876,
        "Z": -0.46646490693092346
    },
    "8": {
        "X": 0.4351728856563568,
        "Y": 0.2946133613586426,
        "Z": -0.41018590331077576
    },
    "9": {
        "X": 0.4746272563934326,
        "Y": 0.3519342839717865,
        "Z": -0.6642810106277466
    },
    "10": {
        "X": 0.4348033368587494,
        "Y": 0.35021406412124634,
        "Z": -0.6506947875022888
    },
    "11": {
        "X": 0.625937819480896,
        "Y": 0.527176558971405,
        "Z": -0.1797035038471222
    },
    "12": {
        "X": 0.37243780493736267,
        "Y": 0.5293244123458862,
        "Z": -0.23279595375061035
    },
    "13": {
        "X": 0.6546014547348022,
        "Y": 0.8336082100868225,
        "Z": -0.05835492163896561
    },
    "14": {
        "X": 0.32511577010154724,
        "Y": 0.8182845711708069,
        "Z": -0.12723514437675476
    },
    "15": {
        "X": 0.6734131574630737,
        "Y": 1.0318597555160522,
        "Z": -0.3205209970474243
    },
    "16": {
        "X": 0.30941611528396606,
        "Y": 1.0116603374481201,
        "Z": -0.3588126301765442
    },
    "17": {
        "X": 0.6812312006950378,
        "Y": 1.101794958114624,
        "Z": -0.36882051825523376
    },
    "18": {
        "X": 0.309736043214798,
        "Y": 1.0875475406646729,
        "Z": -0.42352843284606934
    },
    "19": {
        "X": 0.676032304763794,
        "Y": 1.0886105298995972,
        "Z": -0.43424373865127563
    },
    "20": {
        "X": 0.3174233138561249,
        "Y": 1.0729076862335205,
        "Z": -0.5014933347702026
    },
    "21": {
        "X": 0.6615458726882935,
        "Y": 1.0606567859649658,
        "Z": -0.3542904257774353
    },
    "22": {
        "X": 0.3266957104206085,
        "Y": 1.0457475185394287,
        "Z": -0.3960026204586029
    },
    "23": {
        "X": 0.5639755725860596,
        "Y": 1.0120983123779297,
        "Z": 0.008036240935325623
    },
    "24": {
        "X": 0.39719632267951965,
        "Y": 1.0104414224624634,
        "Z": -0.006613335572183132
    },
    "25": {
        "X": 0.5344870686531067,
        "Y": 1.4021614789962769,
        "Z": -0.15456020832061768
    },
    "26": {
        "X": 0.4003918170928955,
        "Y": 1.3972458839416504,
        "Z": -0.14258064329624176
    },
    "27": {
        "X": 0.5424975752830505,
        "Y": 1.7952747344970703,
        "Z": 0.17596065998077393
    },
    "28": {
        "X": 0.3856472671031952,
        "Y": 1.7987110614776611,
        "Z": 0.07098494470119476
    },
    "29": {
        "X": 0.5492475628852844,
        "Y": 1.8521461486816406,
        "Z": 0.18601873517036438
    },
    "30": {
        "X": 0.38397955894470215,
        "Y": 1.8604552745819092,
        "Z": 0.0763649046421051
    },
    "31": {
        "X": 0.5129860639572144,
        "Y": 1.908555269241333,
        "Z": -0.17475686967372894
    },
    "32": {
        "X": 0.38642454147338867,
        "Y": 1.9034333229064941,
        "Z": -0.3212490677833557
    }
}