{
    "0": {
        "X": 0.47514891624450684,
        "Y": 0.313785582780838,
        "Z": -0.6160868406295776
    },
    "1": {
        "X": 0.4990144371986389,
        "Y": 0.2800544202327728,
        "Z": -0.5879130363464355
    },
    "2": {
        "X": 0.5130073428153992,
        "Y": 0.28099822998046875,
        "Z": -0.5880990028381348
    },
    "3": {
        "X": 0.5259546041488647,
        "Y": 0.2821533977985382,
        "Z": -0.58815598487854
    },
    "4": {
        "X": 0.46273985505104065,
        "Y": 0.2790199816226959,
        "Z": -0.5721087455749512
    },
    "5": {
        "X": 0.45321887731552124,
        "Y": 0.2792327105998993,
        "Z": -0.5718950629234314
    },
    "6": {
        "X": 0.44526439905166626,
        "Y": 0.27925756573677063,
        "Z": -0.5722734928131104
    },
    "7": {
        "X": 0.5489111542701721,
        "Y": 0.3090246021747589,
        "Z": -0.34118133783340454
    },
    "8": {
        "X": 0.4453245997428894,
        "Y": 0.30574938654899597,
        "Z": -0.26828446984291077
    },
    "9": {
        "X": 0.5033673048019409,
        "Y": 0.36023619771003723,
        "Z": -0.5225843191146851
    },
    "10": {
        "X": 0.4551796317100525,
        "Y": 0.3565841615200043,
        "Z": -0.5017601847648621
    },
    "11": {
        "X": 0.6440743207931519,
        "Y": 0.5387101769447327,
        "Z": -0.22303059697151184
    },
    "12": {
        "X": 0.3754628002643585,
        "Y": 0.5219542384147644,
        "Z": -0.08643576502799988
    },
    "13": {
        "X": 0.6430696249008179,
        "Y": 0.8026939034461975,
        "Z": -0.24004749953746796
    },
    "14": {
        "X": 0.2121984213590622,
        "Y": 0.5937076210975647,
        "Z": -0.14716815948486328
    },
    "15": {
        "X": 0.6124622821807861,
        "Y": 0.9914035201072693,
        "Z": -0.4494000971317291
    },
    "16": {
        "X": 0.11536971479654312,
        "Y": 0.5110958814620972,
        "Z": -0.6287773847579956
    },
    "17": {
        "X": 0.6007679104804993,
        "Y": 1.066819429397583,
        "Z": -0.4951816201210022
    },
    "18": {
        "X": 0.0805961936712265,
        "Y": 0.5188522934913635,
        "Z": -0.7019259333610535
    },
    "19": {
        "X": 0.5862060785293579,
        "Y": 1.0371439456939697,
        "Z": -0.5352686643600464
    },
    "20": {
        "X": 0.09130464494228363,
        "Y": 0.4327113926410675,
        "Z": -0.7926478981971741
    },
    "21": {
        "X": 0.5849379301071167,
        "Y": 1.0079591274261475,
        "Z": -0.47287464141845703
    },
    "22": {
        "X": 0.1064753532409668,
        "Y": 0.4389764070510864,
        "Z": -0.6870312690734863
    },
    "23": {
        "X": 0.5673119425773621,
        "Y": 1.0078164339065552,
        "Z": -0.029508035629987717
    },
    "24": {
        "X": 0.37238389253616333,
        "Y": 1.0622092485427856,
        "Z": 0.031946875154972076
    },
    "25": {
        "X": 0.5583230257034302,
        "Y": 1.4966318607330322,
        "Z": 0.012022622860968113
    },
    "26": {
        "X": 0.381490021944046,
        "Y": 1.4819492101669312,
        "Z": 0.00625225156545639
    },
    "27": {
        "X": 0.5516877174377441,
        "Y": 1.8746877908706665,
        "Z": 0.41985732316970825
    },
    "28": {
        "X": 0.37426841259002686,
        "Y": 1.8734241724014282,
        "Z": 0.28618937730789185
    },
    "29": {
        "X": 0.557532787322998,
        "Y": 1.9289616346359253,
        "Z": 0.4389093816280365
    },
    "30": {
        "X": 0.37047871947288513,
        "Y": 1.930039882659912,
        "Z": 0.2999911904335022
    },
    "31": {
        "X": 0.5153623223304749,
        "Y": 1.9931696653366089,
        "Z": 0.025919413194060326
    },
    "32": {
        "X": 0.3877761960029602,
        "Y": 1.9883770942687988,
        "Z": -0.18854257464408875
    }
}