{
    "0": {
        "X": 0.4452906548976898,
        "Y": 0.3112652897834778,
        "Z": -0.6805397868156433
    },
    "1": {
        "X": 0.4728131890296936,
        "Y": 0.2745822072029114,
        "Z": -0.6534590721130371
    },
    "2": {
        "X": 0.4875117838382721,
        "Y": 0.27504900097846985,
        "Z": -0.6537543535232544
    },
    "3": {
        "X": 0.50208979845047,
        "Y": 0.2762886881828308,
        "Z": -0.6538008451461792
    },
    "4": {
        "X": 0.4428424835205078,
        "Y": 0.2755580246448517,
        "Z": -0.6318260431289673
    },
    "5": {
        "X": 0.4361417293548584,
        "Y": 0.2761467397212982,
        "Z": -0.6317094564437866
    },
    "6": {
        "X": 0.428933322429657,
        "Y": 0.2767133414745331,
        "Z": -0.6321828365325928
    },
    "7": {
        "X": 0.5359918475151062,
        "Y": 0.30631670355796814,
        "Z": -0.4303043782711029
    },
    "8": {
        "X": 0.4371909499168396,
        "Y": 0.3009048402309418,
        "Z": -0.3177928328514099
    },
    "9": {
        "X": 0.4681081175804138,
        "Y": 0.3589974343776703,
        "Z": -0.5910991430282593
    },
    "10": {
        "X": 0.4325568675994873,
        "Y": 0.35681453347206116,
        "Z": -0.5618984699249268
    },
    "11": {
        "X": 0.6275957822799683,
        "Y": 0.5360777974128723,
        "Z": -0.24878299236297607
    },
    "12": {
        "X": 0.3676723837852478,
        "Y": 0.5325172543525696,
        "Z": -0.09604130685329437
    },
    "13": {
        "X": 0.6472442746162415,
        "Y": 0.8240839242935181,
        "Z": -0.17199034988880157
    },
    "14": {
        "X": 0.22396627068519592,
        "Y": 0.7193565368652344,
        "Z": 0.05612372234463692
    },
    "15": {
        "X": 0.6686199903488159,
        "Y": 1.0157567262649536,
        "Z": -0.37014028429985046
    },
    "16": {
        "X": 0.19762210547924042,
        "Y": 0.872734010219574,
        "Z": -0.2014203816652298
    },
    "17": {
        "X": 0.6807292103767395,
        "Y": 1.0996145009994507,
        "Z": -0.40830737352371216
    },
    "18": {
        "X": 0.19253979623317719,
        "Y": 0.9488192200660706,
        "Z": -0.2577929198741913
    },
    "19": {
        "X": 0.6695383787155151,
        "Y": 1.0869154930114746,
        "Z": -0.4649925231933594
    },
    "20": {
        "X": 0.21209314465522766,
        "Y": 0.9193096160888672,
        "Z": -0.32314571738243103
    },
    "21": {
        "X": 0.6557539701461792,
        "Y": 1.0585672855377197,
        "Z": -0.3921560049057007
    },
    "22": {
        "X": 0.2218414843082428,
        "Y": 0.8958341479301453,
        "Z": -0.2376977503299713
    },
    "23": {
        "X": 0.5553800463676453,
        "Y": 1.0556910037994385,
        "Z": -0.05402549356222153
    },
    "24": {
        "X": 0.3794472813606262,
        "Y": 1.053722858428955,
        "Z": 0.056198906153440475
    },
    "25": {
        "X": 0.5477527976036072,
        "Y": 1.4549747705459595,
        "Z": -0.10994120687246323
    },
    "26": {
        "X": 0.3888552188873291,
        "Y": 1.436787724494934,
        "Z": 0.04199887067079544
    },
    "27": {
        "X": 0.5472849011421204,
        "Y": 1.8391848802566528,
        "Z": 0.2646731436252594
    },
    "28": {
        "X": 0.38161787390708923,
        "Y": 1.8372751474380493,
        "Z": 0.32129329442977905
    },
    "29": {
        "X": 0.5539153814315796,
        "Y": 1.8935190439224243,
        "Z": 0.27838999032974243
    },
    "30": {
        "X": 0.3806713819503784,
        "Y": 1.8988415002822876,
        "Z": 0.33534395694732666
    },
    "31": {
        "X": 0.5093732476234436,
        "Y": 1.9506192207336426,
        "Z": -0.10895061492919922
    },
    "32": {
        "X": 0.38378074765205383,
        "Y": 1.9387991428375244,
        "Z": -0.0657425969839096
    }
}