{
    "0": {
        "X": 0.476175457239151,
        "Y": 0.30128711462020874,
        "Z": -0.7732150554656982
    },
    "1": {
        "X": 0.49838727712631226,
        "Y": 0.267604798078537,
        "Z": -0.7211428880691528
    },
    "2": {
        "X": 0.5120466947555542,
        "Y": 0.2689869701862335,
        "Z": -0.7215073704719543
    },
    "3": {
        "X": 0.5243915319442749,
        "Y": 0.270906537771225,
        "Z": -0.7214614152908325
    },
    "4": {
        "X": 0.46024617552757263,
        "Y": 0.267414927482605,
        "Z": -0.7333502769470215
    },
    "5": {
        "X": 0.4487937390804291,
        "Y": 0.26832523941993713,
        "Z": -0.7334557771682739
    },
    "6": {
        "X": 0.4391746520996094,
        "Y": 0.26922670006752014,
        "Z": -0.7340632081031799
    },
    "7": {
        "X": 0.5491881966590881,
        "Y": 0.3019482493400574,
        "Z": -0.40136414766311646
    },
    "8": {
        "X": 0.4353615641593933,
        "Y": 0.2959548532962799,
        "Z": -0.44017043709754944
    },
    "9": {
        "X": 0.5045017004013062,
        "Y": 0.34991222620010376,
        "Z": -0.6477718949317932
    },
    "10": {
        "X": 0.453752338886261,
        "Y": 0.34654203057289124,
        "Z": -0.6618293523788452
    },
    "11": {
        "X": 0.626408576965332,
        "Y": 0.5348813533782959,
        "Z": -0.13802854716777802
    },
    "12": {
        "X": 0.3626324534416199,
        "Y": 0.5368577241897583,
        "Z": -0.26425522565841675
    },
    "13": {
        "X": 0.6460195779800415,
        "Y": 0.8285678625106812,
        "Z": -0.026167381554841995
    },
    "14": {
        "X": 0.3138777017593384,
        "Y": 0.8169946074485779,
        "Z": -0.1685013771057129
    },
    "15": {
        "X": 0.6587566137313843,
        "Y": 1.0238714218139648,
        "Z": -0.34769582748413086
    },
    "16": {
        "X": 0.31236010789871216,
        "Y": 1.0269222259521484,
        "Z": -0.447186142206192
    },
    "17": {
        "X": 0.6634405255317688,
        "Y": 1.102851390838623,
        "Z": -0.42777666449546814
    },
    "18": {
        "X": 0.31376326084136963,
        "Y": 1.1028807163238525,
        "Z": -0.5331135988235474
    },
    "19": {
        "X": 0.655922532081604,
        "Y": 1.094179391860962,
        "Z": -0.4949001371860504
    },
    "20": {
        "X": 0.3238399922847748,
        "Y": 1.0871309041976929,
        "Z": -0.6200729608535767
    },
    "21": {
        "X": 0.64240962266922,
        "Y": 1.0488007068634033,
        "Z": -0.38733774423599243
    },
    "22": {
        "X": 0.33136871457099915,
        "Y": 1.0587031841278076,
        "Z": -0.4889048933982849
    },
    "23": {
        "X": 0.5631359815597534,
        "Y": 1.0798314809799194,
        "Z": 0.014104289002716541
    },
    "24": {
        "X": 0.38695037364959717,
        "Y": 1.0192618370056152,
        "Z": -0.012346507050096989
    },
    "25": {
        "X": 0.5624001026153564,
        "Y": 1.4834284782409668,
        "Z": -0.0211328137665987
    },
    "26": {
        "X": 0.40491634607315063,
        "Y": 1.4717780351638794,
        "Z": -0.08583642542362213
    },
    "27": {
        "X": 0.5686365365982056,
        "Y": 1.8634034395217896,
        "Z": 0.38562116026878357
    },
    "28": {
        "X": 0.40844544768333435,
        "Y": 1.8684570789337158,
        "Z": 0.20900487899780273
    },
    "29": {
        "X": 0.5711456537246704,
        "Y": 1.9217867851257324,
        "Z": 0.40002208948135376
    },
    "30": {
        "X": 0.4053921699523926,
        "Y": 1.9316719770431519,
        "Z": 0.21917660534381866
    },
    "31": {
        "X": 0.5449851155281067,
        "Y": 1.973886489868164,
        "Z": 0.002812908496707678
    },
    "32": {
        "X": 0.4201807975769043,
        "Y": 1.9701268672943115,
        "Z": -0.1915779709815979
    }
}