{
    "0": {
        "X": 0.49498066306114197,
        "Y": 0.31325632333755493,
        "Z": -0.648807168006897
    },
    "1": {
        "X": 0.5179107785224915,
        "Y": 0.2745583653450012,
        "Z": -0.6102913618087769
    },
    "2": {
        "X": 0.5309168100357056,
        "Y": 0.27560320496559143,
        "Z": -0.6102465391159058
    },
    "3": {
        "X": 0.5417628288269043,
        "Y": 0.2767885625362396,
        "Z": -0.6103882789611816
    },
    "4": {
        "X": 0.4761617183685303,
        "Y": 0.2754184901714325,
        "Z": -0.6149346232414246
    },
    "5": {
        "X": 0.4622877240180969,
        "Y": 0.27730482816696167,
        "Z": -0.6146183609962463
    },
    "6": {
        "X": 0.4500354826450348,
        "Y": 0.2790718078613281,
        "Z": -0.6149324178695679
    },
    "7": {
        "X": 0.5625720620155334,
        "Y": 0.3026520609855652,
        "Z": -0.32969075441360474
    },
    "8": {
        "X": 0.4372144341468811,
        "Y": 0.3035423457622528,
        "Z": -0.3389115035533905
    },
    "9": {
        "X": 0.5208228230476379,
        "Y": 0.35963675379753113,
        "Z": -0.5442358255386353
    },
    "10": {
        "X": 0.46599388122558594,
        "Y": 0.3579370379447937,
        "Z": -0.5474054217338562
    },
    "11": {
        "X": 0.6328095197677612,
        "Y": 0.5408912897109985,
        "Z": -0.14065612852573395
    },
    "12": {
        "X": 0.360659658908844,
        "Y": 0.5195261240005493,
        "Z": -0.20485933125019073
    },
    "13": {
        "X": 0.6459266543388367,
        "Y": 0.8389820456504822,
        "Z": -0.028712639585137367
    },
    "14": {
        "X": 0.2440057098865509,
        "Y": 0.7354121804237366,
        "Z": -0.30579203367233276
    },
    "15": {
        "X": 0.6621655821800232,
        "Y": 1.034493088722229,
        "Z": -0.21781142055988312
    },
    "16": {
        "X": 0.25887733697891235,
        "Y": 0.8132179379463196,
        "Z": -0.6550148725509644
    },
    "17": {
        "X": 0.671995997428894,
        "Y": 1.1136932373046875,
        "Z": -0.2707439363002777
    },
    "18": {
        "X": 0.2604484558105469,
        "Y": 0.8714344501495361,
        "Z": -0.743312418460846
    },
    "19": {
        "X": 0.6589387059211731,
        "Y": 1.0980051755905151,
        "Z": -0.3339974284172058
    },
    "20": {
        "X": 0.2926664650440216,
        "Y": 0.8624396920204163,
        "Z": -0.796438455581665
    },
    "21": {
        "X": 0.6481307148933411,
        "Y": 1.0649466514587402,
        "Z": -0.2526668310165405
    },
    "22": {
        "X": 0.29612189531326294,
        "Y": 0.8366262316703796,
        "Z": -0.6858526468276978
    },
    "23": {
        "X": 0.5654875040054321,
        "Y": 1.033099889755249,
        "Z": -0.00770298857241869
    },
    "24": {
        "X": 0.3849335312843323,
        "Y": 1.0246350765228271,
        "Z": 0.01032825093716383
    },
    "25": {
        "X": 0.5651837587356567,
        "Y": 1.5063847303390503,
        "Z": 0.09422343224287033
    },
    "26": {
        "X": 0.3809147775173187,
        "Y": 1.4934512376785278,
        "Z": 0.05645674467086792
    },
    "27": {
        "X": 0.5529585480690002,
        "Y": 1.8948609828948975,
        "Z": 0.4759318232536316
    },
    "28": {
        "X": 0.3743479549884796,
        "Y": 1.8800548315048218,
        "Z": 0.35490041971206665
    },
    "29": {
        "X": 0.5559936761856079,
        "Y": 1.9532660245895386,
        "Z": 0.4939187467098236
    },
    "30": {
        "X": 0.3687024712562561,
        "Y": 1.9390442371368408,
        "Z": 0.3731366991996765
    },
    "31": {
        "X": 0.5199114680290222,
        "Y": 2.019456624984741,
        "Z": 0.12742012739181519
    },
    "32": {
        "X": 0.3931260108947754,
        "Y": 2.0022342205047607,
        "Z": -0.05656815692782402
    }
}