{
    "0": {
        "X": 0.4392811357975006,
        "Y": 0.3101217448711395,
        "Z": -0.5851931571960449
    },
    "1": {
        "X": 0.4624415934085846,
        "Y": 0.27278298139572144,
        "Z": -0.5790858268737793
    },
    "2": {
        "X": 0.47488412261009216,
        "Y": 0.2726426422595978,
        "Z": -0.5791810154914856
    },
    "3": {
        "X": 0.4887210428714752,
        "Y": 0.2729784846305847,
        "Z": -0.5793050527572632
    },
    "4": {
        "X": 0.4378102421760559,
        "Y": 0.2742869555950165,
        "Z": -0.5392759442329407
    },
    "5": {
        "X": 0.4316021502017975,
        "Y": 0.2750101685523987,
        "Z": -0.5390350222587585
    },
    "6": {
        "X": 0.4260724186897278,
        "Y": 0.27548250555992126,
        "Z": -0.5393424034118652
    },
    "7": {
        "X": 0.527579665184021,
        "Y": 0.3010750412940979,
        "Z": -0.38798996806144714
    },
    "8": {
        "X": 0.4366835057735443,
        "Y": 0.2985520362854004,
        "Z": -0.2190670669078827
    },
    "9": {
        "X": 0.4606594443321228,
        "Y": 0.356340229511261,
        "Z": -0.5150045156478882
    },
    "10": {
        "X": 0.4299863874912262,
        "Y": 0.3556421399116516,
        "Z": -0.46124833822250366
    },
    "11": {
        "X": 0.6390315294265747,
        "Y": 0.5234918594360352,
        "Z": -0.27024540305137634
    },
    "12": {
        "X": 0.3657316565513611,
        "Y": 0.5222006440162659,
        "Z": -0.05524754524230957
    },
    "13": {
        "X": 0.6597320437431335,
        "Y": 0.819729745388031,
        "Z": -0.30099397897720337
    },
    "14": {
        "X": 0.22973906993865967,
        "Y": 0.7331131100654602,
        "Z": -0.3840327858924866
    },
    "15": {
        "X": 0.6769838333129883,
        "Y": 1.0196701288223267,
        "Z": -0.5332615971565247
    },
    "16": {
        "X": 0.20122960209846497,
        "Y": 0.7174659967422485,
        "Z": -0.839705765247345
    },
    "17": {
        "X": 0.6890681982040405,
        "Y": 1.1059162616729736,
        "Z": -0.5932459235191345
    },
    "18": {
        "X": 0.1869116723537445,
        "Y": 0.7339855432510376,
        "Z": -0.9380383491516113
    },
    "19": {
        "X": 0.6680889129638672,
        "Y": 1.0879623889923096,
        "Z": -0.6425994634628296
    },
    "20": {
        "X": 0.19615323841571808,
        "Y": 0.7155585885047913,
        "Z": -0.9625951051712036
    },
    "21": {
        "X": 0.6573832631111145,
        "Y": 1.0603303909301758,
        "Z": -0.5597925782203674
    },
    "22": {
        "X": 0.2112833708524704,
        "Y": 0.7183251976966858,
        "Z": -0.8695443272590637
    },
    "23": {
        "X": 0.5674699544906616,
        "Y": 1.0273191928863525,
        "Z": -0.07250863313674927
    },
    "24": {
        "X": 0.3781232535839081,
        "Y": 1.0595333576202393,
        "Z": 0.07541365921497345
    },
    "25": {
        "X": 0.5690166354179382,
        "Y": 1.506335735321045,
        "Z": -0.06755964457988739
    },
    "26": {
        "X": 0.392533540725708,
        "Y": 1.492755651473999,
        "Z": 0.14302434027194977
    },
    "27": {
        "X": 0.5638073682785034,
        "Y": 1.8946278095245361,
        "Z": 0.33689749240875244
    },
    "28": {
        "X": 0.38909828662872314,
        "Y": 1.882156252861023,
        "Z": 0.46106594800949097
    },
    "29": {
        "X": 0.5739222764968872,
        "Y": 1.9545906782150269,
        "Z": 0.35365498065948486
    },
    "30": {
        "X": 0.3858555853366852,
        "Y": 1.938106894493103,
        "Z": 0.48122844099998474
    },
    "31": {
        "X": 0.5190654993057251,
        "Y": 2.0075314044952393,
        "Z": -0.06597290188074112
    },
    "32": {
        "X": 0.3936924338340759,
        "Y": 2.005267858505249,
        "Z": 0.05979002267122269
    }
}