{
    "0": {
        "X": 0.4869648814201355,
        "Y": 0.4069421589374542,
        "Z": -1.2027257680892944
    },
    "1": {
        "X": 0.5179608464241028,
        "Y": 0.3478308916091919,
        "Z": -1.1368553638458252
    },
    "2": {
        "X": 0.537404477596283,
        "Y": 0.3475087583065033,
        "Z": -1.1370913982391357
    },
    "3": {
        "X": 0.5515117645263672,
        "Y": 0.347818523645401,
        "Z": -1.136962890625
    },
    "4": {
        "X": 0.4564586579799652,
        "Y": 0.34954220056533813,
        "Z": -1.138197660446167
    },
    "5": {
        "X": 0.4374472200870514,
        "Y": 0.3499096632003784,
        "Z": -1.13765549659729
    },
    "6": {
        "X": 0.4224259853363037,
        "Y": 0.3510974943637848,
        "Z": -1.1381356716156006
    },
    "7": {
        "X": 0.5786482691764832,
        "Y": 0.3806266188621521,
        "Z": -0.6875654458999634
    },
    "8": {
        "X": 0.4033277630805969,
        "Y": 0.3846149444580078,
        "Z": -0.6812992095947266
    },
    "9": {
        "X": 0.5257128477096558,
        "Y": 0.47706881165504456,
        "Z": -1.0340806245803833
    },
    "10": {
        "X": 0.4531446099281311,
        "Y": 0.4773351550102234,
        "Z": -1.032662272453308
    },
    "11": {
        "X": 0.7279476523399353,
        "Y": 0.7485750913619995,
        "Z": -0.35771459341049194
    },
    "12": {
        "X": 0.28435343503952026,
        "Y": 0.7343568205833435,
        "Z": -0.41118088364601135
    },
    "13": {
        "X": 0.8102558255195618,
        "Y": 1.1816750764846802,
        "Z": -0.2713657021522522
    },
    "14": {
        "X": 0.20159022510051727,
        "Y": 1.1627976894378662,
        "Z": -0.369064599275589
    },
    "15": {
        "X": 0.8076412081718445,
        "Y": 1.482818603515625,
        "Z": -0.7234916687011719
    },
    "16": {
        "X": 0.1966949999332428,
        "Y": 1.3900916576385498,
        "Z": -1.023345708847046
    },
    "17": {
        "X": 0.8266544342041016,
        "Y": 1.596563458442688,
        "Z": -0.8599920272827148
    },
    "18": {
        "X": 0.17786484956741333,
        "Y": 1.4811755418777466,
        "Z": -1.1959607601165771
    },
    "19": {
        "X": 0.7842365503311157,
        "Y": 1.5840591192245483,
        "Z": -0.9526918530464172
    },
    "20": {
        "X": 0.2135448157787323,
        "Y": 1.4511483907699585,
        "Z": -1.3019789457321167
    },
    "21": {
        "X": 0.7664662599563599,
        "Y": 1.535815954208374,
        "Z": -0.7820795774459839
    },
    "22": {
        "X": 0.22931961715221405,
        "Y": 1.4152885675430298,
        "Z": -1.0887033939361572
    },
    "23": {
        "X": 0.6429269909858704,
        "Y": 1.5169923305511475,
        "Z": -0.03539470583200455
    },
    "24": {
        "X": 0.3471296727657318,
        "Y": 1.5089561939239502,
        "Z": 0.04026591032743454
    },
    "25": {
        "X": 0.6282154321670532,
        "Y": 2.140460729598999,
        "Z": -0.0717671662569046
    },
    "26": {
        "X": 0.35966727137565613,
        "Y": 2.120842695236206,
        "Z": -0.1089104413986206
    },
    "27": {
        "X": 0.631033718585968,
        "Y": 2.7086403369903564,
        "Z": 0.5276332497596741
    },
    "28": {
        "X": 0.374218612909317,
        "Y": 2.691464424133301,
        "Z": 0.3005290627479553
    },
    "29": {
        "X": 0.6358855962753296,
        "Y": 2.805607795715332,
        "Z": 0.5432626008987427
    },
    "30": {
        "X": 0.37507468461990356,
        "Y": 2.7862534523010254,
        "Z": 0.31784412264823914
    },
    "31": {
        "X": 0.5847666263580322,
        "Y": 2.8832571506500244,
        "Z": -0.12780079245567322
    },
    "32": {
        "X": 0.41752004623413086,
        "Y": 2.8624207973480225,
        "Z": -0.3916218876838684
    }
}