{
    "0": {
        "X": 0.4737999439239502,
        "Y": 0.3509148359298706,
        "Z": -1.1600189208984375
    },
    "1": {
        "X": 0.4928217828273773,
        "Y": 0.30304720997810364,
        "Z": -1.1200591325759888
    },
    "2": {
        "X": 0.5043751001358032,
        "Y": 0.3023754358291626,
        "Z": -1.1202837228775024
    },
    "3": {
        "X": 0.5136443376541138,
        "Y": 0.3022274374961853,
        "Z": -1.120346188545227
    },
    "4": {
        "X": 0.4510376453399658,
        "Y": 0.3060356676578522,
        "Z": -1.128551721572876
    },
    "5": {
        "X": 0.43689918518066406,
        "Y": 0.30751943588256836,
        "Z": -1.128894567489624
    },
    "6": {
        "X": 0.4258453845977783,
        "Y": 0.31005996465682983,
        "Z": -1.1294779777526855
    },
    "7": {
        "X": 0.5338672995567322,
        "Y": 0.3198997676372528,
        "Z": -0.7947832942008972
    },
    "8": {
        "X": 0.4067683815956116,
        "Y": 0.3288451135158539,
        "Z": -0.8197963833808899
    },
    "9": {
        "X": 0.49848610162734985,
        "Y": 0.39396485686302185,
        "Z": -1.0269014835357666
    },
    "10": {
        "X": 0.4470798075199127,
        "Y": 0.3959130346775055,
        "Z": -1.036430835723877
    },
    "11": {
        "X": 0.6221836805343628,
        "Y": 0.5368670225143433,
        "Z": -0.47416195273399353
    },
    "12": {
        "X": 0.3314233124256134,
        "Y": 0.5478880405426025,
        "Z": -0.5763111710548401
    },
    "13": {
        "X": 0.6574215888977051,
        "Y": 0.8549563884735107,
        "Z": -0.3798086941242218
    },
    "14": {
        "X": 0.28562241792678833,
        "Y": 0.8465721011161804,
        "Z": -0.5071349143981934
    },
    "15": {
        "X": 0.6294317245483398,
        "Y": 1.095417857170105,
        "Z": -0.682549774646759
    },
    "16": {
        "X": 0.327305406332016,
        "Y": 1.0629494190216064,
        "Z": -0.7941008806228638
    },
    "17": {
        "X": 0.6338354349136353,
        "Y": 1.1871612071990967,
        "Z": -0.7701910734176636
    },
    "18": {
        "X": 0.33445072174072266,
        "Y": 1.152164340019226,
        "Z": -0.8840997815132141
    },
    "19": {
        "X": 0.6123908758163452,
        "Y": 1.1720949411392212,
        "Z": -0.8431683778762817
    },
    "20": {
        "X": 0.35176050662994385,
        "Y": 1.1326754093170166,
        "Z": -0.9622148275375366
    },
    "21": {
        "X": 0.6011843681335449,
        "Y": 1.1371958255767822,
        "Z": -0.721955418586731
    },
    "22": {
        "X": 0.3572395443916321,
        "Y": 1.0996092557907104,
        "Z": -0.8302626609802246
    },
    "23": {
        "X": 0.5571385622024536,
        "Y": 1.0133025646209717,
        "Z": -0.005404004827141762
    },
    "24": {
        "X": 0.37738266587257385,
        "Y": 1.0585838556289673,
        "Z": 0.007024002261459827
    },
    "25": {
        "X": 0.5404311418533325,
        "Y": 1.4537370204925537,
        "Z": -0.11542434990406036
    },
    "26": {
        "X": 0.37328845262527466,
        "Y": 1.4396113157272339,
        "Z": -0.1586887240409851
    },
    "27": {
        "X": 0.53298020362854,
        "Y": 1.8262706995010376,
        "Z": 0.23209300637245178
    },
    "28": {
        "X": 0.3652666211128235,
        "Y": 1.8205348253250122,
        "Z": 0.03447256237268448
    },
    "29": {
        "X": 0.5337285995483398,
        "Y": 1.8806511163711548,
        "Z": 0.24107953906059265
    },
    "30": {
        "X": 0.3636130392551422,
        "Y": 1.8806793689727783,
        "Z": 0.03751582279801369
    },
    "31": {
        "X": 0.5094529390335083,
        "Y": 1.9478511810302734,
        "Z": -0.15733443200588226
    },
    "32": {
        "X": 0.3797685503959656,
        "Y": 1.9372984170913696,
        "Z": -0.35353246331214905
    }
}