{
    "0": {
        "X": 0.38380441069602966,
        "Y": 0.3401872515678406,
        "Z": -0.3622373938560486
    },
    "1": {
        "X": 0.40949922800064087,
        "Y": 0.2987566590309143,
        "Z": -0.3998871445655823
    },
    "2": {
        "X": 0.420367568731308,
        "Y": 0.2962046265602112,
        "Z": -0.3998475968837738
    },
    "3": {
        "X": 0.4307762086391449,
        "Y": 0.2952437102794647,
        "Z": -0.4001286029815674
    },
    "4": {
        "X": 0.3901349604129791,
        "Y": 0.3028900921344757,
        "Z": -0.32355326414108276
    },
    "5": {
        "X": 0.38717156648635864,
        "Y": 0.3024275600910187,
        "Z": -0.32317501306533813
    },
    "6": {
        "X": 0.3848102390766144,
        "Y": 0.30217114090919495,
        "Z": -0.3235154151916504
    },
    "7": {
        "X": 0.48011451959609985,
        "Y": 0.3152698576450348,
        "Z": -0.41689786314964294
    },
    "8": {
        "X": 0.42460861802101135,
        "Y": 0.31745776534080505,
        "Z": -0.05833502486348152
    },
    "9": {
        "X": 0.4150175452232361,
        "Y": 0.38155490159988403,
        "Z": -0.35958099365234375
    },
    "10": {
        "X": 0.3919385075569153,
        "Y": 0.38048723340034485,
        "Z": -0.25670942664146423
    },
    "11": {
        "X": 0.6429846882820129,
        "Y": 0.5605291128158569,
        "Z": -0.4112270772457123
    },
    "12": {
        "X": 0.36681851744651794,
        "Y": 0.5145223736763,
        "Z": 0.07420070469379425
    },
    "13": {
        "X": 0.6689105033874512,
        "Y": 0.915599524974823,
        "Z": -0.46874603629112244
    },
    "14": {
        "X": 0.3121093809604645,
        "Y": 0.778645396232605,
        "Z": 0.09994372725486755
    },
    "15": {
        "X": 0.6037577390670776,
        "Y": 1.153409481048584,
        "Z": -0.495736688375473
    },
    "16": {
        "X": 0.3142392635345459,
        "Y": 0.9816615581512451,
        "Z": -0.2288203239440918
    },
    "17": {
        "X": 0.5975844860076904,
        "Y": 1.2350953817367554,
        "Z": -0.5672248601913452
    },
    "18": {
        "X": 0.30450373888015747,
        "Y": 1.0851224660873413,
        "Z": -0.2784835696220398
    },
    "19": {
        "X": 0.5620964765548706,
        "Y": 1.2289615869522095,
        "Z": -0.5722697377204895
    },
    "20": {
        "X": 0.33150985836982727,
        "Y": 1.085008144378662,
        "Z": -0.3288693130016327
    },
    "21": {
        "X": 0.5634332895278931,
        "Y": 1.1900883913040161,
        "Z": -0.4997257590293884
    },
    "22": {
        "X": 0.3388397693634033,
        "Y": 1.0538774728775024,
        "Z": -0.2638600766658783
    },
    "23": {
        "X": 0.5676592588424683,
        "Y": 1.0450217723846436,
        "Z": -0.16293251514434814
    },
    "24": {
        "X": 0.4011973738670349,
        "Y": 1.0547032356262207,
        "Z": 0.165980726480484
    },
    "25": {
        "X": 0.5392622351646423,
        "Y": 1.5199902057647705,
        "Z": -0.23055335879325867
    },
    "26": {
        "X": 0.38534611463546753,
        "Y": 1.4918665885925293,
        "Z": 0.2406170815229416
    },
    "27": {
        "X": 0.5292215943336487,
        "Y": 1.9122120141983032,
        "Z": 0.11370471864938736
    },
    "28": {
        "X": 0.3753587603569031,
        "Y": 1.8844953775405884,
        "Z": 0.4647729992866516
    },
    "29": {
        "X": 0.5465749502182007,
        "Y": 1.9790934324264526,
        "Z": 0.12615345418453217
    },
    "30": {
        "X": 0.3790262043476105,
        "Y": 1.950561761856079,
        "Z": 0.4771846830844879
    },
    "31": {
        "X": 0.4533246159553528,
        "Y": 2.016960382461548,
        "Z": -0.2552696466445923
    },
    "32": {
        "X": 0.34100911021232605,
        "Y": 2.0039021968841553,
        "Z": 0.11296600103378296
    }
}