{
    "0": {
        "X": 0.38444778323173523,
        "Y": 0.3450293242931366,
        "Z": -0.6892372965812683
    },
    "1": {
        "X": 0.40876975655555725,
        "Y": 0.29940956830978394,
        "Z": -0.7293915748596191
    },
    "2": {
        "X": 0.41896867752075195,
        "Y": 0.2973054051399231,
        "Z": -0.7293356657028198
    },
    "3": {
        "X": 0.4305645525455475,
        "Y": 0.2960435450077057,
        "Z": -0.7294694781303406
    },
    "4": {
        "X": 0.38831445574760437,
        "Y": 0.30496442317962646,
        "Z": -0.6619545221328735
    },
    "5": {
        "X": 0.38454940915107727,
        "Y": 0.3057369291782379,
        "Z": -0.6618149876594543
    },
    "6": {
        "X": 0.38074615597724915,
        "Y": 0.3066944479942322,
        "Z": -0.662298858165741
    },
    "7": {
        "X": 0.4808367192745209,
        "Y": 0.31483975052833557,
        "Z": -0.7147597074508667
    },
    "8": {
        "X": 0.41115957498550415,
        "Y": 0.31741949915885925,
        "Z": -0.40146297216415405
    },
    "9": {
        "X": 0.4130633473396301,
        "Y": 0.38165000081062317,
        "Z": -0.6710761785507202
    },
    "10": {
        "X": 0.389225035905838,
        "Y": 0.3843957483768463,
        "Z": -0.5802176594734192
    },
    "11": {
        "X": 0.6303274631500244,
        "Y": 0.5440709590911865,
        "Z": -0.5902662873268127
    },
    "12": {
        "X": 0.3559421896934509,
        "Y": 0.5158774256706238,
        "Z": -0.2233087122440338
    },
    "13": {
        "X": 0.6616918444633484,
        "Y": 0.8917612433433533,
        "Z": -0.5299180746078491
    },
    "14": {
        "X": 0.29647523164749146,
        "Y": 0.8021977543830872,
        "Z": -0.06115289404988289
    },
    "15": {
        "X": 0.6121700406074524,
        "Y": 1.1306833028793335,
        "Z": -0.583254337310791
    },
    "16": {
        "X": 0.31662338972091675,
        "Y": 1.0025839805603027,
        "Z": -0.2683442533016205
    },
    "17": {
        "X": 0.607466995716095,
        "Y": 1.2228543758392334,
        "Z": -0.6471210718154907
    },
    "18": {
        "X": 0.3227820098400116,
        "Y": 1.111431360244751,
        "Z": -0.3118992745876312
    },
    "19": {
        "X": 0.5814751386642456,
        "Y": 1.2104157209396362,
        "Z": -0.6822876930236816
    },
    "20": {
        "X": 0.34060999751091003,
        "Y": 1.1034495830535889,
        "Z": -0.3764832317829132
    },
    "21": {
        "X": 0.5761899352073669,
        "Y": 1.1699669361114502,
        "Z": -0.5978330373764038
    },
    "22": {
        "X": 0.34726786613464355,
        "Y": 1.069530963897705,
        "Z": -0.3028828501701355
    },
    "23": {
        "X": 0.5690659284591675,
        "Y": 1.0198549032211304,
        "Z": -0.11789649724960327
    },
    "24": {
        "X": 0.39735954999923706,
        "Y": 1.018886685371399,
        "Z": 0.12040792405605316
    },
    "25": {
        "X": 0.5459686517715454,
        "Y": 1.4723906517028809,
        "Z": -0.19936901330947876
    },
    "26": {
        "X": 0.38210880756378174,
        "Y": 1.444101333618164,
        "Z": 0.16491729021072388
    },
    "27": {
        "X": 0.5415160655975342,
        "Y": 1.848997712135315,
        "Z": 0.15831319987773895
    },
    "28": {
        "X": 0.3778541088104248,
        "Y": 1.8282432556152344,
        "Z": 0.44469767808914185
    },
    "29": {
        "X": 0.5528329610824585,
        "Y": 1.9109221696853638,
        "Z": 0.17219404876232147
    },
    "30": {
        "X": 0.38085776567459106,
        "Y": 1.892435908317566,
        "Z": 0.4627903401851654
    },
    "31": {
        "X": 0.4858333170413971,
        "Y": 1.962583303451538,
        "Z": -0.21762602031230927
    },
    "32": {
        "X": 0.3651212453842163,
        "Y": 1.9457744359970093,
        "Z": 0.08754967153072357
    }
}