{
    "0": {
        "X": 0.47365593910217285,
        "Y": 0.35733047127723694,
        "Z": -1.1233919858932495
    },
    "1": {
        "X": 0.4957568645477295,
        "Y": 0.30545035004615784,
        "Z": -1.0868881940841675
    },
    "2": {
        "X": 0.5083173513412476,
        "Y": 0.3047119379043579,
        "Z": -1.087029218673706
    },
    "3": {
        "X": 0.5179283022880554,
        "Y": 0.30507174134254456,
        "Z": -1.0870823860168457
    },
    "4": {
        "X": 0.4531702995300293,
        "Y": 0.3095593750476837,
        "Z": -1.0906751155853271
    },
    "5": {
        "X": 0.4398699700832367,
        "Y": 0.3109028935432434,
        "Z": -1.0910320281982422
    },
    "6": {
        "X": 0.42949551343917847,
        "Y": 0.3127717673778534,
        "Z": -1.0915545225143433
    },
    "7": {
        "X": 0.5402178168296814,
        "Y": 0.3248743712902069,
        "Z": -0.7623361349105835
    },
    "8": {
        "X": 0.41392025351524353,
        "Y": 0.3330219089984894,
        "Z": -0.7733466029167175
    },
    "9": {
        "X": 0.49957284331321716,
        "Y": 0.4014798700809479,
        "Z": -0.9919581413269043
    },
    "10": {
        "X": 0.44945865869522095,
        "Y": 0.4016367495059967,
        "Z": -0.9955336451530457
    },
    "11": {
        "X": 0.6301227807998657,
        "Y": 0.5363786816596985,
        "Z": -0.44978100061416626
    },
    "12": {
        "X": 0.336288720369339,
        "Y": 0.5465482473373413,
        "Z": -0.5188890099525452
    },
    "13": {
        "X": 0.6641895771026611,
        "Y": 0.8557262420654297,
        "Z": -0.33596739172935486
    },
    "14": {
        "X": 0.28325355052948,
        "Y": 0.8370476365089417,
        "Z": -0.42548075318336487
    },
    "15": {
        "X": 0.6221221685409546,
        "Y": 1.0484341382980347,
        "Z": -0.6191546320915222
    },
    "16": {
        "X": 0.328483909368515,
        "Y": 1.026249885559082,
        "Z": -0.6935020685195923
    },
    "17": {
        "X": 0.607148289680481,
        "Y": 1.1724011898040771,
        "Z": -0.7010159492492676
    },
    "18": {
        "X": 0.3478996455669403,
        "Y": 1.1118035316467285,
        "Z": -0.7770999073982239
    },
    "19": {
        "X": 0.5858426690101624,
        "Y": 1.1484055519104004,
        "Z": -0.7666104435920715
    },
    "20": {
        "X": 0.36602404713630676,
        "Y": 1.0837724208831787,
        "Z": -0.8427191972732544
    },
    "21": {
        "X": 0.5796237587928772,
        "Y": 1.1130249500274658,
        "Z": -0.652578592300415
    },
    "22": {
        "X": 0.36909258365631104,
        "Y": 1.053045630455017,
        "Z": -0.7233070135116577
    },
    "23": {
        "X": 0.5678647756576538,
        "Y": 1.0592552423477173,
        "Z": -0.008021648973226547
    },
    "24": {
        "X": 0.38594749569892883,
        "Y": 0.9950496554374695,
        "Z": 0.009532049298286438
    },
    "25": {
        "X": 0.5483545064926147,
        "Y": 1.4387710094451904,
        "Z": -0.15230369567871094
    },
    "26": {
        "X": 0.3823278546333313,
        "Y": 1.4208433628082275,
        "Z": -0.10502617061138153
    },
    "27": {
        "X": 0.5420376062393188,
        "Y": 1.8111294507980347,
        "Z": 0.1815296709537506
    },
    "28": {
        "X": 0.37445884943008423,
        "Y": 1.804075837135315,
        "Z": 0.08596973121166229
    },
    "29": {
        "X": 0.5430380702018738,
        "Y": 1.8649780750274658,
        "Z": 0.19344422221183777
    },
    "30": {
        "X": 0.3727826476097107,
        "Y": 1.8657547235488892,
        "Z": 0.08868911117315292
    },
    "31": {
        "X": 0.5169483423233032,
        "Y": 1.9357515573501587,
        "Z": -0.17794302105903625
    },
    "32": {
        "X": 0.385135680437088,
        "Y": 1.9169907569885254,
        "Z": -0.31169193983078003
    }
}