{
    "0": {
        "X": 0.4750045835971832,
        "Y": 0.35299593210220337,
        "Z": -1.1278703212738037
    },
    "1": {
        "X": 0.49571841955184937,
        "Y": 0.3039013743400574,
        "Z": -1.0888255834579468
    },
    "2": {
        "X": 0.5076977610588074,
        "Y": 0.3030347526073456,
        "Z": -1.0889790058135986
    },
    "3": {
        "X": 0.5170261859893799,
        "Y": 0.3031758964061737,
        "Z": -1.089034914970398
    },
    "4": {
        "X": 0.4534125328063965,
        "Y": 0.30810099840164185,
        "Z": -1.095806360244751
    },
    "5": {
        "X": 0.43982163071632385,
        "Y": 0.30986592173576355,
        "Z": -1.0961838960647583
    },
    "6": {
        "X": 0.42863017320632935,
        "Y": 0.31218698620796204,
        "Z": -1.0967519283294678
    },
    "7": {
        "X": 0.5385450720787048,
        "Y": 0.32364827394485474,
        "Z": -0.760758638381958
    },
    "8": {
        "X": 0.4124416410923004,
        "Y": 0.33292070031166077,
        "Z": -0.782569169998169
    },
    "9": {
        "X": 0.4996316432952881,
        "Y": 0.39594975113868713,
        "Z": -0.9941323399543762
    },
    "10": {
        "X": 0.4495152533054352,
        "Y": 0.39732715487480164,
        "Z": -1.0017486810684204
    },
    "11": {
        "X": 0.6292722225189209,
        "Y": 0.5452604293823242,
        "Z": -0.4368085265159607
    },
    "12": {
        "X": 0.3352352976799011,
        "Y": 0.5468312501907349,
        "Z": -0.5369337797164917
    },
    "13": {
        "X": 0.6637836694717407,
        "Y": 0.8713918924331665,
        "Z": -0.3392786979675293
    },
    "14": {
        "X": 0.2830001413822174,
        "Y": 0.8347866535186768,
        "Z": -0.449166864156723
    },
    "15": {
        "X": 0.6193059086799622,
        "Y": 1.083733081817627,
        "Z": -0.6621490716934204
    },
    "16": {
        "X": 0.3131906986236572,
        "Y": 1.0110843181610107,
        "Z": -0.7235843539237976
    },
    "17": {
        "X": 0.6109982132911682,
        "Y": 1.1754364967346191,
        "Z": -0.7479860782623291
    },
    "18": {
        "X": 0.3266630172729492,
        "Y": 1.1061969995498657,
        "Z": -0.8070706129074097
    },
    "19": {
        "X": 0.591260552406311,
        "Y": 1.1524736881256104,
        "Z": -0.8229333162307739
    },
    "20": {
        "X": 0.3424006998538971,
        "Y": 1.0822815895080566,
        "Z": -0.8758608102798462
    },
    "21": {
        "X": 0.5839030146598816,
        "Y": 1.1182633638381958,
        "Z": -0.7005237340927124
    },
    "22": {
        "X": 0.34895873069763184,
        "Y": 1.0526069402694702,
        "Z": -0.7555502653121948
    },
    "23": {
        "X": 0.5678094625473022,
        "Y": 1.0430809259414673,
        "Z": 0.0013969230931252241
    },
    "24": {
        "X": 0.3881165087223053,
        "Y": 1.015062689781189,
        "Z": 0.00015303873806260526
    },
    "25": {
        "X": 0.543357253074646,
        "Y": 1.4080384969711304,
        "Z": -0.20305263996124268
    },
    "26": {
        "X": 0.383634477853775,
        "Y": 1.3845957517623901,
        "Z": -0.22755929827690125
    },
    "27": {
        "X": 0.540246844291687,
        "Y": 1.8010350465774536,
        "Z": 0.1883738785982132
    },
    "28": {
        "X": 0.3773501217365265,
        "Y": 1.7981536388397217,
        "Z": 0.052706558257341385
    },
    "29": {
        "X": 0.5403990745544434,
        "Y": 1.854928731918335,
        "Z": 0.20458655059337616
    },
    "30": {
        "X": 0.37459442019462585,
        "Y": 1.8600025177001953,
        "Z": 0.06114311143755913
    },
    "31": {
        "X": 0.5133575201034546,
        "Y": 1.930072546005249,
        "Z": -0.17172013223171234
    },
    "32": {
        "X": 0.3861684501171112,
        "Y": 1.922256350517273,
        "Z": -0.3600981533527374
    }
}