{
    "0": {
        "X": 0.4167974889278412,
        "Y": 0.3497612178325653,
        "Z": -1.0274429321289062
    },
    "1": {
        "X": 0.44041842222213745,
        "Y": 0.3014153838157654,
        "Z": -1.020447850227356
    },
    "2": {
        "X": 0.45594316720962524,
        "Y": 0.3000137209892273,
        "Z": -1.0206053256988525
    },
    "3": {
        "X": 0.4717176556587219,
        "Y": 0.2994116544723511,
        "Z": -1.0206669569015503
    },
    "4": {
        "X": 0.4091731607913971,
        "Y": 0.3066891133785248,
        "Z": -0.9935712814331055
    },
    "5": {
        "X": 0.4005226492881775,
        "Y": 0.3086371123790741,
        "Z": -0.9937731623649597
    },
    "6": {
        "X": 0.39208418130874634,
        "Y": 0.3110872209072113,
        "Z": -0.9943947792053223
    },
    "7": {
        "X": 0.508136510848999,
        "Y": 0.32038649916648865,
        "Z": -0.8199586868286133
    },
    "8": {
        "X": 0.39339855313301086,
        "Y": 0.33075129985809326,
        "Z": -0.6921654939651489
    },
    "9": {
        "X": 0.4451938569545746,
        "Y": 0.39209404587745667,
        "Z": -0.9414879083633423
    },
    "10": {
        "X": 0.4079931676387787,
        "Y": 0.39293184876441956,
        "Z": -0.9054914712905884
    },
    "11": {
        "X": 0.6289960741996765,
        "Y": 0.5483818054199219,
        "Z": -0.5808884501457214
    },
    "12": {
        "X": 0.3305363059043884,
        "Y": 0.5464514493942261,
        "Z": -0.4586680829524994
    },
    "13": {
        "X": 0.6646875739097595,
        "Y": 0.8938016891479492,
        "Z": -0.48487696051597595
    },
    "14": {
        "X": 0.28527334332466125,
        "Y": 0.837510347366333,
        "Z": -0.36750054359436035
    },
    "15": {
        "X": 0.5956774950027466,
        "Y": 1.1473219394683838,
        "Z": -0.6499213576316833
    },
    "16": {
        "X": 0.31826987862586975,
        "Y": 1.0572102069854736,
        "Z": -0.6373543739318848
    },
    "17": {
        "X": 0.5865919589996338,
        "Y": 1.238904595375061,
        "Z": -0.720155656337738
    },
    "18": {
        "X": 0.3209053874015808,
        "Y": 1.1461949348449707,
        "Z": -0.7106595635414124
    },
    "19": {
        "X": 0.560700535774231,
        "Y": 1.220367670059204,
        "Z": -0.7663972973823547
    },
    "20": {
        "X": 0.3357979655265808,
        "Y": 1.1276051998138428,
        "Z": -0.7732092142105103
    },
    "21": {
        "X": 0.5547752976417542,
        "Y": 1.1782022714614868,
        "Z": -0.6712098717689514
    },
    "22": {
        "X": 0.3432166278362274,
        "Y": 1.0952407121658325,
        "Z": -0.6697577834129333
    },
    "23": {
        "X": 0.5701151490211487,
        "Y": 1.0215795040130615,
        "Z": -0.06508950889110565
    },
    "24": {
        "X": 0.3927534520626068,
        "Y": 1.0181204080581665,
        "Z": 0.06702011078596115
    },
    "25": {
        "X": 0.5603864789009094,
        "Y": 1.460303783416748,
        "Z": -0.26481109857559204
    },
    "26": {
        "X": 0.3910481929779053,
        "Y": 1.4465388059616089,
        "Z": -0.08680357038974762
    },
    "27": {
        "X": 0.5555749535560608,
        "Y": 1.848449945449829,
        "Z": 0.0935492068529129
    },
    "28": {
        "X": 0.3845008313655853,
        "Y": 1.8442516326904297,
        "Z": 0.15387992560863495
    },
    "29": {
        "X": 0.563606858253479,
        "Y": 1.9103165864944458,
        "Z": 0.10635769367218018
    },
    "30": {
        "X": 0.3857477903366089,
        "Y": 1.9107328653335571,
        "Z": 0.16409923136234283
    },
    "31": {
        "X": 0.5191293358802795,
        "Y": 1.9669302701950073,
        "Z": -0.28815847635269165
    },
    "32": {
        "X": 0.38735899329185486,
        "Y": 1.9586924314498901,
        "Z": -0.2327704131603241
    }
}