{
    "0": {
        "X": 0.4621020257472992,
        "Y": 0.35024166107177734,
        "Z": -1.2110284566879272
    },
    "1": {
        "X": 0.48571133613586426,
        "Y": 0.30087628960609436,
        "Z": -1.1716670989990234
    },
    "2": {
        "X": 0.4997338354587555,
        "Y": 0.2994903028011322,
        "Z": -1.171750783920288
    },
    "3": {
        "X": 0.509797990322113,
        "Y": 0.2996043264865875,
        "Z": -1.1717545986175537
    },
    "4": {
        "X": 0.4424622654914856,
        "Y": 0.30516135692596436,
        "Z": -1.1750612258911133
    },
    "5": {
        "X": 0.42956972122192383,
        "Y": 0.30638447403907776,
        "Z": -1.1754399538040161
    },
    "6": {
        "X": 0.4197515845298767,
        "Y": 0.3075712025165558,
        "Z": -1.1759716272354126
    },
    "7": {
        "X": 0.529758095741272,
        "Y": 0.32078829407691956,
        "Z": -0.8375495076179504
    },
    "8": {
        "X": 0.40150994062423706,
        "Y": 0.3301268219947815,
        "Z": -0.8473660349845886
    },
    "9": {
        "X": 0.4899679124355316,
        "Y": 0.39446666836738586,
        "Z": -1.0760586261749268
    },
    "10": {
        "X": 0.4368894100189209,
        "Y": 0.3959963023662567,
        "Z": -1.0793179273605347
    },
    "11": {
        "X": 0.623440682888031,
        "Y": 0.5382721424102783,
        "Z": -0.5168779492378235
    },
    "12": {
        "X": 0.3239785134792328,
        "Y": 0.5500121712684631,
        "Z": -0.5923149585723877
    },
    "13": {
        "X": 0.6601900458335876,
        "Y": 0.8648274540901184,
        "Z": -0.4312574863433838
    },
    "14": {
        "X": 0.2843274772167206,
        "Y": 0.8482545018196106,
        "Z": -0.5086477994918823
    },
    "15": {
        "X": 0.6046565175056458,
        "Y": 1.0995649099349976,
        "Z": -0.7196297645568848
    },
    "16": {
        "X": 0.34021812677383423,
        "Y": 1.050370454788208,
        "Z": -0.7781246900558472
    },
    "17": {
        "X": 0.5903469324111938,
        "Y": 1.185278296470642,
        "Z": -0.8047343492507935
    },
    "18": {
        "X": 0.34949618577957153,
        "Y": 1.134680986404419,
        "Z": -0.8672011494636536
    },
    "19": {
        "X": 0.5686296820640564,
        "Y": 1.1626355648040771,
        "Z": -0.8636948466300964
    },
    "20": {
        "X": 0.3707487881183624,
        "Y": 1.1072986125946045,
        "Z": -0.92817223072052
    },
    "21": {
        "X": 0.5613848567008972,
        "Y": 1.12437903881073,
        "Z": -0.7507950663566589
    },
    "22": {
        "X": 0.3740100860595703,
        "Y": 1.074701189994812,
        "Z": -0.8070446848869324
    },
    "23": {
        "X": 0.5623444318771362,
        "Y": 1.052681565284729,
        "Z": -0.01194620318710804
    },
    "24": {
        "X": 0.3826906979084015,
        "Y": 1.035562515258789,
        "Z": 0.01363036036491394
    },
    "25": {
        "X": 0.5477564334869385,
        "Y": 1.4222004413604736,
        "Z": -0.20349447429180145
    },
    "26": {
        "X": 0.38143840432167053,
        "Y": 1.394844651222229,
        "Z": -0.26681381464004517
    },
    "27": {
        "X": 0.5446017980575562,
        "Y": 1.8065687417984009,
        "Z": 0.1723208874464035
    },
    "28": {
        "X": 0.381173312664032,
        "Y": 1.8038650751113892,
        "Z": 0.0022248094901442528
    },
    "29": {
        "X": 0.5439401865005493,
        "Y": 1.8611373901367188,
        "Z": 0.1865239292383194
    },
    "30": {
        "X": 0.3809269666671753,
        "Y": 1.8674826622009277,
        "Z": 0.011198471300303936
    },
    "31": {
        "X": 0.5192097425460815,
        "Y": 1.936560869216919,
        "Z": -0.1952723264694214
    },
    "32": {
        "X": 0.38776448369026184,
        "Y": 1.92915940284729,
        "Z": -0.40283912420272827
    }
}