{
    "0": {
        "X": 0.4720999598503113,
        "Y": 0.35735294222831726,
        "Z": -1.1722142696380615
    },
    "1": {
        "X": 0.49281102418899536,
        "Y": 0.3064276874065399,
        "Z": -1.1410634517669678
    },
    "2": {
        "X": 0.5037341713905334,
        "Y": 0.30588558316230774,
        "Z": -1.1411787271499634
    },
    "3": {
        "X": 0.5142017602920532,
        "Y": 0.3065577745437622,
        "Z": -1.1412389278411865
    },
    "4": {
        "X": 0.4507600665092468,
        "Y": 0.3095947802066803,
        "Z": -1.146439790725708
    },
    "5": {
        "X": 0.4371988773345947,
        "Y": 0.31075355410575867,
        "Z": -1.1468231678009033
    },
    "6": {
        "X": 0.42532768845558167,
        "Y": 0.31226080656051636,
        "Z": -1.1473418474197388
    },
    "7": {
        "X": 0.5350239276885986,
        "Y": 0.3248414695262909,
        "Z": -0.8425720930099487
    },
    "8": {
        "X": 0.4092037081718445,
        "Y": 0.3315700590610504,
        "Z": -0.8534943461418152
    },
    "9": {
        "X": 0.49703869223594666,
        "Y": 0.4017978310585022,
        "Z": -1.0459039211273193
    },
    "10": {
        "X": 0.44862303137779236,
        "Y": 0.4018402099609375,
        "Z": -1.0516767501831055
    },
    "11": {
        "X": 0.6208885312080383,
        "Y": 0.5281863808631897,
        "Z": -0.516454815864563
    },
    "12": {
        "X": 0.33176833391189575,
        "Y": 0.542194664478302,
        "Z": -0.5892154574394226
    },
    "13": {
        "X": 0.6602759957313538,
        "Y": 0.8433147072792053,
        "Z": -0.41305413842201233
    },
    "14": {
        "X": 0.2774268686771393,
        "Y": 0.8387702107429504,
        "Z": -0.5255544185638428
    },
    "15": {
        "X": 0.6221558451652527,
        "Y": 1.0768320560455322,
        "Z": -0.7067914009094238
    },
    "16": {
        "X": 0.309059202671051,
        "Y": 1.022445559501648,
        "Z": -0.8061624765396118
    },
    "17": {
        "X": 0.6182279586791992,
        "Y": 1.162807583808899,
        "Z": -0.7916728258132935
    },
    "18": {
        "X": 0.3207957446575165,
        "Y": 1.1094900369644165,
        "Z": -0.890428900718689
    },
    "19": {
        "X": 0.5961693525314331,
        "Y": 1.140655755996704,
        "Z": -0.851128876209259
    },
    "20": {
        "X": 0.3406756520271301,
        "Y": 1.0791454315185547,
        "Z": -0.9576422572135925
    },
    "21": {
        "X": 0.5868143439292908,
        "Y": 1.107076644897461,
        "Z": -0.7367105484008789
    },
    "22": {
        "X": 0.344853937625885,
        "Y": 1.03030526638031,
        "Z": -0.8364599943161011
    },
    "23": {
        "X": 0.5574561357498169,
        "Y": 0.998895525932312,
        "Z": -0.01151479221880436
    },
    "24": {
        "X": 0.38117140531539917,
        "Y": 0.9978926181793213,
        "Z": 0.013012668117880821
    },
    "25": {
        "X": 0.5369982719421387,
        "Y": 1.3799899816513062,
        "Z": -0.2249920666217804
    },
    "26": {
        "X": 0.3672942519187927,
        "Y": 1.3642804622650146,
        "Z": -0.23144105076789856
    },
    "27": {
        "X": 0.5341331362724304,
        "Y": 1.7620614767074585,
        "Z": 0.11301420629024506
    },
    "28": {
        "X": 0.3692273497581482,
        "Y": 1.7641760110855103,
        "Z": -0.007736971136182547
    },
    "29": {
        "X": 0.5355389714241028,
        "Y": 1.8143227100372314,
        "Z": 0.12430013716220856
    },
    "30": {
        "X": 0.37126436829566956,
        "Y": 1.8231472969055176,
        "Z": -0.003238698933273554
    },
    "31": {
        "X": 0.5055453777313232,
        "Y": 1.8923951387405396,
        "Z": -0.24868614971637726
    },
    "32": {
        "X": 0.37410807609558105,
        "Y": 1.890364170074463,
        "Z": -0.39539387822151184
    }
}