{
    "0": {
        "X": 0.4650515019893646,
        "Y": 0.3515821099281311,
        "Z": -1.2482531070709229
    },
    "1": {
        "X": 0.4866262972354889,
        "Y": 0.30670082569122314,
        "Z": -1.2275314331054688
    },
    "2": {
        "X": 0.49855199456214905,
        "Y": 0.30706217885017395,
        "Z": -1.2276159524917603
    },
    "3": {
        "X": 0.5080597400665283,
        "Y": 0.308238685131073,
        "Z": -1.2278034687042236
    },
    "4": {
        "X": 0.44511860609054565,
        "Y": 0.3078162968158722,
        "Z": -1.2297602891921997
    },
    "5": {
        "X": 0.4318171441555023,
        "Y": 0.30891525745391846,
        "Z": -1.230210542678833
    },
    "6": {
        "X": 0.4222279489040375,
        "Y": 0.3103691339492798,
        "Z": -1.2307052612304688
    },
    "7": {
        "X": 0.5301371812820435,
        "Y": 0.32796114683151245,
        "Z": -0.9426609873771667
    },
    "8": {
        "X": 0.4065324664115906,
        "Y": 0.33106034994125366,
        "Z": -0.9495517611503601
    },
    "9": {
        "X": 0.4903011918067932,
        "Y": 0.3946305811405182,
        "Z": -1.1274139881134033
    },
    "10": {
        "X": 0.4388333261013031,
        "Y": 0.39411380887031555,
        "Z": -1.1304330825805664
    },
    "11": {
        "X": 0.6203911304473877,
        "Y": 0.524648904800415,
        "Z": -0.6114775538444519
    },
    "12": {
        "X": 0.3324227035045624,
        "Y": 0.5401161909103394,
        "Z": -0.6725442409515381
    },
    "13": {
        "X": 0.6640034317970276,
        "Y": 0.8515383005142212,
        "Z": -0.4811765253543854
    },
    "14": {
        "X": 0.2805279493331909,
        "Y": 0.8378658890724182,
        "Z": -0.5839972496032715
    },
    "15": {
        "X": 0.6670317053794861,
        "Y": 1.1243252754211426,
        "Z": -0.6907474994659424
    },
    "16": {
        "X": 0.30692577362060547,
        "Y": 1.040959358215332,
        "Z": -0.8125735521316528
    },
    "17": {
        "X": 0.6818634271621704,
        "Y": 1.2140140533447266,
        "Z": -0.7551968693733215
    },
    "18": {
        "X": 0.2978379428386688,
        "Y": 1.1333107948303223,
        "Z": -0.8835444450378418
    },
    "19": {
        "X": 0.659598708152771,
        "Y": 1.2149484157562256,
        "Z": -0.8259892463684082
    },
    "20": {
        "X": 0.3161904513835907,
        "Y": 1.1250503063201904,
        "Z": -0.9587570428848267
    },
    "21": {
        "X": 0.6426945924758911,
        "Y": 1.177206039428711,
        "Z": -0.7245205640792847
    },
    "22": {
        "X": 0.3252183198928833,
        "Y": 1.093930959701538,
        "Z": -0.8461739420890808
    },
    "23": {
        "X": 0.5627568960189819,
        "Y": 0.989747166633606,
        "Z": -0.00433344766497612
    },
    "24": {
        "X": 0.3842439651489258,
        "Y": 0.9908288717269897,
        "Z": 0.005572198890149593
    },
    "25": {
        "X": 0.5562974810600281,
        "Y": 1.393326997756958,
        "Z": -0.19743670523166656
    },
    "26": {
        "X": 0.39057838916778564,
        "Y": 1.3794676065444946,
        "Z": -0.24666926264762878
    },
    "27": {
        "X": 0.5543338656425476,
        "Y": 1.7570910453796387,
        "Z": 0.1436728686094284
    },
    "28": {
        "X": 0.39169055223464966,
        "Y": 1.767526626586914,
        "Z": -0.039009977132081985
    },
    "29": {
        "X": 0.5545430779457092,
        "Y": 1.810162901878357,
        "Z": 0.15614858269691467
    },
    "30": {
        "X": 0.39107364416122437,
        "Y": 1.8280246257781982,
        "Z": -0.03541794791817665
    },
    "31": {
        "X": 0.5333449840545654,
        "Y": 1.8855234384536743,
        "Z": -0.2040051519870758
    },
    "32": {
        "X": 0.40559548139572144,
        "Y": 1.8902240991592407,
        "Z": -0.43867841362953186
    }
}