{
    "0": {
        "X": 0.4257403314113617,
        "Y": 0.3464595377445221,
        "Z": -1.1609573364257812
    },
    "1": {
        "X": 0.4521350860595703,
        "Y": 0.3020402193069458,
        "Z": -1.1390568017959595
    },
    "2": {
        "X": 0.46720242500305176,
        "Y": 0.3019567131996155,
        "Z": -1.139055609703064
    },
    "3": {
        "X": 0.48107266426086426,
        "Y": 0.30238816142082214,
        "Z": -1.1390403509140015
    },
    "4": {
        "X": 0.4166577458381653,
        "Y": 0.3033096492290497,
        "Z": -1.1325995922088623
    },
    "5": {
        "X": 0.40754255652427673,
        "Y": 0.30368342995643616,
        "Z": -1.1327190399169922
    },
    "6": {
        "X": 0.39780157804489136,
        "Y": 0.3048486113548279,
        "Z": -1.1331970691680908
    },
    "7": {
        "X": 0.5099974274635315,
        "Y": 0.3232652246952057,
        "Z": -0.8943314552307129
    },
    "8": {
        "X": 0.397696316242218,
        "Y": 0.3290885388851166,
        "Z": -0.859728217124939
    },
    "9": {
        "X": 0.45560064911842346,
        "Y": 0.39085039496421814,
        "Z": -1.0611251592636108
    },
    "10": {
        "X": 0.4113923907279968,
        "Y": 0.3922922909259796,
        "Z": -1.0521318912506104
    },
    "11": {
        "X": 0.6295346021652222,
        "Y": 0.5333982706069946,
        "Z": -0.6416260004043579
    },
    "12": {
        "X": 0.33561307191848755,
        "Y": 0.5424485802650452,
        "Z": -0.6409949660301208
    },
    "13": {
        "X": 0.6715112924575806,
        "Y": 0.871461033821106,
        "Z": -0.5285600423812866
    },
    "14": {
        "X": 0.2875881791114807,
        "Y": 0.8334709405899048,
        "Z": -0.5687958598136902
    },
    "15": {
        "X": 0.6540480852127075,
        "Y": 1.1510913372039795,
        "Z": -0.6424447298049927
    },
    "16": {
        "X": 0.3073330223560333,
        "Y": 1.0425649881362915,
        "Z": -0.7846177816390991
    },
    "17": {
        "X": 0.6635617017745972,
        "Y": 1.2456226348876953,
        "Z": -0.6962524056434631
    },
    "18": {
        "X": 0.3035116195678711,
        "Y": 1.1443216800689697,
        "Z": -0.8570669293403625
    },
    "19": {
        "X": 0.6341707110404968,
        "Y": 1.240090250968933,
        "Z": -0.7540789842605591
    },
    "20": {
        "X": 0.324003130197525,
        "Y": 1.1324044466018677,
        "Z": -0.9178460836410522
    },
    "21": {
        "X": 0.6207016110420227,
        "Y": 1.2006443738937378,
        "Z": -0.6689637899398804
    },
    "22": {
        "X": 0.33278319239616394,
        "Y": 1.101690411567688,
        "Z": -0.815571665763855
    },
    "23": {
        "X": 0.5730203986167908,
        "Y": 1.0025873184204102,
        "Z": -0.036859821528196335
    },
    "24": {
        "X": 0.38742393255233765,
        "Y": 1.000333547592163,
        "Z": 0.03892013058066368
    },
    "25": {
        "X": 0.5601204037666321,
        "Y": 1.444609522819519,
        "Z": -0.11474083364009857
    },
    "26": {
        "X": 0.38646936416625977,
        "Y": 1.4241526126861572,
        "Z": -0.06955033540725708
    },
    "27": {
        "X": 0.5511194467544556,
        "Y": 1.8143775463104248,
        "Z": 0.22734007239341736
    },
    "28": {
        "X": 0.37261301279067993,
        "Y": 1.7979466915130615,
        "Z": 0.13492146134376526
    },
    "29": {
        "X": 0.5546387434005737,
        "Y": 1.8712795972824097,
        "Z": 0.2383386194705963
    },
    "30": {
        "X": 0.3714543879032135,
        "Y": 1.8598461151123047,
        "Z": 0.14141136407852173
    },
    "31": {
        "X": 0.5219070911407471,
        "Y": 1.9344508647918701,
        "Z": -0.14385060966014862
    },
    "32": {
        "X": 0.38701170682907104,
        "Y": 1.914130687713623,
        "Z": -0.2645002603530884
    }
}