{
    "0": {
        "X": 0.42444905638694763,
        "Y": 0.3516189157962799,
        "Z": -0.8185752630233765
    },
    "1": {
        "X": 0.447200208902359,
        "Y": 0.3053629994392395,
        "Z": -0.8195493817329407
    },
    "2": {
        "X": 0.46136507391929626,
        "Y": 0.30384233593940735,
        "Z": -0.819584846496582
    },
    "3": {
        "X": 0.4765966832637787,
        "Y": 0.3033105432987213,
        "Z": -0.8196119070053101
    },
    "4": {
        "X": 0.41989666223526,
        "Y": 0.31088700890541077,
        "Z": -0.7812772989273071
    },
    "5": {
        "X": 0.4124729633331299,
        "Y": 0.3122061789035797,
        "Z": -0.7813202142715454
    },
    "6": {
        "X": 0.40477508306503296,
        "Y": 0.3137440085411072,
        "Z": -0.7818430662155151
    },
    "7": {
        "X": 0.515917181968689,
        "Y": 0.3232828974723816,
        "Z": -0.6520616412162781
    },
    "8": {
        "X": 0.41735735535621643,
        "Y": 0.3282676935195923,
        "Z": -0.467928946018219
    },
    "9": {
        "X": 0.4509252607822418,
        "Y": 0.3941425681114197,
        "Z": -0.7461038827896118
    },
    "10": {
        "X": 0.41779154539108276,
        "Y": 0.39414167404174805,
        "Z": -0.6937879323959351
    },
    "11": {
        "X": 0.6386883854866028,
        "Y": 0.5494786500930786,
        "Z": -0.45664888620376587
    },
    "12": {
        "X": 0.35553452372550964,
        "Y": 0.5295825600624084,
        "Z": -0.26250043511390686
    },
    "13": {
        "X": 0.6708431243896484,
        "Y": 0.897689700126648,
        "Z": -0.39343202114105225
    },
    "14": {
        "X": 0.2998790144920349,
        "Y": 0.7951446771621704,
        "Z": -0.15990105271339417
    },
    "15": {
        "X": 0.6014527082443237,
        "Y": 1.1307590007781982,
        "Z": -0.535348653793335
    },
    "16": {
        "X": 0.3024292588233948,
        "Y": 1.002672553062439,
        "Z": -0.4572097659111023
    },
    "17": {
        "X": 0.5881134867668152,
        "Y": 1.2092211246490479,
        "Z": -0.5996183156967163
    },
    "18": {
        "X": 0.3003976047039032,
        "Y": 1.1020056009292603,
        "Z": -0.5283071994781494
    },
    "19": {
        "X": 0.5635457634925842,
        "Y": 1.187027096748352,
        "Z": -0.6405919194221497
    },
    "20": {
        "X": 0.31868845224380493,
        "Y": 1.0918776988983154,
        "Z": -0.596448540687561
    },
    "21": {
        "X": 0.5612534284591675,
        "Y": 1.1495798826217651,
        "Z": -0.5541682839393616
    },
    "22": {
        "X": 0.32785695791244507,
        "Y": 1.0618236064910889,
        "Z": -0.4936651289463043
    },
    "23": {
        "X": 0.5740451216697693,
        "Y": 1.0255646705627441,
        "Z": -0.08119163662195206
    },
    "24": {
        "X": 0.39404296875,
        "Y": 0.9871938228607178,
        "Z": 0.08334030956029892
    },
    "25": {
        "X": 0.5493025779724121,
        "Y": 1.4872771501541138,
        "Z": -0.1533093899488449
    },
    "26": {
        "X": 0.3805604577064514,
        "Y": 1.4540386199951172,
        "Z": 0.002148128580302
    },
    "27": {
        "X": 0.5383270382881165,
        "Y": 1.869462490081787,
        "Z": 0.1972055733203888
    },
    "28": {
        "X": 0.3701004385948181,
        "Y": 1.8427841663360596,
        "Z": 0.2258477658033371
    },
    "29": {
        "X": 0.5466880202293396,
        "Y": 1.9314693212509155,
        "Z": 0.20986244082450867
    },
    "30": {
        "X": 0.3721294403076172,
        "Y": 1.9068284034729004,
        "Z": 0.23433876037597656
    },
    "31": {
        "X": 0.4961530268192291,
        "Y": 1.9733881950378418,
        "Z": -0.1779504120349884
    },
    "32": {
        "X": 0.36562007665634155,
        "Y": 1.9522197246551514,
        "Z": -0.15786899626255035
    }
}