{
    "0": {
        "X": 0.40414994955062866,
        "Y": 0.34873539209365845,
        "Z": -0.8201500177383423
    },
    "1": {
        "X": 0.42701011896133423,
        "Y": 0.3037573993206024,
        "Z": -0.826971709728241
    },
    "2": {
        "X": 0.4401773512363434,
        "Y": 0.3012280762195587,
        "Z": -0.8268532752990723
    },
    "3": {
        "X": 0.45458871126174927,
        "Y": 0.29922592639923096,
        "Z": -0.8268798589706421
    },
    "4": {
        "X": 0.40050286054611206,
        "Y": 0.30943357944488525,
        "Z": -0.7838531732559204
    },
    "5": {
        "X": 0.39312273263931274,
        "Y": 0.31048351526260376,
        "Z": -0.7837384939193726
    },
    "6": {
        "X": 0.38544994592666626,
        "Y": 0.31156429648399353,
        "Z": -0.784151017665863
    },
    "7": {
        "X": 0.49573010206222534,
        "Y": 0.3169788718223572,
        "Z": -0.6891049742698669
    },
    "8": {
        "X": 0.4105014204978943,
        "Y": 0.3221542239189148,
        "Z": -0.47829169034957886
    },
    "9": {
        "X": 0.4297798275947571,
        "Y": 0.3887042701244354,
        "Z": -0.7591091394424438
    },
    "10": {
        "X": 0.3987143635749817,
        "Y": 0.3887409567832947,
        "Z": -0.6994272470474243
    },
    "11": {
        "X": 0.6335685849189758,
        "Y": 0.5491721630096436,
        "Z": -0.5535479187965393
    },
    "12": {
        "X": 0.35258573293685913,
        "Y": 0.5293167233467102,
        "Z": -0.28253287076950073
    },
    "13": {
        "X": 0.6617665886878967,
        "Y": 0.9046271443367004,
        "Z": -0.505439817905426
    },
    "14": {
        "X": 0.30641812086105347,
        "Y": 0.8139119744300842,
        "Z": -0.1514911949634552
    },
    "15": {
        "X": 0.5863189697265625,
        "Y": 1.118902325630188,
        "Z": -0.6413145065307617
    },
    "16": {
        "X": 0.3165176212787628,
        "Y": 1.0416492223739624,
        "Z": -0.43192800879478455
    },
    "17": {
        "X": 0.5748995542526245,
        "Y": 1.1986758708953857,
        "Z": -0.7258773446083069
    },
    "18": {
        "X": 0.312438428401947,
        "Y": 1.1262786388397217,
        "Z": -0.4993206560611725
    },
    "19": {
        "X": 0.5462883114814758,
        "Y": 1.1828564405441284,
        "Z": -0.737291693687439
    },
    "20": {
        "X": 0.3327632248401642,
        "Y": 1.115272879600525,
        "Z": -0.565963625907898
    },
    "21": {
        "X": 0.5463020205497742,
        "Y": 1.1453694105148315,
        "Z": -0.6494259834289551
    },
    "22": {
        "X": 0.3388932943344116,
        "Y": 1.0819531679153442,
        "Z": -0.46790480613708496
    },
    "23": {
        "X": 0.5680195689201355,
        "Y": 1.039265751838684,
        "Z": -0.11080894619226456
    },
    "24": {
        "X": 0.3940357565879822,
        "Y": 1.0047332048416138,
        "Z": 0.11356733739376068
    },
    "25": {
        "X": 0.5489553213119507,
        "Y": 1.5094622373580933,
        "Z": -0.1348937749862671
    },
    "26": {
        "X": 0.3773674964904785,
        "Y": 1.4870842695236206,
        "Z": 0.10101798921823502
    },
    "27": {
        "X": 0.5375476479530334,
        "Y": 1.8946751356124878,
        "Z": 0.2917998433113098
    },
    "28": {
        "X": 0.3721201419830322,
        "Y": 1.8744028806686401,
        "Z": 0.38575610518455505
    },
    "29": {
        "X": 0.5499252676963806,
        "Y": 1.9565125703811646,
        "Z": 0.31058797240257263
    },
    "30": {
        "X": 0.37555140256881714,
        "Y": 1.9366075992584229,
        "Z": 0.4008305072784424
    },
    "31": {
        "X": 0.4871668219566345,
        "Y": 2.009739398956299,
        "Z": -0.11213316768407822
    },
    "32": {
        "X": 0.3603805601596832,
        "Y": 1.9996535778045654,
        "Z": -0.032599903643131256
    }
}