{
    "0": {
        "X": 0.4087609648704529,
        "Y": 0.3561515510082245,
        "Z": -0.9824943542480469
    },
    "1": {
        "X": 0.43031686544418335,
        "Y": 0.3074256181716919,
        "Z": -0.9733161926269531
    },
    "2": {
        "X": 0.444627583026886,
        "Y": 0.3054356873035431,
        "Z": -0.97344970703125
    },
    "3": {
        "X": 0.4603090286254883,
        "Y": 0.3045123815536499,
        "Z": -0.9734633564949036
    },
    "4": {
        "X": 0.39997509121894836,
        "Y": 0.311769038438797,
        "Z": -0.9448050260543823
    },
    "5": {
        "X": 0.3913023769855499,
        "Y": 0.3129412531852722,
        "Z": -0.9449353218078613
    },
    "6": {
        "X": 0.3820253908634186,
        "Y": 0.31435760855674744,
        "Z": -0.9455059170722961
    },
    "7": {
        "X": 0.4979179799556732,
        "Y": 0.32438769936561584,
        "Z": -0.7566615343093872
    },
    "8": {
        "X": 0.3880871832370758,
        "Y": 0.3288545608520508,
        "Z": -0.6192885637283325
    },
    "9": {
        "X": 0.4341773986816406,
        "Y": 0.39819416403770447,
        "Z": -0.8916099667549133
    },
    "10": {
        "X": 0.40040040016174316,
        "Y": 0.3977418839931488,
        "Z": -0.8526873588562012
    },
    "11": {
        "X": 0.6187447309494019,
        "Y": 0.5322610139846802,
        "Z": -0.5171878337860107
    },
    "12": {
        "X": 0.32975703477859497,
        "Y": 0.5243199467658997,
        "Z": -0.37495744228363037
    },
    "13": {
        "X": 0.6647542715072632,
        "Y": 0.856143057346344,
        "Z": -0.4286876320838928
    },
    "14": {
        "X": 0.280927836894989,
        "Y": 0.8130152225494385,
        "Z": -0.2713399827480316
    },
    "15": {
        "X": 0.6060673594474792,
        "Y": 1.0781487226486206,
        "Z": -0.6131399869918823
    },
    "16": {
        "X": 0.29605767130851746,
        "Y": 1.016292929649353,
        "Z": -0.5735377073287964
    },
    "17": {
        "X": 0.5952014923095703,
        "Y": 1.1738274097442627,
        "Z": -0.6817314028739929
    },
    "18": {
        "X": 0.29092171788215637,
        "Y": 1.1077316999435425,
        "Z": -0.6462005972862244
    },
    "19": {
        "X": 0.5713362693786621,
        "Y": 1.152725338935852,
        "Z": -0.7241078615188599
    },
    "20": {
        "X": 0.3084864318370819,
        "Y": 1.0924333333969116,
        "Z": -0.7144783735275269
    },
    "21": {
        "X": 0.5673275589942932,
        "Y": 1.1168404817581177,
        "Z": -0.6321436762809753
    },
    "22": {
        "X": 0.3168911039829254,
        "Y": 1.0610238313674927,
        "Z": -0.6081713438034058
    },
    "23": {
        "X": 0.5590852499008179,
        "Y": 1.0036221742630005,
        "Z": -0.07196994125843048
    },
    "24": {
        "X": 0.3835013806819916,
        "Y": 1.0458580255508423,
        "Z": 0.07372336834669113
    },
    "25": {
        "X": 0.5517858266830444,
        "Y": 1.4596389532089233,
        "Z": -0.09769274294376373
    },
    "26": {
        "X": 0.37803882360458374,
        "Y": 1.438794732093811,
        "Z": 0.1007181853055954
    },
    "27": {
        "X": 0.5510674715042114,
        "Y": 1.8242634534835815,
        "Z": 0.3627593219280243
    },
    "28": {
        "X": 0.38235554099082947,
        "Y": 1.8111191987991333,
        "Z": 0.40980473160743713
    },
    "29": {
        "X": 0.5568939447402954,
        "Y": 1.8828272819519043,
        "Z": 0.38445550203323364
    },
    "30": {
        "X": 0.38510099053382874,
        "Y": 1.8714202642440796,
        "Z": 0.4282089173793793
    },
    "31": {
        "X": 0.5196534395217896,
        "Y": 1.9404003620147705,
        "Z": -0.025676269084215164
    },
    "32": {
        "X": 0.39179307222366333,
        "Y": 1.925386905670166,
        "Z": 0.03351397067308426
    }
}