{
    "0": {
        "X": 0.36892443895339966,
        "Y": 0.34909743070602417,
        "Z": -0.6953268647193909
    },
    "1": {
        "X": 0.39281314611434937,
        "Y": 0.30359846353530884,
        "Z": -0.7249094247817993
    },
    "2": {
        "X": 0.40324240922927856,
        "Y": 0.30132606625556946,
        "Z": -0.7251005172729492
    },
    "3": {
        "X": 0.4139363765716553,
        "Y": 0.3005755841732025,
        "Z": -0.725231945514679
    },
    "4": {
        "X": 0.37452569603919983,
        "Y": 0.3087269365787506,
        "Z": -0.6551420092582703
    },
    "5": {
        "X": 0.3717184364795685,
        "Y": 0.3086462616920471,
        "Z": -0.6550997495651245
    },
    "6": {
        "X": 0.3692026734352112,
        "Y": 0.3086022734642029,
        "Z": -0.6555923223495483
    },
    "7": {
        "X": 0.46487879753112793,
        "Y": 0.31892961263656616,
        "Z": -0.6927244067192078
    },
    "8": {
        "X": 0.3997778296470642,
        "Y": 0.3213139474391937,
        "Z": -0.3680732250213623
    },
    "9": {
        "X": 0.400437593460083,
        "Y": 0.38788339495658875,
        "Z": -0.6725148558616638
    },
    "10": {
        "X": 0.37780046463012695,
        "Y": 0.3885364830493927,
        "Z": -0.5791110992431641
    },
    "11": {
        "X": 0.620805025100708,
        "Y": 0.5530771017074585,
        "Z": -0.573677659034729
    },
    "12": {
        "X": 0.3455175757408142,
        "Y": 0.5314468741416931,
        "Z": -0.1504485309123993
    },
    "13": {
        "X": 0.6629970073699951,
        "Y": 0.9077731966972351,
        "Z": -0.6049199104309082
    },
    "14": {
        "X": 0.28975439071655273,
        "Y": 0.8072364330291748,
        "Z": 0.0031086259987205267
    },
    "15": {
        "X": 0.6022279262542725,
        "Y": 1.1210771799087524,
        "Z": -0.7054470777511597
    },
    "16": {
        "X": 0.29543784260749817,
        "Y": 0.9942635297775269,
        "Z": -0.24534384906291962
    },
    "17": {
        "X": 0.5990725755691528,
        "Y": 1.200109839439392,
        "Z": -0.7909522652626038
    },
    "18": {
        "X": 0.29977187514305115,
        "Y": 1.1065993309020996,
        "Z": -0.2959871292114258
    },
    "19": {
        "X": 0.5694054365158081,
        "Y": 1.187718152999878,
        "Z": -0.8091875910758972
    },
    "20": {
        "X": 0.31230542063713074,
        "Y": 1.098321557044983,
        "Z": -0.3635377287864685
    },
    "21": {
        "X": 0.5657786726951599,
        "Y": 1.1501209735870361,
        "Z": -0.713776707649231
    },
    "22": {
        "X": 0.31785428524017334,
        "Y": 1.0660947561264038,
        "Z": -0.283855140209198
    },
    "23": {
        "X": 0.5648940801620483,
        "Y": 1.0275253057479858,
        "Z": -0.14050929248332977
    },
    "24": {
        "X": 0.3874872326850891,
        "Y": 1.05255925655365,
        "Z": 0.1428472101688385
    },
    "25": {
        "X": 0.5428319573402405,
        "Y": 1.4729588031768799,
        "Z": -0.376225084066391
    },
    "26": {
        "X": 0.3833622336387634,
        "Y": 1.4472870826721191,
        "Z": 0.01788223534822464
    },
    "27": {
        "X": 0.5381166934967041,
        "Y": 1.85122549533844,
        "Z": -0.015667686238884926
    },
    "28": {
        "X": 0.3757564425468445,
        "Y": 1.8409329652786255,
        "Z": 0.23047706484794617
    },
    "29": {
        "X": 0.5493728518486023,
        "Y": 1.9164817333221436,
        "Z": -0.0035316157154738903
    },
    "30": {
        "X": 0.3788561224937439,
        "Y": 1.9145091772079468,
        "Z": 0.24023041129112244
    },
    "31": {
        "X": 0.4832872450351715,
        "Y": 1.9646971225738525,
        "Z": -0.40442365407943726
    },
    "32": {
        "X": 0.3603324592113495,
        "Y": 1.9491404294967651,
        "Z": -0.13448791205883026
    }
}