{
    "0": {
        "X": 0.36113476753234863,
        "Y": 0.34925535321235657,
        "Z": -0.5555905103683472
    },
    "1": {
        "X": 0.38594162464141846,
        "Y": 0.30319371819496155,
        "Z": -0.5905001163482666
    },
    "2": {
        "X": 0.3958314061164856,
        "Y": 0.300773948431015,
        "Z": -0.5905460119247437
    },
    "3": {
        "X": 0.40634065866470337,
        "Y": 0.2992860674858093,
        "Z": -0.5906229019165039
    },
    "4": {
        "X": 0.3697516620159149,
        "Y": 0.3075079321861267,
        "Z": -0.5248974561691284
    },
    "5": {
        "X": 0.3684256672859192,
        "Y": 0.3081234097480774,
        "Z": -0.5248411893844604
    },
    "6": {
        "X": 0.3674193024635315,
        "Y": 0.30944883823394775,
        "Z": -0.5253444314002991
    },
    "7": {
        "X": 0.4597187042236328,
        "Y": 0.31829342246055603,
        "Z": -0.5794425010681152
    },
    "8": {
        "X": 0.4063693881034851,
        "Y": 0.3252086639404297,
        "Z": -0.2715059816837311
    },
    "9": {
        "X": 0.3894755244255066,
        "Y": 0.3908141851425171,
        "Z": -0.5385656952857971
    },
    "10": {
        "X": 0.3701203465461731,
        "Y": 0.39270055294036865,
        "Z": -0.45077139139175415
    },
    "11": {
        "X": 0.6344314217567444,
        "Y": 0.5448840856552124,
        "Z": -0.47667890787124634
    },
    "12": {
        "X": 0.34985607862472534,
        "Y": 0.5325579047203064,
        "Z": -0.12013044208288193
    },
    "13": {
        "X": 0.6710745692253113,
        "Y": 0.904682457447052,
        "Z": -0.45573821663856506
    },
    "14": {
        "X": 0.30224573612213135,
        "Y": 0.8085705041885376,
        "Z": -0.0402652844786644
    },
    "15": {
        "X": 0.5886658430099487,
        "Y": 1.135630488395691,
        "Z": -0.5330729484558105
    },
    "16": {
        "X": 0.32078734040260315,
        "Y": 0.9949991106987,
        "Z": -0.31310707330703735
    },
    "17": {
        "X": 0.5739463567733765,
        "Y": 1.2190037965774536,
        "Z": -0.6036201119422913
    },
    "18": {
        "X": 0.3183766007423401,
        "Y": 1.1132735013961792,
        "Z": -0.3732483983039856
    },
    "19": {
        "X": 0.5456548929214478,
        "Y": 1.1965365409851074,
        "Z": -0.6283291578292847
    },
    "20": {
        "X": 0.3346730172634125,
        "Y": 1.0973868370056152,
        "Z": -0.43130260705947876
    },
    "21": {
        "X": 0.5465354919433594,
        "Y": 1.156465768814087,
        "Z": -0.5437763929367065
    },
    "22": {
        "X": 0.34265971183776855,
        "Y": 1.0665076971054077,
        "Z": -0.3480316400527954
    },
    "23": {
        "X": 0.5737454891204834,
        "Y": 1.0463271141052246,
        "Z": -0.12035778909921646
    },
    "24": {
        "X": 0.39621666073799133,
        "Y": 1.0576391220092773,
        "Z": 0.12256763130426407
    },
    "25": {
        "X": 0.5501046776771545,
        "Y": 1.4855802059173584,
        "Z": -0.2097199410200119
    },
    "26": {
        "X": 0.3920727074146271,
        "Y": 1.4633257389068604,
        "Z": 0.12299086153507233
    },
    "27": {
        "X": 0.5535798668861389,
        "Y": 1.8711397647857666,
        "Z": 0.1163492351770401
    },
    "28": {
        "X": 0.387014776468277,
        "Y": 1.8599066734313965,
        "Z": 0.2609218955039978
    },
    "29": {
        "X": 0.5621333122253418,
        "Y": 1.937118411064148,
        "Z": 0.12642064690589905
    },
    "30": {
        "X": 0.3906717598438263,
        "Y": 1.929936170578003,
        "Z": 0.26769179105758667
    },
    "31": {
        "X": 0.4970914423465729,
        "Y": 1.9856040477752686,
        "Z": -0.24774274230003357
    },
    "32": {
        "X": 0.36870434880256653,
        "Y": 1.9695841073989868,
        "Z": -0.0669657364487648
    }
}