{
    "0": {
        "X": 0.3689666986465454,
        "Y": 0.35716569423675537,
        "Z": -0.5829499959945679
    },
    "1": {
        "X": 0.39313754439353943,
        "Y": 0.3130439519882202,
        "Z": -0.6229018568992615
    },
    "2": {
        "X": 0.40367063879966736,
        "Y": 0.30903109908103943,
        "Z": -0.6228858232498169
    },
    "3": {
        "X": 0.4145108163356781,
        "Y": 0.3054596781730652,
        "Z": -0.6230517029762268
    },
    "4": {
        "X": 0.37476804852485657,
        "Y": 0.31814470887184143,
        "Z": -0.5484341382980347
    },
    "5": {
        "X": 0.3725409507751465,
        "Y": 0.3176388442516327,
        "Z": -0.5482368469238281
    },
    "6": {
        "X": 0.37079524993896484,
        "Y": 0.31720203161239624,
        "Z": -0.5486654043197632
    },
    "7": {
        "X": 0.46385717391967773,
        "Y": 0.3194628357887268,
        "Z": -0.6028332114219666
    },
    "8": {
        "X": 0.4097883105278015,
        "Y": 0.3238103985786438,
        "Z": -0.27250781655311584
    },
    "9": {
        "X": 0.39927607774734497,
        "Y": 0.3947817385196686,
        "Z": -0.5700361132621765
    },
    "10": {
        "X": 0.377653032541275,
        "Y": 0.3960975408554077,
        "Z": -0.4702993333339691
    },
    "11": {
        "X": 0.6323519945144653,
        "Y": 0.5538702607154846,
        "Z": -0.5329397916793823
    },
    "12": {
        "X": 0.35737764835357666,
        "Y": 0.5255686640739441,
        "Z": -0.08120954036712646
    },
    "13": {
        "X": 0.662344753742218,
        "Y": 0.9207506775856018,
        "Z": -0.5661467909812927
    },
    "14": {
        "X": 0.3052540421485901,
        "Y": 0.7997848987579346,
        "Z": 0.023626480251550674
    },
    "15": {
        "X": 0.5925598740577698,
        "Y": 1.1500179767608643,
        "Z": -0.577655017375946
    },
    "16": {
        "X": 0.30370551347732544,
        "Y": 0.9875209331512451,
        "Z": -0.27548983693122864
    },
    "17": {
        "X": 0.5865931510925293,
        "Y": 1.2305171489715576,
        "Z": -0.648286759853363
    },
    "18": {
        "X": 0.2965974509716034,
        "Y": 1.097338080406189,
        "Z": -0.3253169655799866
    },
    "19": {
        "X": 0.5542554259300232,
        "Y": 1.2178007364273071,
        "Z": -0.6687800884246826
    },
    "20": {
        "X": 0.3197084367275238,
        "Y": 1.0925689935684204,
        "Z": -0.38285690546035767
    },
    "21": {
        "X": 0.5548107028007507,
        "Y": 1.1777859926223755,
        "Z": -0.5857928395271301
    },
    "22": {
        "X": 0.32598763704299927,
        "Y": 1.0602691173553467,
        "Z": -0.3110821545124054
    },
    "23": {
        "X": 0.5682794451713562,
        "Y": 1.0531786680221558,
        "Z": -0.15543057024478912
    },
    "24": {
        "X": 0.39294499158859253,
        "Y": 1.0651164054870605,
        "Z": 0.1581394076347351
    },
    "25": {
        "X": 0.5360931158065796,
        "Y": 1.5174916982650757,
        "Z": -0.24846811592578888
    },
    "26": {
        "X": 0.3758091926574707,
        "Y": 1.4895621538162231,
        "Z": 0.23613229393959045
    },
    "27": {
        "X": 0.5272189974784851,
        "Y": 1.9035954475402832,
        "Z": 0.09427056461572647
    },
    "28": {
        "X": 0.3690663278102875,
        "Y": 1.8801521062850952,
        "Z": 0.5138217210769653
    },
    "29": {
        "X": 0.5441605448722839,
        "Y": 1.9686758518218994,
        "Z": 0.10893519967794418
    },
    "30": {
        "X": 0.3727341294288635,
        "Y": 1.9453049898147583,
        "Z": 0.5298343300819397
    },
    "31": {
        "X": 0.4611526429653168,
        "Y": 2.012418270111084,
        "Z": -0.2720203399658203
    },
    "32": {
        "X": 0.34364333748817444,
        "Y": 1.999885082244873,
        "Z": 0.1575842648744583
    }
}