{
    "0": {
        "X": 0.44505682587623596,
        "Y": 0.34902283549308777,
        "Z": -1.1236495971679688
    },
    "1": {
        "X": 0.4676496386528015,
        "Y": 0.30247122049331665,
        "Z": -1.0848851203918457
    },
    "2": {
        "X": 0.4829145073890686,
        "Y": 0.29955852031707764,
        "Z": -1.0850675106048584
    },
    "3": {
        "X": 0.49642783403396606,
        "Y": 0.29765239357948303,
        "Z": -1.0850167274475098
    },
    "4": {
        "X": 0.4247837960720062,
        "Y": 0.30919936299324036,
        "Z": -1.0852000713348389
    },
    "5": {
        "X": 0.41279831528663635,
        "Y": 0.3101430833339691,
        "Z": -1.0853930711746216
    },
    "6": {
        "X": 0.40070492029190063,
        "Y": 0.31126949191093445,
        "Z": -1.0859447717666626
    },
    "7": {
        "X": 0.5157243609428406,
        "Y": 0.3157791197299957,
        "Z": -0.7599607110023499
    },
    "8": {
        "X": 0.399713933467865,
        "Y": 0.3254909813404083,
        "Z": -0.7547103762626648
    },
    "9": {
        "X": 0.47626471519470215,
        "Y": 0.3892182409763336,
        "Z": -0.9952760934829712
    },
    "10": {
        "X": 0.4239203929901123,
        "Y": 0.3910183012485504,
        "Z": -0.994156002998352
    },
    "11": {
        "X": 0.6259640455245972,
        "Y": 0.5380857586860657,
        "Z": -0.4788207411766052
    },
    "12": {
        "X": 0.33048462867736816,
        "Y": 0.5440367460250854,
        "Z": -0.5190349817276001
    },
    "13": {
        "X": 0.6639217138290405,
        "Y": 0.8657293319702148,
        "Z": -0.40360450744628906
    },
    "14": {
        "X": 0.2842029631137848,
        "Y": 0.8485211730003357,
        "Z": -0.5018917918205261
    },
    "15": {
        "X": 0.5981335043907166,
        "Y": 1.0938665866851807,
        "Z": -0.6851890683174133
    },
    "16": {
        "X": 0.3126968443393707,
        "Y": 1.0102840662002563,
        "Z": -0.868963897228241
    },
    "17": {
        "X": 0.5899377465248108,
        "Y": 1.1759365797042847,
        "Z": -0.7776862382888794
    },
    "18": {
        "X": 0.330432653427124,
        "Y": 1.103329062461853,
        "Z": -0.9709132313728333
    },
    "19": {
        "X": 0.5678072571754456,
        "Y": 1.1547701358795166,
        "Z": -0.8362783193588257
    },
    "20": {
        "X": 0.34566500782966614,
        "Y": 1.0805803537368774,
        "Z": -1.036594033241272
    },
    "21": {
        "X": 0.5608139634132385,
        "Y": 1.1184847354888916,
        "Z": -0.7185118198394775
    },
    "22": {
        "X": 0.35032403469085693,
        "Y": 1.0514947175979614,
        "Z": -0.9035671949386597
    },
    "23": {
        "X": 0.5624563694000244,
        "Y": 1.0128483772277832,
        "Z": -0.035860367119312286
    },
    "24": {
        "X": 0.38661056756973267,
        "Y": 1.0474885702133179,
        "Z": 0.03791245073080063
    },
    "25": {
        "X": 0.5489193797111511,
        "Y": 1.4576399326324463,
        "Z": -0.12000273168087006
    },
    "26": {
        "X": 0.38128721714019775,
        "Y": 1.447523832321167,
        "Z": -0.07293441891670227
    },
    "27": {
        "X": 0.5446811318397522,
        "Y": 1.8314282894134521,
        "Z": 0.23758549988269806
    },
    "28": {
        "X": 0.3765554428100586,
        "Y": 1.8269448280334473,
        "Z": 0.1536487489938736
    },
    "29": {
        "X": 0.5514581203460693,
        "Y": 1.8868407011032104,
        "Z": 0.24707767367362976
    },
    "30": {
        "X": 0.3773135840892792,
        "Y": 1.8890341520309448,
        "Z": 0.1607133448123932
    },
    "31": {
        "X": 0.5078749060630798,
        "Y": 1.9507274627685547,
        "Z": -0.1569966971874237
    },
    "32": {
        "X": 0.3798814117908478,
        "Y": 1.9368557929992676,
        "Z": -0.26774007081985474
    }
}