{
    "0": {
        "X": 0.4712553918361664,
        "Y": 0.35931774973869324,
        "Z": -1.1546963453292847
    },
    "1": {
        "X": 0.49395322799682617,
        "Y": 0.30784812569618225,
        "Z": -1.1227000951766968
    },
    "2": {
        "X": 0.5065867304801941,
        "Y": 0.3072212040424347,
        "Z": -1.122863531112671
    },
    "3": {
        "X": 0.5162273645401001,
        "Y": 0.3077846169471741,
        "Z": -1.122969627380371
    },
    "4": {
        "X": 0.45026350021362305,
        "Y": 0.31118249893188477,
        "Z": -1.1295015811920166
    },
    "5": {
        "X": 0.43660497665405273,
        "Y": 0.3122696578502655,
        "Z": -1.1298261880874634
    },
    "6": {
        "X": 0.4267631471157074,
        "Y": 0.3137553930282593,
        "Z": -1.1303926706314087
    },
    "7": {
        "X": 0.537253201007843,
        "Y": 0.3254458010196686,
        "Z": -0.8282462954521179
    },
    "8": {
        "X": 0.4082568287849426,
        "Y": 0.3343626856803894,
        "Z": -0.8549243807792664
    },
    "9": {
        "X": 0.49754008650779724,
        "Y": 0.40553680062294006,
        "Z": -1.0336843729019165
    },
    "10": {
        "X": 0.4463345408439636,
        "Y": 0.40504834055900574,
        "Z": -1.0419541597366333
    },
    "11": {
        "X": 0.6248979568481445,
        "Y": 0.5372141003608704,
        "Z": -0.531893789768219
    },
    "12": {
        "X": 0.3301854431629181,
        "Y": 0.5557877421379089,
        "Z": -0.6058364510536194
    },
    "13": {
        "X": 0.6646223664283752,
        "Y": 0.8585910797119141,
        "Z": -0.43978261947631836
    },
    "14": {
        "X": 0.28409168124198914,
        "Y": 0.8747960925102234,
        "Z": -0.5631071925163269
    },
    "15": {
        "X": 0.6303008794784546,
        "Y": 1.1080256700515747,
        "Z": -0.6885358691215515
    },
    "16": {
        "X": 0.3144378960132599,
        "Y": 1.0456135272979736,
        "Z": -0.8227335810661316
    },
    "17": {
        "X": 0.6294411420822144,
        "Y": 1.1998950242996216,
        "Z": -0.7684131264686584
    },
    "18": {
        "X": 0.3163864016532898,
        "Y": 1.140143632888794,
        "Z": -0.903688907623291
    },
    "19": {
        "X": 0.6050347089767456,
        "Y": 1.1834224462509155,
        "Z": -0.8308531641960144
    },
    "20": {
        "X": 0.33583396673202515,
        "Y": 1.1141738891601562,
        "Z": -0.9775730967521667
    },
    "21": {
        "X": 0.5944024324417114,
        "Y": 1.1475991010665894,
        "Z": -0.7210549712181091
    },
    "22": {
        "X": 0.34515780210494995,
        "Y": 1.0841585397720337,
        "Z": -0.8570376634597778
    },
    "23": {
        "X": 0.5585436820983887,
        "Y": 1.0012978315353394,
        "Z": -0.004099530167877674
    },
    "24": {
        "X": 0.3796524107456207,
        "Y": 0.9960424304008484,
        "Z": 0.005848192609846592
    },
    "25": {
        "X": 0.5450494885444641,
        "Y": 1.4051254987716675,
        "Z": -0.23871350288391113
    },
    "26": {
        "X": 0.3895466923713684,
        "Y": 1.3884738683700562,
        "Z": -0.2235066145658493
    },
    "27": {
        "X": 0.5410993099212646,
        "Y": 1.7934242486953735,
        "Z": 0.07509741932153702
    },
    "28": {
        "X": 0.3751470446586609,
        "Y": 1.788151502609253,
        "Z": -0.03797837346792221
    },
    "29": {
        "X": 0.5422335267066956,
        "Y": 1.8465580940246582,
        "Z": 0.08368676900863647
    },
    "30": {
        "X": 0.3724280297756195,
        "Y": 1.8498016595840454,
        "Z": -0.03711865842342377
    },
    "31": {
        "X": 0.5131195187568665,
        "Y": 1.9271037578582764,
        "Z": -0.29121097922325134
    },
    "32": {
        "X": 0.3828667402267456,
        "Y": 1.9157307147979736,
        "Z": -0.44131946563720703
    }
}