{
    "0": {
        "X": 0.4082924425601959,
        "Y": 0.34677088260650635,
        "Z": -0.9708706140518188
    },
    "1": {
        "X": 0.4319048523902893,
        "Y": 0.2997162938117981,
        "Z": -0.9349750280380249
    },
    "2": {
        "X": 0.44637060165405273,
        "Y": 0.2995806932449341,
        "Z": -0.9351865649223328
    },
    "3": {
        "X": 0.46215328574180603,
        "Y": 0.3002644181251526,
        "Z": -0.9352768659591675
    },
    "4": {
        "X": 0.4029776453971863,
        "Y": 0.3027156889438629,
        "Z": -0.9393026232719421
    },
    "5": {
        "X": 0.3945322632789612,
        "Y": 0.3040090501308441,
        "Z": -0.9394546747207642
    },
    "6": {
        "X": 0.38580816984176636,
        "Y": 0.30587437748908997,
        "Z": -0.9400080442428589
    },
    "7": {
        "X": 0.5007731318473816,
        "Y": 0.3221837878227234,
        "Z": -0.7489388585090637
    },
    "8": {
        "X": 0.39311134815216064,
        "Y": 0.325535386800766,
        "Z": -0.646506130695343
    },
    "9": {
        "X": 0.43315523862838745,
        "Y": 0.3895367383956909,
        "Z": -0.863517165184021
    },
    "10": {
        "X": 0.3990973234176636,
        "Y": 0.38924306631088257,
        "Z": -0.860499382019043
    },
    "11": {
        "X": 0.6191431283950806,
        "Y": 0.530542254447937,
        "Z": -0.5157400369644165
    },
    "12": {
        "X": 0.32837724685668945,
        "Y": 0.5358805060386658,
        "Z": -0.42104825377464294
    },
    "13": {
        "X": 0.6584317684173584,
        "Y": 0.8523685336112976,
        "Z": -0.44898301362991333
    },
    "14": {
        "X": 0.27374953031539917,
        "Y": 0.8222434520721436,
        "Z": -0.35156765580177307
    },
    "15": {
        "X": 0.6148576736450195,
        "Y": 1.0509876012802124,
        "Z": -0.66228187084198
    },
    "16": {
        "X": 0.30665889382362366,
        "Y": 1.0087223052978516,
        "Z": -0.6423987150192261
    },
    "17": {
        "X": 0.602985680103302,
        "Y": 1.165648102760315,
        "Z": -0.7440974116325378
    },
    "18": {
        "X": 0.31614232063293457,
        "Y": 1.0940279960632324,
        "Z": -0.7204536199569702
    },
    "19": {
        "X": 0.5773195028305054,
        "Y": 1.1415036916732788,
        "Z": -0.7986606955528259
    },
    "20": {
        "X": 0.33626389503479004,
        "Y": 1.0709713697433472,
        "Z": -0.7781888246536255
    },
    "21": {
        "X": 0.5708327889442444,
        "Y": 1.1070843935012817,
        "Z": -0.6866006255149841
    },
    "22": {
        "X": 0.343118816614151,
        "Y": 1.041732668876648,
        "Z": -0.6707935333251953
    },
    "23": {
        "X": 0.5604711771011353,
        "Y": 0.9996797442436218,
        "Z": -0.05998867005109787
    },
    "24": {
        "X": 0.3821575343608856,
        "Y": 0.9856438040733337,
        "Z": 0.06178516149520874
    },
    "25": {
        "X": 0.5446816682815552,
        "Y": 1.3943979740142822,
        "Z": -0.3664361536502838
    },
    "26": {
        "X": 0.37744849920272827,
        "Y": 1.3817790746688843,
        "Z": -0.13533008098602295
    },
    "27": {
        "X": 0.5477946996688843,
        "Y": 1.7712159156799316,
        "Z": -0.004822034388780594
    },
    "28": {
        "X": 0.37962087988853455,
        "Y": 1.7663400173187256,
        "Z": 0.10821028798818588
    },
    "29": {
        "X": 0.5554384589195251,
        "Y": 1.8264572620391846,
        "Z": 0.011043937876820564
    },
    "30": {
        "X": 0.3825308084487915,
        "Y": 1.8239339590072632,
        "Z": 0.11957292258739471
    },
    "31": {
        "X": 0.5183559060096741,
        "Y": 1.888933539390564,
        "Z": -0.3597303032875061
    },
    "32": {
        "X": 0.38355356454849243,
        "Y": 1.8834147453308105,
        "Z": -0.24414341151714325
    }
}