{
    "0": {
        "X": 0.4757344126701355,
        "Y": 0.3466411530971527,
        "Z": -1.147531509399414
    },
    "1": {
        "X": 0.4956374168395996,
        "Y": 0.2992478907108307,
        "Z": -1.110755205154419
    },
    "2": {
        "X": 0.5062717199325562,
        "Y": 0.29991376399993896,
        "Z": -1.1108306646347046
    },
    "3": {
        "X": 0.5163081884384155,
        "Y": 0.3007153868675232,
        "Z": -1.1108667850494385
    },
    "4": {
        "X": 0.45452436804771423,
        "Y": 0.30012980103492737,
        "Z": -1.1173549890518188
    },
    "5": {
        "X": 0.4410218298435211,
        "Y": 0.30088290572166443,
        "Z": -1.117474913597107
    },
    "6": {
        "X": 0.42936840653419495,
        "Y": 0.3029504716396332,
        "Z": -1.1179674863815308
    },
    "7": {
        "X": 0.5377896428108215,
        "Y": 0.32202422618865967,
        "Z": -0.7969557046890259
    },
    "8": {
        "X": 0.4112437665462494,
        "Y": 0.32711711525917053,
        "Z": -0.8207561373710632
    },
    "9": {
        "X": 0.4985453486442566,
        "Y": 0.3928966224193573,
        "Z": -1.0229547023773193
    },
    "10": {
        "X": 0.44811344146728516,
        "Y": 0.39211151003837585,
        "Z": -1.0298094749450684
    },
    "11": {
        "X": 0.624198853969574,
        "Y": 0.5339787006378174,
        "Z": -0.5182749032974243
    },
    "12": {
        "X": 0.33089810609817505,
        "Y": 0.5516453385353088,
        "Z": -0.5945590734481812
    },
    "13": {
        "X": 0.6610137820243835,
        "Y": 0.8533836603164673,
        "Z": -0.4227350354194641
    },
    "14": {
        "X": 0.28733178973197937,
        "Y": 0.8593859076499939,
        "Z": -0.5326277017593384
    },
    "15": {
        "X": 0.630865216255188,
        "Y": 1.0940296649932861,
        "Z": -0.6826311349868774
    },
    "16": {
        "X": 0.3241187036037445,
        "Y": 1.0806530714035034,
        "Z": -0.815416157245636
    },
    "17": {
        "X": 0.6343294382095337,
        "Y": 1.1879850625991821,
        "Z": -0.7634975910186768
    },
    "18": {
        "X": 0.33109039068222046,
        "Y": 1.1641310453414917,
        "Z": -0.9067947268486023
    },
    "19": {
        "X": 0.6106556057929993,
        "Y": 1.1775259971618652,
        "Z": -0.8278149366378784
    },
    "20": {
        "X": 0.34856241941452026,
        "Y": 1.1423081159591675,
        "Z": -0.9799993634223938
    },
    "21": {
        "X": 0.5991902351379395,
        "Y": 1.1427466869354248,
        "Z": -0.7177752256393433
    },
    "22": {
        "X": 0.3548326790332794,
        "Y": 1.1103761196136475,
        "Z": -0.8511877059936523
    },
    "23": {
        "X": 0.5589205622673035,
        "Y": 1.009886384010315,
        "Z": -0.01768028363585472
    },
    "24": {
        "X": 0.37852898240089417,
        "Y": 1.0547274351119995,
        "Z": 0.020092401653528214
    },
    "25": {
        "X": 0.5474497675895691,
        "Y": 1.477311611175537,
        "Z": -0.0628541111946106
    },
    "26": {
        "X": 0.3670927882194519,
        "Y": 1.4606187343597412,
        "Z": -0.06310779601335526
    },
    "27": {
        "X": 0.5275528430938721,
        "Y": 1.8482577800750732,
        "Z": 0.3140222728252411
    },
    "28": {
        "X": 0.35367780923843384,
        "Y": 1.8384836912155151,
        "Z": 0.1621568650007248
    },
    "29": {
        "X": 0.5279442667961121,
        "Y": 1.9053099155426025,
        "Z": 0.325778990983963
    },
    "30": {
        "X": 0.35092130303382874,
        "Y": 1.8992923498153687,
        "Z": 0.16826051473617554
    },
    "31": {
        "X": 0.4979347288608551,
        "Y": 1.9727282524108887,
        "Z": -0.08453388512134552
    },
    "32": {
        "X": 0.3673345148563385,
        "Y": 1.9622180461883545,
        "Z": -0.2596276104450226
    }
}