{
    "0": {
        "X": 0.38661471009254456,
        "Y": 0.23786555230617523,
        "Z": -0.6891902089118958
    },
    "1": {
        "X": 0.41768574714660645,
        "Y": 0.1919010430574417,
        "Z": -0.7096277475357056
    },
    "2": {
        "X": 0.42879682779312134,
        "Y": 0.19307737052440643,
        "Z": -0.7095822095870972
    },
    "3": {
        "X": 0.4411889910697937,
        "Y": 0.1951097548007965,
        "Z": -0.7095656991004944
    },
    "4": {
        "X": 0.40026241540908813,
        "Y": 0.19234870374202728,
        "Z": -0.6531388163566589
    },
    "5": {
        "X": 0.3982338309288025,
        "Y": 0.19285264611244202,
        "Z": -0.6530379056930542
    },
    "6": {
        "X": 0.3962244391441345,
        "Y": 0.1937330812215805,
        "Z": -0.653744101524353
    },
    "7": {
        "X": 0.5039423704147339,
        "Y": 0.22925542294979095,
        "Z": -0.6080122590065002
    },
    "8": {
        "X": 0.43541496992111206,
        "Y": 0.22244277596473694,
        "Z": -0.3368929326534271
    },
    "9": {
        "X": 0.41132456064224243,
        "Y": 0.2874613106250763,
        "Z": -0.641793429851532
    },
    "10": {
        "X": 0.3886447548866272,
        "Y": 0.28897762298583984,
        "Z": -0.5632658004760742
    },
    "11": {
        "X": 0.6788243055343628,
        "Y": 0.5370838046073914,
        "Z": -0.4064269959926605
    },
    "12": {
        "X": 0.31158578395843506,
        "Y": 0.5201075673103333,
        "Z": -0.24933049082756042
    },
    "13": {
        "X": 0.7103207111358643,
        "Y": 0.9048789739608765,
        "Z": -0.3408801555633545
    },
    "14": {
        "X": 0.26852771639823914,
        "Y": 0.8777587413787842,
        "Z": -0.21961471438407898
    },
    "15": {
        "X": 0.6874992251396179,
        "Y": 1.1656315326690674,
        "Z": -0.5423556566238403
    },
    "16": {
        "X": 0.320777952671051,
        "Y": 1.1033668518066406,
        "Z": -0.6818516254425049
    },
    "17": {
        "X": 0.6913008689880371,
        "Y": 1.2557910680770874,
        "Z": -0.6122187972068787
    },
    "18": {
        "X": 0.3181125223636627,
        "Y": 1.19883131980896,
        "Z": -0.7806953191757202
    },
    "19": {
        "X": 0.6579042673110962,
        "Y": 1.2392151355743408,
        "Z": -0.6662839651107788
    },
    "20": {
        "X": 0.3448306918144226,
        "Y": 1.181396245956421,
        "Z": -0.8484895825386047
    },
    "21": {
        "X": 0.6510355472564697,
        "Y": 1.1953206062316895,
        "Z": -0.570004403591156
    },
    "22": {
        "X": 0.3506261706352234,
        "Y": 1.1412854194641113,
        "Z": -0.7212430238723755
    },
    "23": {
        "X": 0.6040228605270386,
        "Y": 1.2156327962875366,
        "Z": -0.07212582230567932
    },
    "24": {
        "X": 0.36221399903297424,
        "Y": 1.1959775686264038,
        "Z": 0.0756160169839859
    },
    "25": {
        "X": 0.5687994360923767,
        "Y": 1.7321857213974,
        "Z": 0.03524008020758629
    },
    "26": {
        "X": 0.345142662525177,
        "Y": 1.713187575340271,
        "Z": 0.14487169682979584
    },
    "27": {
        "X": 0.559066891670227,
        "Y": 2.202453374862671,
        "Z": 0.6355583667755127
    },
    "28": {
        "X": 0.34304705262184143,
        "Y": 2.182551383972168,
        "Z": 0.5864467620849609
    },
    "29": {
        "X": 0.5682598352432251,
        "Y": 2.277567148208618,
        "Z": 0.6695569157600403
    },
    "30": {
        "X": 0.3453972041606903,
        "Y": 2.2534830570220947,
        "Z": 0.6167663931846619
    },
    "31": {
        "X": 0.49765366315841675,
        "Y": 2.3460607528686523,
        "Z": 0.20188672840595245
    },
    "32": {
        "X": 0.3484145700931549,
        "Y": 2.332836627960205,
        "Z": 0.1178549975156784
    }
}