{
    "0": {
        "X": 0.4220142960548401,
        "Y": 0.2288036048412323,
        "Z": -0.8800414204597473
    },
    "1": {
        "X": 0.45191866159439087,
        "Y": 0.1871892809867859,
        "Z": -0.855911135673523
    },
    "2": {
        "X": 0.4685114324092865,
        "Y": 0.18797005712985992,
        "Z": -0.8560540080070496
    },
    "3": {
        "X": 0.48619192838668823,
        "Y": 0.18998128175735474,
        "Z": -0.8560470342636108
    },
    "4": {
        "X": 0.4209379255771637,
        "Y": 0.18772605061531067,
        "Z": -0.8357293009757996
    },
    "5": {
        "X": 0.41418537497520447,
        "Y": 0.18843407928943634,
        "Z": -0.8358727693557739
    },
    "6": {
        "X": 0.4079124331474304,
        "Y": 0.18957558274269104,
        "Z": -0.8365892171859741
    },
    "7": {
        "X": 0.5332239270210266,
        "Y": 0.2256251871585846,
        "Z": -0.5911188125610352
    },
    "8": {
        "X": 0.42424502968788147,
        "Y": 0.21850231289863586,
        "Z": -0.49211233854293823
    },
    "9": {
        "X": 0.454446017742157,
        "Y": 0.2850315272808075,
        "Z": -0.777910590171814
    },
    "10": {
        "X": 0.41527891159057617,
        "Y": 0.2848777174949646,
        "Z": -0.7479175329208374
    },
    "11": {
        "X": 0.6750177145004272,
        "Y": 0.5288737416267395,
        "Z": -0.35483476519584656
    },
    "12": {
        "X": 0.3119293749332428,
        "Y": 0.5191693305969238,
        "Z": -0.3281418979167938
    },
    "13": {
        "X": 0.707988440990448,
        "Y": 0.8856734037399292,
        "Z": -0.2816741466522217
    },
    "14": {
        "X": 0.2667786777019501,
        "Y": 0.8778149485588074,
        "Z": -0.25106745958328247
    },
    "15": {
        "X": 0.6462805271148682,
        "Y": 1.1021100282669067,
        "Z": -0.5890344381332397
    },
    "16": {
        "X": 0.33103877305984497,
        "Y": 1.0611717700958252,
        "Z": -0.6975772380828857
    },
    "17": {
        "X": 0.657672107219696,
        "Y": 1.195770025253296,
        "Z": -0.6708001494407654
    },
    "18": {
        "X": 0.32366135716438293,
        "Y": 1.1583857536315918,
        "Z": -0.809301495552063
    },
    "19": {
        "X": 0.6302851438522339,
        "Y": 1.174288034439087,
        "Z": -0.7389248609542847
    },
    "20": {
        "X": 0.34288936853408813,
        "Y": 1.134777545928955,
        "Z": -0.8709357976913452
    },
    "21": {
        "X": 0.6254136562347412,
        "Y": 1.1330070495605469,
        "Z": -0.6239327192306519
    },
    "22": {
        "X": 0.3483884632587433,
        "Y": 1.0966097116470337,
        "Z": -0.7367502450942993
    },
    "23": {
        "X": 0.5962158441543579,
        "Y": 1.1850191354751587,
        "Z": -0.03744860365986824
    },
    "24": {
        "X": 0.3681910037994385,
        "Y": 1.171862244606018,
        "Z": 0.03985803574323654
    },
    "25": {
        "X": 0.5689398646354675,
        "Y": 1.686426043510437,
        "Z": 0.05677817389369011
    },
    "26": {
        "X": 0.34995293617248535,
        "Y": 1.6706823110580444,
        "Z": 0.06672278791666031
    },
    "27": {
        "X": 0.5591360926628113,
        "Y": 2.1431124210357666,
        "Z": 0.60749351978302
    },
    "28": {
        "X": 0.3462652862071991,
        "Y": 2.1344990730285645,
        "Z": 0.4648393988609314
    },
    "29": {
        "X": 0.563245415687561,
        "Y": 2.212050437927246,
        "Z": 0.6375604867935181
    },
    "30": {
        "X": 0.34670326113700867,
        "Y": 2.2039642333984375,
        "Z": 0.4885956346988678
    },
    "31": {
        "X": 0.5194481611251831,
        "Y": 2.2867271900177,
        "Z": 0.178191676735878
    },
    "32": {
        "X": 0.3642858862876892,
        "Y": 2.2777886390686035,
        "Z": -0.007774930447340012
    }
}