{
    "0": {
        "X": 0.43286728858947754,
        "Y": 0.23612990975379944,
        "Z": -0.7897282838821411
    },
    "1": {
        "X": 0.4662846624851227,
        "Y": 0.19399696588516235,
        "Z": -0.7616993188858032
    },
    "2": {
        "X": 0.4811677932739258,
        "Y": 0.19526059925556183,
        "Z": -0.7617299556732178
    },
    "3": {
        "X": 0.4968060553073883,
        "Y": 0.19750790297985077,
        "Z": -0.7617174983024597
    },
    "4": {
        "X": 0.432854562997818,
        "Y": 0.1936522126197815,
        "Z": -0.741348147392273
    },
    "5": {
        "X": 0.42489972710609436,
        "Y": 0.19404473900794983,
        "Z": -0.7412696480751038
    },
    "6": {
        "X": 0.4177180826663971,
        "Y": 0.19467172026634216,
        "Z": -0.7419086694717407
    },
    "7": {
        "X": 0.5321557521820068,
        "Y": 0.23341885209083557,
        "Z": -0.480069100856781
    },
    "8": {
        "X": 0.4369243085384369,
        "Y": 0.22494512796401978,
        "Z": -0.3910340666770935
    },
    "9": {
        "X": 0.46191850304603577,
        "Y": 0.28916800022125244,
        "Z": -0.6877211928367615
    },
    "10": {
        "X": 0.4197055399417877,
        "Y": 0.2885120213031769,
        "Z": -0.6571496725082397
    },
    "11": {
        "X": 0.6782315969467163,
        "Y": 0.5375288724899292,
        "Z": -0.2667793035507202
    },
    "12": {
        "X": 0.3106352686882019,
        "Y": 0.5204324126243591,
        "Z": -0.27298566699028015
    },
    "13": {
        "X": 0.7086864709854126,
        "Y": 0.9008274674415588,
        "Z": -0.20697590708732605
    },
    "14": {
        "X": 0.2548026740550995,
        "Y": 0.849612832069397,
        "Z": -0.20991793274879456
    },
    "15": {
        "X": 0.6599828004837036,
        "Y": 1.1464837789535522,
        "Z": -0.5249065160751343
    },
    "16": {
        "X": 0.3302209973335266,
        "Y": 1.0467865467071533,
        "Z": -0.6395560503005981
    },
    "17": {
        "X": 0.6601266860961914,
        "Y": 1.2556169033050537,
        "Z": -0.6090773344039917
    },
    "18": {
        "X": 0.31643494963645935,
        "Y": 1.1537917852401733,
        "Z": -0.7540696263313293
    },
    "19": {
        "X": 0.6333144307136536,
        "Y": 1.22026789188385,
        "Z": -0.6744440793991089
    },
    "20": {
        "X": 0.34434419870376587,
        "Y": 1.1384495496749878,
        "Z": -0.817571759223938
    },
    "21": {
        "X": 0.630219042301178,
        "Y": 1.1764642000198364,
        "Z": -0.5617866516113281
    },
    "22": {
        "X": 0.35049811005592346,
        "Y": 1.0994280576705933,
        "Z": -0.6783679127693176
    },
    "23": {
        "X": 0.5977734327316284,
        "Y": 1.1991963386535645,
        "Z": -0.03852463513612747
    },
    "24": {
        "X": 0.36170265078544617,
        "Y": 1.179125428199768,
        "Z": 0.04176047444343567
    },
    "25": {
        "X": 0.5642043948173523,
        "Y": 1.7193354368209839,
        "Z": 0.02716807648539543
    },
    "26": {
        "X": 0.34407833218574524,
        "Y": 1.6981127262115479,
        "Z": 0.04713050276041031
    },
    "27": {
        "X": 0.5497711896896362,
        "Y": 2.193958282470703,
        "Z": 0.5921170115470886
    },
    "28": {
        "X": 0.34158769249916077,
        "Y": 2.1760261058807373,
        "Z": 0.4317992329597473
    },
    "29": {
        "X": 0.5554082989692688,
        "Y": 2.268308162689209,
        "Z": 0.6224365234375
    },
    "30": {
        "X": 0.34084492921829224,
        "Y": 2.2484421730041504,
        "Z": 0.4531220495700836
    },
    "31": {
        "X": 0.4992823600769043,
        "Y": 2.33544659614563,
        "Z": 0.12515172362327576
    },
    "32": {
        "X": 0.35860681533813477,
        "Y": 2.3205149173736572,
        "Z": -0.07740118354558945
    }
}