{
    "0": {
        "X": 0.38552325963974,
        "Y": 0.23993302881717682,
        "Z": -0.6084096431732178
    },
    "1": {
        "X": 0.41442471742630005,
        "Y": 0.19286049902439117,
        "Z": -0.6257100701332092
    },
    "2": {
        "X": 0.42465004324913025,
        "Y": 0.19374017417430878,
        "Z": -0.6256728768348694
    },
    "3": {
        "X": 0.4356672167778015,
        "Y": 0.19597430527210236,
        "Z": -0.6256204843521118
    },
    "4": {
        "X": 0.39943021535873413,
        "Y": 0.19386062026023865,
        "Z": -0.5742578506469727
    },
    "5": {
        "X": 0.3985402584075928,
        "Y": 0.19440439343452454,
        "Z": -0.5741299390792847
    },
    "6": {
        "X": 0.3979620337486267,
        "Y": 0.1952446550130844,
        "Z": -0.5748539566993713
    },
    "7": {
        "X": 0.4999806880950928,
        "Y": 0.23230186104774475,
        "Z": -0.5415594577789307
    },
    "8": {
        "X": 0.4360809326171875,
        "Y": 0.22426199913024902,
        "Z": -0.26920750737190247
    },
    "9": {
        "X": 0.40860167145729065,
        "Y": 0.2887592613697052,
        "Z": -0.5603352785110474
    },
    "10": {
        "X": 0.3890991508960724,
        "Y": 0.2914322018623352,
        "Z": -0.4867120683193207
    },
    "11": {
        "X": 0.6791417002677917,
        "Y": 0.5368149876594543,
        "Z": -0.33490344882011414
    },
    "12": {
        "X": 0.3105013966560364,
        "Y": 0.5230373740196228,
        "Z": -0.20102886855602264
    },
    "13": {
        "X": 0.7121864557266235,
        "Y": 0.9004117846488953,
        "Z": -0.29510197043418884
    },
    "14": {
        "X": 0.2621745467185974,
        "Y": 0.8618524670600891,
        "Z": -0.21452279388904572
    },
    "15": {
        "X": 0.6754239797592163,
        "Y": 1.153635025024414,
        "Z": -0.47138652205467224
    },
    "16": {
        "X": 0.33314454555511475,
        "Y": 1.026593804359436,
        "Z": -0.7028155326843262
    },
    "17": {
        "X": 0.6663276553153992,
        "Y": 1.2404847145080566,
        "Z": -0.5314951539039612
    },
    "18": {
        "X": 0.33203011751174927,
        "Y": 1.158097743988037,
        "Z": -0.8067514300346375
    },
    "19": {
        "X": 0.6343291997909546,
        "Y": 1.217914342880249,
        "Z": -0.5740171670913696
    },
    "20": {
        "X": 0.36102351546287537,
        "Y": 1.1342030763626099,
        "Z": -0.853791356086731
    },
    "21": {
        "X": 0.633013904094696,
        "Y": 1.1729967594146729,
        "Z": -0.4935764670372009
    },
    "22": {
        "X": 0.36363035440444946,
        "Y": 1.0949268341064453,
        "Z": -0.7400214076042175
    },
    "23": {
        "X": 0.6042874455451965,
        "Y": 1.2198195457458496,
        "Z": -0.06484486162662506
    },
    "24": {
        "X": 0.3621777892112732,
        "Y": 1.1998344659805298,
        "Z": 0.06857716292142868
    },
    "25": {
        "X": 0.5698437094688416,
        "Y": 1.7398838996887207,
        "Z": -0.02213897928595543
    },
    "26": {
        "X": 0.347942054271698,
        "Y": 1.7167414426803589,
        "Z": 0.07224014401435852
    },
    "27": {
        "X": 0.5662289261817932,
        "Y": 2.213184356689453,
        "Z": 0.4845952093601227
    },
    "28": {
        "X": 0.3498651087284088,
        "Y": 2.1932196617126465,
        "Z": 0.4015587270259857
    },
    "29": {
        "X": 0.5775859355926514,
        "Y": 2.2896077632904053,
        "Z": 0.5098186731338501
    },
    "30": {
        "X": 0.3518622815608978,
        "Y": 2.2677597999572754,
        "Z": 0.4185497760772705
    },
    "31": {
        "X": 0.5048686861991882,
        "Y": 2.3545632362365723,
        "Z": 0.049695245921611786
    },
    "32": {
        "X": 0.3568093180656433,
        "Y": 2.337867021560669,
        "Z": -0.05042549967765808
    }
}