{
    "0": {
        "X": 0.3795713782310486,
        "Y": 0.24430148303508759,
        "Z": -0.44803062081336975
    },
    "1": {
        "X": 0.4121151864528656,
        "Y": 0.19530829787254333,
        "Z": -0.48068198561668396
    },
    "2": {
        "X": 0.4230804443359375,
        "Y": 0.1952701359987259,
        "Z": -0.4803902208805084
    },
    "3": {
        "X": 0.434750497341156,
        "Y": 0.19643564522266388,
        "Z": -0.4803628921508789
    },
    "4": {
        "X": 0.3952556252479553,
        "Y": 0.19891779124736786,
        "Z": -0.4164334833621979
    },
    "5": {
        "X": 0.3935588598251343,
        "Y": 0.20017118752002716,
        "Z": -0.4161716103553772
    },
    "6": {
        "X": 0.39200735092163086,
        "Y": 0.2016621232032776,
        "Z": -0.41670316457748413
    },
    "7": {
        "X": 0.49822407960891724,
        "Y": 0.2332971841096878,
        "Z": -0.46796125173568726
    },
    "8": {
        "X": 0.4315064549446106,
        "Y": 0.22865153849124908,
        "Z": -0.14782872796058655
    },
    "9": {
        "X": 0.40467533469200134,
        "Y": 0.2905879616737366,
        "Z": -0.4281090795993805
    },
    "10": {
        "X": 0.3805501461029053,
        "Y": 0.29425257444381714,
        "Z": -0.33969324827194214
    },
    "11": {
        "X": 0.6763626933097839,
        "Y": 0.5372124910354614,
        "Z": -0.31451135873794556
    },
    "12": {
        "X": 0.31335511803627014,
        "Y": 0.5171211957931519,
        "Z": -0.11221834272146225
    },
    "13": {
        "X": 0.7133282423019409,
        "Y": 0.8861936926841736,
        "Z": -0.2904358208179474
    },
    "14": {
        "X": 0.2679787576198578,
        "Y": 0.856749951839447,
        "Z": -0.077950619161129
    },
    "15": {
        "X": 0.6502838134765625,
        "Y": 1.1053576469421387,
        "Z": -0.42084842920303345
    },
    "16": {
        "X": 0.3328186571598053,
        "Y": 1.0464411973953247,
        "Z": -0.43641823530197144
    },
    "17": {
        "X": 0.6544322371482849,
        "Y": 1.206041693687439,
        "Z": -0.47019830346107483
    },
    "18": {
        "X": 0.3266366124153137,
        "Y": 1.1669000387191772,
        "Z": -0.5181015133857727
    },
    "19": {
        "X": 0.6226824522018433,
        "Y": 1.1829508543014526,
        "Z": -0.4909551739692688
    },
    "20": {
        "X": 0.35264164209365845,
        "Y": 1.14862060546875,
        "Z": -0.5639671683311462
    },
    "21": {
        "X": 0.620865523815155,
        "Y": 1.1450313329696655,
        "Z": -0.42973700165748596
    },
    "22": {
        "X": 0.3619198501110077,
        "Y": 1.0653159618377686,
        "Z": -0.4686417579650879
    },
    "23": {
        "X": 0.5973295569419861,
        "Y": 1.202335000038147,
        "Z": -0.06396536529064178
    },
    "24": {
        "X": 0.3620218336582184,
        "Y": 1.18075430393219,
        "Z": 0.06756576895713806
    },
    "25": {
        "X": 0.5644963979721069,
        "Y": 1.7274248600006104,
        "Z": -0.040072739124298096
    },
    "26": {
        "X": 0.35513800382614136,
        "Y": 1.7071763277053833,
        "Z": 0.06543688476085663
    },
    "27": {
        "X": 0.5574816465377808,
        "Y": 2.20977783203125,
        "Z": 0.4398214817047119
    },
    "28": {
        "X": 0.3525537848472595,
        "Y": 2.1901519298553467,
        "Z": 0.3547079563140869
    },
    "29": {
        "X": 0.5677982568740845,
        "Y": 2.2822060585021973,
        "Z": 0.46444398164749146
    },
    "30": {
        "X": 0.35260963439941406,
        "Y": 2.257106065750122,
        "Z": 0.3706652522087097
    },
    "31": {
        "X": 0.5023149847984314,
        "Y": 2.3447234630584717,
        "Z": 0.027754371985793114
    },
    "32": {
        "X": 0.36096295714378357,
        "Y": 2.340632915496826,
        "Z": -0.08804287016391754
    }
}