{
    "0": {
        "X": 0.3814283013343811,
        "Y": 0.23279334604740143,
        "Z": -0.7697950005531311
    },
    "1": {
        "X": 0.4088883399963379,
        "Y": 0.1892932504415512,
        "Z": -0.8116159439086914
    },
    "2": {
        "X": 0.42017799615859985,
        "Y": 0.18949024379253387,
        "Z": -0.8114649057388306
    },
    "3": {
        "X": 0.4328209459781647,
        "Y": 0.19034521281719208,
        "Z": -0.8114962577819824
    },
    "4": {
        "X": 0.39064303040504456,
        "Y": 0.18975433707237244,
        "Z": -0.7365590333938599
    },
    "5": {
        "X": 0.3882356286048889,
        "Y": 0.19021296501159668,
        "Z": -0.7366551756858826
    },
    "6": {
        "X": 0.38621440529823303,
        "Y": 0.19096098840236664,
        "Z": -0.7374265193939209
    },
    "7": {
        "X": 0.49696946144104004,
        "Y": 0.22143737971782684,
        "Z": -0.727706253528595
    },
    "8": {
        "X": 0.42303019762039185,
        "Y": 0.21906407177448273,
        "Z": -0.4641806185245514
    },
    "9": {
        "X": 0.40714478492736816,
        "Y": 0.2818339467048645,
        "Z": -0.7405746579170227
    },
    "10": {
        "X": 0.38376131653785706,
        "Y": 0.28443172574043274,
        "Z": -0.6533344984054565
    },
    "11": {
        "X": 0.67243891954422,
        "Y": 0.523786723613739,
        "Z": -0.5137423872947693
    },
    "12": {
        "X": 0.3064576983451843,
        "Y": 0.5254266858100891,
        "Z": -0.3660472333431244
    },
    "13": {
        "X": 0.7015340328216553,
        "Y": 0.8926531076431274,
        "Z": -0.3858545422554016
    },
    "14": {
        "X": 0.27410799264907837,
        "Y": 0.8887536525726318,
        "Z": -0.1965331882238388
    },
    "15": {
        "X": 0.6553624868392944,
        "Y": 1.148606538772583,
        "Z": -0.4895082414150238
    },
    "16": {
        "X": 0.34468814730644226,
        "Y": 1.1230891942977905,
        "Z": -0.47549933195114136
    },
    "17": {
        "X": 0.6489782929420471,
        "Y": 1.253961205482483,
        "Z": -0.5378097295761108
    },
    "18": {
        "X": 0.34867191314697266,
        "Y": 1.2227072715759277,
        "Z": -0.5484641194343567
    },
    "19": {
        "X": 0.6278756856918335,
        "Y": 1.2209656238555908,
        "Z": -0.5899451971054077
    },
    "20": {
        "X": 0.36901363730430603,
        "Y": 1.2042615413665771,
        "Z": -0.604364275932312
    },
    "21": {
        "X": 0.6229196786880493,
        "Y": 1.177950382232666,
        "Z": -0.5119808316230774
    },
    "22": {
        "X": 0.37279194593429565,
        "Y": 1.1626219749450684,
        "Z": -0.5075754523277283
    },
    "23": {
        "X": 0.6024418473243713,
        "Y": 1.186209797859192,
        "Z": -0.06255136430263519
    },
    "24": {
        "X": 0.3662106990814209,
        "Y": 1.1736276149749756,
        "Z": 0.06508161127567291
    },
    "25": {
        "X": 0.5766168236732483,
        "Y": 1.7009693384170532,
        "Z": 0.06456644833087921
    },
    "26": {
        "X": 0.36108285188674927,
        "Y": 1.6887539625167847,
        "Z": 0.1338946521282196
    },
    "27": {
        "X": 0.5769127607345581,
        "Y": 2.1576242446899414,
        "Z": 0.6590171456336975
    },
    "28": {
        "X": 0.3698556423187256,
        "Y": 2.149540424346924,
        "Z": 0.5536321401596069
    },
    "29": {
        "X": 0.5844576954841614,
        "Y": 2.2264888286590576,
        "Z": 0.693011462688446
    },
    "30": {
        "X": 0.37326642870903015,
        "Y": 2.216568946838379,
        "Z": 0.5833361148834229
    },
    "31": {
        "X": 0.5278330445289612,
        "Y": 2.305861234664917,
        "Z": 0.24694719910621643
    },
    "32": {
        "X": 0.3789132237434387,
        "Y": 2.3003947734832764,
        "Z": 0.11032380163669586
    }
}