{
    "0": {
        "X": 0.4297586977481842,
        "Y": 0.2259243130683899,
        "Z": -0.6023420691490173
    },
    "1": {
        "X": 0.4603272080421448,
        "Y": 0.1879499852657318,
        "Z": -0.5857447981834412
    },
    "2": {
        "X": 0.47648006677627563,
        "Y": 0.18970121443271637,
        "Z": -0.5855227708816528
    },
    "3": {
        "X": 0.4927654266357422,
        "Y": 0.19233550131320953,
        "Z": -0.5854148864746094
    },
    "4": {
        "X": 0.42831534147262573,
        "Y": 0.1889963448047638,
        "Z": -0.555980384349823
    },
    "5": {
        "X": 0.4208170473575592,
        "Y": 0.19022703170776367,
        "Z": -0.5557559132575989
    },
    "6": {
        "X": 0.41302490234375,
        "Y": 0.19224391877651215,
        "Z": -0.5562604665756226
    },
    "7": {
        "X": 0.5350151658058167,
        "Y": 0.23257869482040405,
        "Z": -0.39296385645866394
    },
    "8": {
        "X": 0.43115463852882385,
        "Y": 0.2253318727016449,
        "Z": -0.24785692989826202
    },
    "9": {
        "X": 0.4590717852115631,
        "Y": 0.2791072130203247,
        "Z": -0.529521107673645
    },
    "10": {
        "X": 0.419198602437973,
        "Y": 0.279353529214859,
        "Z": -0.48481613397598267
    },
    "11": {
        "X": 0.6767441034317017,
        "Y": 0.5359349846839905,
        "Z": -0.23115697503089905
    },
    "12": {
        "X": 0.3141983449459076,
        "Y": 0.5229710340499878,
        "Z": -0.18502503633499146
    },
    "13": {
        "X": 0.7160006165504456,
        "Y": 0.8841589689254761,
        "Z": -0.21444816887378693
    },
    "14": {
        "X": 0.26951929926872253,
        "Y": 0.8771436214447021,
        "Z": -0.23156535625457764
    },
    "15": {
        "X": 0.6500116586685181,
        "Y": 1.1017502546310425,
        "Z": -0.47307831048965454
    },
    "16": {
        "X": 0.33201706409454346,
        "Y": 1.0551302433013916,
        "Z": -0.7584577798843384
    },
    "17": {
        "X": 0.6650708913803101,
        "Y": 1.2157440185546875,
        "Z": -0.5430907011032104
    },
    "18": {
        "X": 0.3228517174720764,
        "Y": 1.1591432094573975,
        "Z": -0.8729432225227356
    },
    "19": {
        "X": 0.6282404661178589,
        "Y": 1.1960444450378418,
        "Z": -0.5831324458122253
    },
    "20": {
        "X": 0.3497786521911621,
        "Y": 1.1414591073989868,
        "Z": -0.9141405820846558
    },
    "21": {
        "X": 0.6254837512969971,
        "Y": 1.1567809581756592,
        "Z": -0.49720749258995056
    },
    "22": {
        "X": 0.35528266429901123,
        "Y": 1.1072057485580444,
        "Z": -0.7926304936408997
    },
    "23": {
        "X": 0.6039609313011169,
        "Y": 1.1973291635513306,
        "Z": -0.04302094504237175
    },
    "24": {
        "X": 0.36938974261283875,
        "Y": 1.1817561388015747,
        "Z": 0.046721749007701874
    },
    "25": {
        "X": 0.5722880363464355,
        "Y": 1.7227321863174438,
        "Z": -0.02318142168223858
    },
    "26": {
        "X": 0.3582475483417511,
        "Y": 1.7089141607284546,
        "Z": 0.02526993677020073
    },
    "27": {
        "X": 0.5578201413154602,
        "Y": 2.2021801471710205,
        "Z": 0.48627209663391113
    },
    "28": {
        "X": 0.3500151038169861,
        "Y": 2.1876180171966553,
        "Z": 0.3510686755180359
    },
    "29": {
        "X": 0.5649166703224182,
        "Y": 2.2754905223846436,
        "Z": 0.5125867128372192
    },
    "30": {
        "X": 0.34781530499458313,
        "Y": 2.255706310272217,
        "Z": 0.3671336770057678
    },
    "31": {
        "X": 0.5086065530776978,
        "Y": 2.340151786804199,
        "Z": 0.051320772618055344
    },
    "32": {
        "X": 0.3683522343635559,
        "Y": 2.335575580596924,
        "Z": -0.1325579285621643
    }
}