{
    "0": {
        "X": 0.49312105774879456,
        "Y": 0.23640717566013336,
        "Z": -0.8062170743942261
    },
    "1": {
        "X": 0.5168181657791138,
        "Y": 0.19347287714481354,
        "Z": -0.7445531487464905
    },
    "2": {
        "X": 0.5297636985778809,
        "Y": 0.1955706775188446,
        "Z": -0.7445854544639587
    },
    "3": {
        "X": 0.5398379564285278,
        "Y": 0.19836315512657166,
        "Z": -0.7445501685142517
    },
    "4": {
        "X": 0.4735969603061676,
        "Y": 0.19171719253063202,
        "Z": -0.7572202682495117
    },
    "5": {
        "X": 0.45886772871017456,
        "Y": 0.19271916151046753,
        "Z": -0.7570492625236511
    },
    "6": {
        "X": 0.4443093240261078,
        "Y": 0.19435518980026245,
        "Z": -0.7575051784515381
    },
    "7": {
        "X": 0.5571523308753967,
        "Y": 0.23192639648914337,
        "Z": -0.3818305730819702
    },
    "8": {
        "X": 0.42621761560440063,
        "Y": 0.2262326031923294,
        "Z": -0.4251994490623474
    },
    "9": {
        "X": 0.5203976631164551,
        "Y": 0.2938677668571472,
        "Z": -0.6747893691062927
    },
    "10": {
        "X": 0.4626181125640869,
        "Y": 0.29269254207611084,
        "Z": -0.6866813898086548
    },
    "11": {
        "X": 0.6775526404380798,
        "Y": 0.5420418977737427,
        "Z": -0.15031233429908752
    },
    "12": {
        "X": 0.2992529273033142,
        "Y": 0.5396178364753723,
        "Z": -0.34429723024368286
    },
    "13": {
        "X": 0.7113823890686035,
        "Y": 0.9033558368682861,
        "Z": -0.12457969039678574
    },
    "14": {
        "X": 0.26676827669143677,
        "Y": 0.8979914784431458,
        "Z": -0.44624632596969604
    },
    "15": {
        "X": 0.685373842716217,
        "Y": 1.1582839488983154,
        "Z": -0.5722582936286926
    },
    "16": {
        "X": 0.32555797696113586,
        "Y": 1.076920747756958,
        "Z": -1.0827871561050415
    },
    "17": {
        "X": 0.6860715746879578,
        "Y": 1.2675334215164185,
        "Z": -0.674242377281189
    },
    "18": {
        "X": 0.3085501492023468,
        "Y": 1.1625016927719116,
        "Z": -1.2340857982635498
    },
    "19": {
        "X": 0.6521458029747009,
        "Y": 1.2528222799301147,
        "Z": -0.7491026520729065
    },
    "20": {
        "X": 0.3366079330444336,
        "Y": 1.1434406042099,
        "Z": -1.2876255512237549
    },
    "21": {
        "X": 0.6452329158782959,
        "Y": 1.2044812440872192,
        "Z": -0.6194438934326172
    },
    "22": {
        "X": 0.3405473828315735,
        "Y": 1.106095552444458,
        "Z": -1.121903419494629
    },
    "23": {
        "X": 0.606126606464386,
        "Y": 1.2209620475769043,
        "Z": -0.016809647902846336
    },
    "24": {
        "X": 0.3660142123699188,
        "Y": 1.2141036987304688,
        "Z": 0.020957592874765396
    },
    "25": {
        "X": 0.5815471410751343,
        "Y": 1.746189832687378,
        "Z": 0.06268493831157684
    },
    "26": {
        "X": 0.35380858182907104,
        "Y": 1.7452956438064575,
        "Z": 0.08008481562137604
    },
    "27": {
        "X": 0.5676466226577759,
        "Y": 2.2221436500549316,
        "Z": 0.6662970781326294
    },
    "28": {
        "X": 0.3557592034339905,
        "Y": 2.2134063243865967,
        "Z": 0.501921534538269
    },
    "29": {
        "X": 0.5727282762527466,
        "Y": 2.299515724182129,
        "Z": 0.6982710361480713
    },
    "30": {
        "X": 0.35285353660583496,
        "Y": 2.2867653369903564,
        "Z": 0.5262280702590942
    },
    "31": {
        "X": 0.5222858786582947,
        "Y": 2.3715617656707764,
        "Z": 0.20324821770191193
    },
    "32": {
        "X": 0.3866020143032074,
        "Y": 2.368232488632202,
        "Z": -0.01873687654733658
    }
}