{
    "0": {
        "X": 0.48372945189476013,
        "Y": 0.2322433739900589,
        "Z": -0.8650891184806824
    },
    "1": {
        "X": 0.5079519152641296,
        "Y": 0.1925085186958313,
        "Z": -0.8079617619514465
    },
    "2": {
        "X": 0.5224127769470215,
        "Y": 0.1943848878145218,
        "Z": -0.8081048130989075
    },
    "3": {
        "X": 0.5337930917739868,
        "Y": 0.19717484712600708,
        "Z": -0.8081002235412598
    },
    "4": {
        "X": 0.46601906418800354,
        "Y": 0.1919875293970108,
        "Z": -0.816018283367157
    },
    "5": {
        "X": 0.4522262215614319,
        "Y": 0.1928393691778183,
        "Z": -0.8159470558166504
    },
    "6": {
        "X": 0.4392525255680084,
        "Y": 0.1942480504512787,
        "Z": -0.816501796245575
    },
    "7": {
        "X": 0.5525354743003845,
        "Y": 0.23235543072223663,
        "Z": -0.427756130695343
    },
    "8": {
        "X": 0.42797523736953735,
        "Y": 0.22715531289577484,
        "Z": -0.46014857292175293
    },
    "9": {
        "X": 0.513485312461853,
        "Y": 0.28891482949256897,
        "Z": -0.7258686423301697
    },
    "10": {
        "X": 0.4571347236633301,
        "Y": 0.28722503781318665,
        "Z": -0.7324519157409668
    },
    "11": {
        "X": 0.6780658960342407,
        "Y": 0.5364729166030884,
        "Z": -0.1646861582994461
    },
    "12": {
        "X": 0.3061816990375519,
        "Y": 0.533972442150116,
        "Z": -0.3196027874946594
    },
    "13": {
        "X": 0.7112874388694763,
        "Y": 0.8869050741195679,
        "Z": -0.10438711941242218
    },
    "14": {
        "X": 0.25835081934928894,
        "Y": 0.8836580514907837,
        "Z": -0.3255522549152374
    },
    "15": {
        "X": 0.6507436037063599,
        "Y": 1.114902377128601,
        "Z": -0.5703178644180298
    },
    "16": {
        "X": 0.32376888394355774,
        "Y": 1.072623610496521,
        "Z": -0.8854659199714661
    },
    "17": {
        "X": 0.6534014344215393,
        "Y": 1.2230664491653442,
        "Z": -0.6752939820289612
    },
    "18": {
        "X": 0.31753525137901306,
        "Y": 1.1634207963943481,
        "Z": -1.0307389497756958
    },
    "19": {
        "X": 0.6237895488739014,
        "Y": 1.1927157640457153,
        "Z": -0.7519953846931458
    },
    "20": {
        "X": 0.3453444838523865,
        "Y": 1.143825650215149,
        "Z": -1.0917458534240723
    },
    "21": {
        "X": 0.6206465363502502,
        "Y": 1.1504489183425903,
        "Z": -0.6159088015556335
    },
    "22": {
        "X": 0.3543561100959778,
        "Y": 1.0723084211349487,
        "Z": -0.9242717623710632
    },
    "23": {
        "X": 0.6006987690925598,
        "Y": 1.2005571126937866,
        "Z": -0.013022085651755333
    },
    "24": {
        "X": 0.3700838088989258,
        "Y": 1.195246934890747,
        "Z": 0.016369638964533806
    },
    "25": {
        "X": 0.5773547887802124,
        "Y": 1.7187367677688599,
        "Z": 0.06776247918605804
    },
    "26": {
        "X": 0.3533053398132324,
        "Y": 1.714256763458252,
        "Z": 0.03462439402937889
    },
    "27": {
        "X": 0.5606421232223511,
        "Y": 2.1884405612945557,
        "Z": 0.6696208715438843
    },
    "28": {
        "X": 0.3472440242767334,
        "Y": 2.1851232051849365,
        "Z": 0.458550363779068
    },
    "29": {
        "X": 0.5631680488586426,
        "Y": 2.261813163757324,
        "Z": 0.7034314870834351
    },
    "30": {
        "X": 0.3441780209541321,
        "Y": 2.2570900917053223,
        "Z": 0.4820188879966736
    },
    "31": {
        "X": 0.5224683880805969,
        "Y": 2.3335037231445312,
        "Z": 0.21234925091266632
    },
    "32": {
        "X": 0.37712356448173523,
        "Y": 2.330557107925415,
        "Z": -0.06672163307666779
    }
}