{
    "0": {
        "X": 0.49037593603134155,
        "Y": 0.23496754467487335,
        "Z": -0.8588677644729614
    },
    "1": {
        "X": 0.5144485235214233,
        "Y": 0.19335725903511047,
        "Z": -0.7930092215538025
    },
    "2": {
        "X": 0.5280448198318481,
        "Y": 0.19543394446372986,
        "Z": -0.7931238412857056
    },
    "3": {
        "X": 0.5383812785148621,
        "Y": 0.1982107162475586,
        "Z": -0.7930246591567993
    },
    "4": {
        "X": 0.47131213545799255,
        "Y": 0.19226641952991486,
        "Z": -0.8085507154464722
    },
    "5": {
        "X": 0.45658230781555176,
        "Y": 0.193571075797081,
        "Z": -0.8083916902542114
    },
    "6": {
        "X": 0.4422692656517029,
        "Y": 0.19559718668460846,
        "Z": -0.8088737726211548
    },
    "7": {
        "X": 0.5565614104270935,
        "Y": 0.23228393495082855,
        "Z": -0.40680694580078125
    },
    "8": {
        "X": 0.42591723799705505,
        "Y": 0.2285071313381195,
        "Z": -0.4590322971343994
    },
    "9": {
        "X": 0.5188785195350647,
        "Y": 0.29272496700286865,
        "Z": -0.7156102657318115
    },
    "10": {
        "X": 0.46140050888061523,
        "Y": 0.2911610007286072,
        "Z": -0.7323054671287537
    },
    "11": {
        "X": 0.6776500940322876,
        "Y": 0.5394799709320068,
        "Z": -0.1489810347557068
    },
    "12": {
        "X": 0.30336180329322815,
        "Y": 0.5342292785644531,
        "Z": -0.3331322968006134
    },
    "13": {
        "X": 0.7124635577201843,
        "Y": 0.8945127725601196,
        "Z": -0.1440441608428955
    },
    "14": {
        "X": 0.25386935472488403,
        "Y": 0.8739429116249084,
        "Z": -0.42324337363243103
    },
    "15": {
        "X": 0.6712480783462524,
        "Y": 1.1319828033447266,
        "Z": -0.6243153810501099
    },
    "16": {
        "X": 0.3302561938762665,
        "Y": 1.0419944524765015,
        "Z": -1.0605380535125732
    },
    "17": {
        "X": 0.6701831221580505,
        "Y": 1.2282493114471436,
        "Z": -0.7339963912963867
    },
    "18": {
        "X": 0.311683714389801,
        "Y": 1.1403582096099854,
        "Z": -1.213273286819458
    },
    "19": {
        "X": 0.6347554922103882,
        "Y": 1.2149163484573364,
        "Z": -0.8049906492233276
    },
    "20": {
        "X": 0.3419286012649536,
        "Y": 1.1197789907455444,
        "Z": -1.2687433958053589
    },
    "21": {
        "X": 0.6301559209823608,
        "Y": 1.1699084043502808,
        "Z": -0.6692532896995544
    },
    "22": {
        "X": 0.3479234576225281,
        "Y": 1.0627468824386597,
        "Z": -1.1004717350006104
    },
    "23": {
        "X": 0.6037299633026123,
        "Y": 1.2100157737731934,
        "Z": -0.012260732240974903
    },
    "24": {
        "X": 0.36610347032546997,
        "Y": 1.201720118522644,
        "Z": 0.01623797044157982
    },
    "25": {
        "X": 0.5816506147384644,
        "Y": 1.7323353290557861,
        "Z": 0.0378776416182518
    },
    "26": {
        "X": 0.3570253252983093,
        "Y": 1.7263020277023315,
        "Z": 0.02538248524069786
    },
    "27": {
        "X": 0.5684612989425659,
        "Y": 2.2056164741516113,
        "Z": 0.6170568466186523
    },
    "28": {
        "X": 0.3576647639274597,
        "Y": 2.1967437267303467,
        "Z": 0.43240755796432495
    },
    "29": {
        "X": 0.5724290609359741,
        "Y": 2.2815983295440674,
        "Z": 0.6468429565429688
    },
    "30": {
        "X": 0.35454070568084717,
        "Y": 2.2722320556640625,
        "Z": 0.4521368145942688
    },
    "31": {
        "X": 0.5253131985664368,
        "Y": 2.35429048538208,
        "Z": 0.1434822380542755
    },
    "32": {
        "X": 0.3868585228919983,
        "Y": 2.3429930210113525,
        "Z": -0.10278034210205078
    }
}