{
    "0": {
        "X": 0.49141788482666016,
        "Y": 0.2285270094871521,
        "Z": -1.0064903497695923
    },
    "1": {
        "X": 0.5152062177658081,
        "Y": 0.18762008845806122,
        "Z": -0.9444562792778015
    },
    "2": {
        "X": 0.5267642736434937,
        "Y": 0.18935537338256836,
        "Z": -0.9447288513183594
    },
    "3": {
        "X": 0.5380433797836304,
        "Y": 0.1917393058538437,
        "Z": -0.9447076916694641
    },
    "4": {
        "X": 0.47215813398361206,
        "Y": 0.1871066838502884,
        "Z": -0.9647234678268433
    },
    "5": {
        "X": 0.45702987909317017,
        "Y": 0.18818138539791107,
        "Z": -0.9648635983467102
    },
    "6": {
        "X": 0.44209837913513184,
        "Y": 0.18965226411819458,
        "Z": -0.9654714465141296
    },
    "7": {
        "X": 0.5555073022842407,
        "Y": 0.22569651901721954,
        "Z": -0.5218348503112793
    },
    "8": {
        "X": 0.42552584409713745,
        "Y": 0.22056160867214203,
        "Z": -0.6175493001937866
    },
    "9": {
        "X": 0.5170422792434692,
        "Y": 0.2846622169017792,
        "Z": -0.8520077466964722
    },
    "10": {
        "X": 0.46082910895347595,
        "Y": 0.2842666208744049,
        "Z": -0.8750028610229492
    },
    "11": {
        "X": 0.6756693124771118,
        "Y": 0.5290769338607788,
        "Z": -0.23765580356121063
    },
    "12": {
        "X": 0.3069620728492737,
        "Y": 0.5207415819168091,
        "Z": -0.41994816064834595
    },
    "13": {
        "X": 0.7091162800788879,
        "Y": 0.8820721507072449,
        "Z": -0.16291284561157227
    },
    "14": {
        "X": 0.26843124628067017,
        "Y": 0.8900792002677917,
        "Z": -0.3253019452095032
    },
    "15": {
        "X": 0.64658522605896,
        "Y": 1.0952380895614624,
        "Z": -0.6614055037498474
    },
    "16": {
        "X": 0.33508044481277466,
        "Y": 1.1025420427322388,
        "Z": -0.7796727418899536
    },
    "17": {
        "X": 0.6622458100318909,
        "Y": 1.2030854225158691,
        "Z": -0.7793844938278198
    },
    "18": {
        "X": 0.32747882604599,
        "Y": 1.1976816654205322,
        "Z": -0.9120451807975769
    },
    "19": {
        "X": 0.6349547505378723,
        "Y": 1.1727365255355835,
        "Z": -0.8671209216117859
    },
    "20": {
        "X": 0.35228437185287476,
        "Y": 1.1756045818328857,
        "Z": -0.9962140917778015
    },
    "21": {
        "X": 0.6294445991516113,
        "Y": 1.1308733224868774,
        "Z": -0.7117785215377808
    },
    "22": {
        "X": 0.357001930475235,
        "Y": 1.1343657970428467,
        "Z": -0.8226228952407837
    },
    "23": {
        "X": 0.6014931201934814,
        "Y": 1.188707709312439,
        "Z": -0.0007501280633732677
    },
    "24": {
        "X": 0.36881452798843384,
        "Y": 1.185693383216858,
        "Z": 0.0034754271619021893
    },
    "25": {
        "X": 0.5817446112632751,
        "Y": 1.6976624727249146,
        "Z": 0.08869200944900513
    },
    "26": {
        "X": 0.36115485429763794,
        "Y": 1.693008542060852,
        "Z": 0.009260240942239761
    },
    "27": {
        "X": 0.5707758665084839,
        "Y": 2.1593387126922607,
        "Z": 0.6579692363739014
    },
    "28": {
        "X": 0.36095142364501953,
        "Y": 2.154942512512207,
        "Z": 0.4275962710380554
    },
    "29": {
        "X": 0.5731302499771118,
        "Y": 2.231955051422119,
        "Z": 0.6869380474090576
    },
    "30": {
        "X": 0.3579822778701782,
        "Y": 2.22563099861145,
        "Z": 0.45009464025497437
    },
    "31": {
        "X": 0.5427047610282898,
        "Y": 2.300797939300537,
        "Z": 0.21022959053516388
    },
    "32": {
        "X": 0.39571136236190796,
        "Y": 2.2994818687438965,
        "Z": -0.094737708568573
    }
}