{
    "0": {
        "X": 0.4304230809211731,
        "Y": 0.23588091135025024,
        "Z": -0.794183611869812
    },
    "1": {
        "X": 0.4664424955844879,
        "Y": 0.19250933825969696,
        "Z": -0.7583690881729126
    },
    "2": {
        "X": 0.4831845164299011,
        "Y": 0.19387415051460266,
        "Z": -0.7584208846092224
    },
    "3": {
        "X": 0.5009245872497559,
        "Y": 0.19611215591430664,
        "Z": -0.758402943611145
    },
    "4": {
        "X": 0.4312632977962494,
        "Y": 0.19265097379684448,
        "Z": -0.7455402612686157
    },
    "5": {
        "X": 0.42353948950767517,
        "Y": 0.19314534962177277,
        "Z": -0.745483934879303
    },
    "6": {
        "X": 0.4167807996273041,
        "Y": 0.1939469873905182,
        "Z": -0.7461487054824829
    },
    "7": {
        "X": 0.5366683602333069,
        "Y": 0.2321372926235199,
        "Z": -0.471414715051651
    },
    "8": {
        "X": 0.4369266927242279,
        "Y": 0.2230975180864334,
        "Z": -0.3929038345813751
    },
    "9": {
        "X": 0.46368032693862915,
        "Y": 0.28836387395858765,
        "Z": -0.6841216087341309
    },
    "10": {
        "X": 0.4178957939147949,
        "Y": 0.2879047691822052,
        "Z": -0.6623546481132507
    },
    "11": {
        "X": 0.6790018677711487,
        "Y": 0.5369095206260681,
        "Z": -0.25028708577156067
    },
    "12": {
        "X": 0.3132285177707672,
        "Y": 0.5178831815719604,
        "Z": -0.28914743661880493
    },
    "13": {
        "X": 0.7123350501060486,
        "Y": 0.8955552577972412,
        "Z": -0.19167771935462952
    },
    "14": {
        "X": 0.2676675617694855,
        "Y": 0.8783617615699768,
        "Z": -0.29246097803115845
    },
    "15": {
        "X": 0.6696673631668091,
        "Y": 1.1305214166641235,
        "Z": -0.5373225808143616
    },
    "16": {
        "X": 0.32209330797195435,
        "Y": 1.0875070095062256,
        "Z": -0.830233097076416
    },
    "17": {
        "X": 0.6769781708717346,
        "Y": 1.2465485334396362,
        "Z": -0.6272269487380981
    },
    "18": {
        "X": 0.31491246819496155,
        "Y": 1.181856393814087,
        "Z": -0.9590460062026978
    },
    "19": {
        "X": 0.6534761190414429,
        "Y": 1.21626615524292,
        "Z": -0.6953166723251343
    },
    "20": {
        "X": 0.343311607837677,
        "Y": 1.1659420728683472,
        "Z": -1.0260674953460693
    },
    "21": {
        "X": 0.6467335820198059,
        "Y": 1.1743484735488892,
        "Z": -0.5774667263031006
    },
    "22": {
        "X": 0.3496362566947937,
        "Y": 1.1266348361968994,
        "Z": -0.8666595220565796
    },
    "23": {
        "X": 0.6078603267669678,
        "Y": 1.2095963954925537,
        "Z": -0.04020323604345322
    },
    "24": {
        "X": 0.37093260884284973,
        "Y": 1.1906604766845703,
        "Z": 0.04343218356370926
    },
    "25": {
        "X": 0.577820897102356,
        "Y": 1.7222539186477661,
        "Z": 0.028896013274788857
    },
    "26": {
        "X": 0.3545202910900116,
        "Y": 1.7040482759475708,
        "Z": 0.06176171451807022
    },
    "27": {
        "X": 0.5652738809585571,
        "Y": 2.1927287578582764,
        "Z": 0.5845228433609009
    },
    "28": {
        "X": 0.352358877658844,
        "Y": 2.174271583557129,
        "Z": 0.44686269760131836
    },
    "29": {
        "X": 0.5724529027938843,
        "Y": 2.265434503555298,
        "Z": 0.6149735450744629
    },
    "30": {
        "X": 0.3512214124202728,
        "Y": 2.244431734085083,
        "Z": 0.4684152603149414
    },
    "31": {
        "X": 0.5151405334472656,
        "Y": 2.3374979496002197,
        "Z": 0.1452091485261917
    },
    "32": {
        "X": 0.37285247445106506,
        "Y": 2.3221375942230225,
        "Z": -0.04765399545431137
    }
}