{
    "0": {
        "X": 0.43211811780929565,
        "Y": 0.23310646414756775,
        "Z": -0.7441850900650024
    },
    "1": {
        "X": 0.46607041358947754,
        "Y": 0.19146789610385895,
        "Z": -0.7089923620223999
    },
    "2": {
        "X": 0.48238033056259155,
        "Y": 0.19302697479724884,
        "Z": -0.7089947462081909
    },
    "3": {
        "X": 0.4999256134033203,
        "Y": 0.19572940468788147,
        "Z": -0.7088400721549988
    },
    "4": {
        "X": 0.4324829578399658,
        "Y": 0.19178195297718048,
        "Z": -0.6961191296577454
    },
    "5": {
        "X": 0.4250427782535553,
        "Y": 0.19240903854370117,
        "Z": -0.696014404296875
    },
    "6": {
        "X": 0.41844242811203003,
        "Y": 0.1932726353406906,
        "Z": -0.696673572063446
    },
    "7": {
        "X": 0.5370563864707947,
        "Y": 0.23297548294067383,
        "Z": -0.4389595091342926
    },
    "8": {
        "X": 0.43442821502685547,
        "Y": 0.22280199825763702,
        "Z": -0.36146706342697144
    },
    "9": {
        "X": 0.46461600065231323,
        "Y": 0.2882145643234253,
        "Z": -0.6430791616439819
    },
    "10": {
        "X": 0.4201928675174713,
        "Y": 0.28662165999412537,
        "Z": -0.6220594644546509
    },
    "11": {
        "X": 0.6780798435211182,
        "Y": 0.5362640023231506,
        "Z": -0.23721659183502197
    },
    "12": {
        "X": 0.3099965453147888,
        "Y": 0.5219108462333679,
        "Z": -0.2826535701751709
    },
    "13": {
        "X": 0.7111301422119141,
        "Y": 0.892977774143219,
        "Z": -0.22400493919849396
    },
    "14": {
        "X": 0.2642905116081238,
        "Y": 0.8750631809234619,
        "Z": -0.3564104437828064
    },
    "15": {
        "X": 0.6558088660240173,
        "Y": 1.121792197227478,
        "Z": -0.5978497266769409
    },
    "16": {
        "X": 0.3235087990760803,
        "Y": 1.0727604627609253,
        "Z": -0.9539327621459961
    },
    "17": {
        "X": 0.6719771027565002,
        "Y": 1.2448196411132812,
        "Z": -0.6866968870162964
    },
    "18": {
        "X": 0.3138970136642456,
        "Y": 1.172254204750061,
        "Z": -1.073561668395996
    },
    "19": {
        "X": 0.6442379355430603,
        "Y": 1.211525797843933,
        "Z": -0.7462210059165955
    },
    "20": {
        "X": 0.343869149684906,
        "Y": 1.1561617851257324,
        "Z": -1.1239770650863647
    },
    "21": {
        "X": 0.6387684941291809,
        "Y": 1.1669899225234985,
        "Z": -0.6334495544433594
    },
    "22": {
        "X": 0.3494567573070526,
        "Y": 1.1160361766815186,
        "Z": -0.9913878440856934
    },
    "23": {
        "X": 0.6064430475234985,
        "Y": 1.2067183256149292,
        "Z": -0.029748380184173584
    },
    "24": {
        "X": 0.36943233013153076,
        "Y": 1.1892554759979248,
        "Z": 0.033314988017082214
    },
    "25": {
        "X": 0.5773605108261108,
        "Y": 1.7198660373687744,
        "Z": 0.04183400049805641
    },
    "26": {
        "X": 0.35500892996788025,
        "Y": 1.7063236236572266,
        "Z": 0.05942510813474655
    },
    "27": {
        "X": 0.562317967414856,
        "Y": 2.1909611225128174,
        "Z": 0.602519690990448
    },
    "28": {
        "X": 0.3515439033508301,
        "Y": 2.173994779586792,
        "Z": 0.4478055536746979
    },
    "29": {
        "X": 0.5694277286529541,
        "Y": 2.26577091217041,
        "Z": 0.6329832673072815
    },
    "30": {
        "X": 0.34848716855049133,
        "Y": 2.2451608180999756,
        "Z": 0.4697788655757904
    },
    "31": {
        "X": 0.5131638050079346,
        "Y": 2.3342931270599365,
        "Z": 0.16426971554756165
    },
    "32": {
        "X": 0.3757316470146179,
        "Y": 2.3212225437164307,
        "Z": -0.04298030212521553
    }
}