{
    "0": {
        "X": 0.4861246943473816,
        "Y": 0.2287767082452774,
        "Z": -0.7430586814880371
    },
    "1": {
        "X": 0.5099509954452515,
        "Y": 0.1891689896583557,
        "Z": -0.6823689937591553
    },
    "2": {
        "X": 0.5248379111289978,
        "Y": 0.19118520617485046,
        "Z": -0.6823210120201111
    },
    "3": {
        "X": 0.5370165705680847,
        "Y": 0.19384416937828064,
        "Z": -0.6822287440299988
    },
    "4": {
        "X": 0.46661630272865295,
        "Y": 0.18913784623146057,
        "Z": -0.6926767826080322
    },
    "5": {
        "X": 0.451577365398407,
        "Y": 0.19112247228622437,
        "Z": -0.6924106478691101
    },
    "6": {
        "X": 0.43812185525894165,
        "Y": 0.19415505230426788,
        "Z": -0.6928271651268005
    },
    "7": {
        "X": 0.5560521483421326,
        "Y": 0.2322901040315628,
        "Z": -0.3350924849510193
    },
    "8": {
        "X": 0.42652034759521484,
        "Y": 0.23005861043930054,
        "Z": -0.35636064410209656
    },
    "9": {
        "X": 0.5162290334701538,
        "Y": 0.2852383255958557,
        "Z": -0.6129189729690552
    },
    "10": {
        "X": 0.45919904112815857,
        "Y": 0.28443875908851624,
        "Z": -0.6199972629547119
    },
    "11": {
        "X": 0.6758087873458862,
        "Y": 0.5359518527984619,
        "Z": -0.13080622255802155
    },
    "12": {
        "X": 0.310302197933197,
        "Y": 0.5297467708587646,
        "Z": -0.26242929697036743
    },
    "13": {
        "X": 0.7142515778541565,
        "Y": 0.8841361999511719,
        "Z": -0.11374624073505402
    },
    "14": {
        "X": 0.2704814076423645,
        "Y": 0.8838001489639282,
        "Z": -0.2842487394809723
    },
    "15": {
        "X": 0.6554604768753052,
        "Y": 1.1047736406326294,
        "Z": -0.5231479406356812
    },
    "16": {
        "X": 0.32956400513648987,
        "Y": 1.0778651237487793,
        "Z": -0.8000482320785522
    },
    "17": {
        "X": 0.670120120048523,
        "Y": 1.2180861234664917,
        "Z": -0.6193451285362244
    },
    "18": {
        "X": 0.3178137540817261,
        "Y": 1.1714348793029785,
        "Z": -0.9289097785949707
    },
    "19": {
        "X": 0.6328086853027344,
        "Y": 1.19549560546875,
        "Z": -0.6677199006080627
    },
    "20": {
        "X": 0.348296582698822,
        "Y": 1.1580173969268799,
        "Z": -0.982071042060852
    },
    "21": {
        "X": 0.6294695138931274,
        "Y": 1.1546204090118408,
        "Z": -0.5625213980674744
    },
    "22": {
        "X": 0.35256749391555786,
        "Y": 1.1190650463104248,
        "Z": -0.8360530734062195
    },
    "23": {
        "X": 0.6072700619697571,
        "Y": 1.1978950500488281,
        "Z": -0.018395138904452324
    },
    "24": {
        "X": 0.37041905522346497,
        "Y": 1.1912548542022705,
        "Z": 0.02244962751865387
    },
    "25": {
        "X": 0.5879038572311401,
        "Y": 1.7236430644989014,
        "Z": 0.017717184498906136
    },
    "26": {
        "X": 0.36562401056289673,
        "Y": 1.7203466892242432,
        "Z": 0.011306067928671837
    },
    "27": {
        "X": 0.5745639801025391,
        "Y": 2.200007915496826,
        "Z": 0.5885317325592041
    },
    "28": {
        "X": 0.36106905341148376,
        "Y": 2.1919476985931396,
        "Z": 0.38955235481262207
    },
    "29": {
        "X": 0.5796722173690796,
        "Y": 2.274651527404785,
        "Z": 0.6199179887771606
    },
    "30": {
        "X": 0.35680726170539856,
        "Y": 2.2620437145233154,
        "Z": 0.40982919931411743
    },
    "31": {
        "X": 0.5326564908027649,
        "Y": 2.3437516689300537,
        "Z": 0.14237675070762634
    },
    "32": {
        "X": 0.39275357127189636,
        "Y": 2.3421003818511963,
        "Z": -0.127070352435112
    }
}