{
    "0": {
        "X": 0.4875982701778412,
        "Y": 0.2296895682811737,
        "Z": -1.0543166399002075
    },
    "1": {
        "X": 0.5114814043045044,
        "Y": 0.1868884563446045,
        "Z": -0.9949283599853516
    },
    "2": {
        "X": 0.5235694646835327,
        "Y": 0.18714234232902527,
        "Z": -0.9951549768447876
    },
    "3": {
        "X": 0.5367778539657593,
        "Y": 0.18839234113693237,
        "Z": -0.9951688647270203
    },
    "4": {
        "X": 0.46789222955703735,
        "Y": 0.18784792721271515,
        "Z": -1.0119317770004272
    },
    "5": {
        "X": 0.45284318923950195,
        "Y": 0.18848338723182678,
        "Z": -1.0120488405227661
    },
    "6": {
        "X": 0.43688392639160156,
        "Y": 0.1893949806690216,
        "Z": -1.0126667022705078
    },
    "7": {
        "X": 0.5550500154495239,
        "Y": 0.22200463712215424,
        "Z": -0.6045709848403931
    },
    "8": {
        "X": 0.42412424087524414,
        "Y": 0.21799227595329285,
        "Z": -0.6591764688491821
    },
    "9": {
        "X": 0.5130154490470886,
        "Y": 0.28275665640830994,
        "Z": -0.9019177556037903
    },
    "10": {
        "X": 0.45639166235923767,
        "Y": 0.2847430109977722,
        "Z": -0.9206596612930298
    },
    "11": {
        "X": 0.6734033226966858,
        "Y": 0.5265087485313416,
        "Z": -0.302200585603714
    },
    "12": {
        "X": 0.30663803219795227,
        "Y": 0.5255460143089294,
        "Z": -0.4402392506599426
    },
    "13": {
        "X": 0.7058080434799194,
        "Y": 0.8875465393066406,
        "Z": -0.21530988812446594
    },
    "14": {
        "X": 0.2750067114830017,
        "Y": 0.8954391479492188,
        "Z": -0.30198222398757935
    },
    "15": {
        "X": 0.6597095131874084,
        "Y": 1.1081538200378418,
        "Z": -0.6865401268005371
    },
    "16": {
        "X": 0.33689984679222107,
        "Y": 1.1305257081985474,
        "Z": -0.7076540589332581
    },
    "17": {
        "X": 0.6634210348129272,
        "Y": 1.2075512409210205,
        "Z": -0.803687572479248
    },
    "18": {
        "X": 0.3402279317378998,
        "Y": 1.2296090126037598,
        "Z": -0.8309432864189148
    },
    "19": {
        "X": 0.6380086541175842,
        "Y": 1.186669111251831,
        "Z": -0.8934866786003113
    },
    "20": {
        "X": 0.3603460192680359,
        "Y": 1.2030335664749146,
        "Z": -0.9227212071418762
    },
    "21": {
        "X": 0.6316965818405151,
        "Y": 1.1466492414474487,
        "Z": -0.7375684976577759
    },
    "22": {
        "X": 0.3659675121307373,
        "Y": 1.1619540452957153,
        "Z": -0.7527962327003479
    },
    "23": {
        "X": 0.6037550568580627,
        "Y": 1.1888854503631592,
        "Z": -0.017603080719709396
    },
    "24": {
        "X": 0.3691445589065552,
        "Y": 1.1819078922271729,
        "Z": 0.020260071381926537
    },
    "25": {
        "X": 0.585102915763855,
        "Y": 1.6966667175292969,
        "Z": 0.06815597414970398
    },
    "26": {
        "X": 0.3606397807598114,
        "Y": 1.6872355937957764,
        "Z": 0.02129838429391384
    },
    "27": {
        "X": 0.5726471543312073,
        "Y": 2.1530182361602783,
        "Z": 0.6422010660171509
    },
    "28": {
        "X": 0.3569628596305847,
        "Y": 2.1493380069732666,
        "Z": 0.4402688443660736
    },
    "29": {
        "X": 0.5759261846542358,
        "Y": 2.220898151397705,
        "Z": 0.6731484532356262
    },
    "30": {
        "X": 0.3590525686740875,
        "Y": 2.2180426120758057,
        "Z": 0.46261125802993774
    },
    "31": {
        "X": 0.5412778258323669,
        "Y": 2.2988054752349854,
        "Z": 0.19288942217826843
    },
    "32": {
        "X": 0.38086840510368347,
        "Y": 2.2932381629943848,
        "Z": -0.08767636120319366
    }
}