{
    "0": {
        "X": 0.49665364623069763,
        "Y": 0.22510536015033722,
        "Z": -0.7803448438644409
    },
    "1": {
        "X": 0.5168013572692871,
        "Y": 0.18738596141338348,
        "Z": -0.7263729572296143
    },
    "2": {
        "X": 0.5296725630760193,
        "Y": 0.18891336023807526,
        "Z": -0.726425290107727
    },
    "3": {
        "X": 0.5429377555847168,
        "Y": 0.19118627905845642,
        "Z": -0.7265812158584595
    },
    "4": {
        "X": 0.4748862683773041,
        "Y": 0.18544381856918335,
        "Z": -0.7416046261787415
    },
    "5": {
        "X": 0.45868343114852905,
        "Y": 0.1863967627286911,
        "Z": -0.7413922548294067
    },
    "6": {
        "X": 0.443189799785614,
        "Y": 0.18860436975955963,
        "Z": -0.741779625415802
    },
    "7": {
        "X": 0.5610544085502625,
        "Y": 0.22124715149402618,
        "Z": -0.3824990689754486
    },
    "8": {
        "X": 0.41546574234962463,
        "Y": 0.21671713888645172,
        "Z": -0.4362851679325104
    },
    "9": {
        "X": 0.5200077891349792,
        "Y": 0.2842676043510437,
        "Z": -0.6518733501434326
    },
    "10": {
        "X": 0.4663926661014557,
        "Y": 0.2851482629776001,
        "Z": -0.6665529012680054
    },
    "11": {
        "X": 0.6705508828163147,
        "Y": 0.523097813129425,
        "Z": -0.17512521147727966
    },
    "12": {
        "X": 0.3017176687717438,
        "Y": 0.525611400604248,
        "Z": -0.30302518606185913
    },
    "13": {
        "X": 0.7008723020553589,
        "Y": 0.8875629305839539,
        "Z": -0.11894114315509796
    },
    "14": {
        "X": 0.27245908975601196,
        "Y": 0.8991938829421997,
        "Z": -0.20418915152549744
    },
    "15": {
        "X": 0.6574264168739319,
        "Y": 1.1076289415359497,
        "Z": -0.49847203493118286
    },
    "16": {
        "X": 0.3290562927722931,
        "Y": 1.1343944072723389,
        "Z": -0.5314521193504333
    },
    "17": {
        "X": 0.6606938242912292,
        "Y": 1.211599349975586,
        "Z": -0.5956951379776001
    },
    "18": {
        "X": 0.32851913571357727,
        "Y": 1.2199896574020386,
        "Z": -0.6253436207771301
    },
    "19": {
        "X": 0.6379104852676392,
        "Y": 1.1768109798431396,
        "Z": -0.6577365398406982
    },
    "20": {
        "X": 0.35444900393486023,
        "Y": 1.198708176612854,
        "Z": -0.6858104467391968
    },
    "21": {
        "X": 0.6301573514938354,
        "Y": 1.1419494152069092,
        "Z": -0.5385526418685913
    },
    "22": {
        "X": 0.36042994260787964,
        "Y": 1.1606684923171997,
        "Z": -0.5620651841163635
    },
    "23": {
        "X": 0.6034438014030457,
        "Y": 1.1707199811935425,
        "Z": -0.014044852927327156
    },
    "24": {
        "X": 0.371229350566864,
        "Y": 1.1761448383331299,
        "Z": 0.017257845029234886
    },
    "25": {
        "X": 0.5873764753341675,
        "Y": 1.6886780261993408,
        "Z": 0.04232513904571533
    },
    "26": {
        "X": 0.370201051235199,
        "Y": 1.6934666633605957,
        "Z": 0.0355340801179409
    },
    "27": {
        "X": 0.579464852809906,
        "Y": 2.152630567550659,
        "Z": 0.5975132584571838
    },
    "28": {
        "X": 0.37685662508010864,
        "Y": 2.1490132808685303,
        "Z": 0.4198906421661377
    },
    "29": {
        "X": 0.5837879180908203,
        "Y": 2.2211663722991943,
        "Z": 0.6299975514411926
    },
    "30": {
        "X": 0.3751681447029114,
        "Y": 2.2136282920837402,
        "Z": 0.44301342964172363
    },
    "31": {
        "X": 0.5457038879394531,
        "Y": 2.3040084838867188,
        "Z": 0.1815628856420517
    },
    "32": {
        "X": 0.40751662850379944,
        "Y": 2.3032331466674805,
        "Z": -0.07840625941753387
    }
}