{
    "0": {
        "X": 0.43805891275405884,
        "Y": 0.23712345957756042,
        "Z": -0.6261588335037231
    },
    "1": {
        "X": 0.47194236516952515,
        "Y": 0.1948450654745102,
        "Z": -0.5913110971450806
    },
    "2": {
        "X": 0.4873775839805603,
        "Y": 0.19643913209438324,
        "Z": -0.5911411643028259
    },
    "3": {
        "X": 0.5035725235939026,
        "Y": 0.19874240458011627,
        "Z": -0.5909653902053833
    },
    "4": {
        "X": 0.4369034171104431,
        "Y": 0.19437618553638458,
        "Z": -0.5806440114974976
    },
    "5": {
        "X": 0.428373247385025,
        "Y": 0.1949807107448578,
        "Z": -0.5804287195205688
    },
    "6": {
        "X": 0.4205470085144043,
        "Y": 0.1960650533437729,
        "Z": -0.5809584259986877
    },
    "7": {
        "X": 0.5386678576469421,
        "Y": 0.23454636335372925,
        "Z": -0.37893468141555786
    },
    "8": {
        "X": 0.4353935718536377,
        "Y": 0.22524519264698029,
        "Z": -0.27868229150772095
    },
    "9": {
        "X": 0.4677128195762634,
        "Y": 0.2885928153991699,
        "Z": -0.534443736076355
    },
    "10": {
        "X": 0.42301303148269653,
        "Y": 0.28821104764938354,
        "Z": -0.5146929025650024
    },
    "11": {
        "X": 0.6764687299728394,
        "Y": 0.5424513220787048,
        "Z": -0.20483529567718506
    },
    "12": {
        "X": 0.3147292733192444,
        "Y": 0.515823483467102,
        "Z": -0.24331669509410858
    },
    "13": {
        "X": 0.7045862674713135,
        "Y": 0.9072651267051697,
        "Z": -0.15209521353244781
    },
    "14": {
        "X": 0.26839694380760193,
        "Y": 0.8653085827827454,
        "Z": -0.2994174063205719
    },
    "15": {
        "X": 0.669700026512146,
        "Y": 1.1569218635559082,
        "Z": -0.39945587515830994
    },
    "16": {
        "X": 0.3330385088920593,
        "Y": 1.0514458417892456,
        "Z": -0.7718585133552551
    },
    "17": {
        "X": 0.6767981648445129,
        "Y": 1.265836238861084,
        "Z": -0.46483340859413147
    },
    "18": {
        "X": 0.30139634013175964,
        "Y": 1.1639622449874878,
        "Z": -0.8840397596359253
    },
    "19": {
        "X": 0.6446456909179688,
        "Y": 1.2372757196426392,
        "Z": -0.5222173929214478
    },
    "20": {
        "X": 0.3297029733657837,
        "Y": 1.1501736640930176,
        "Z": -0.929328441619873
    },
    "21": {
        "X": 0.6392839550971985,
        "Y": 1.1943262815475464,
        "Z": -0.4320116639137268
    },
    "22": {
        "X": 0.3547828495502472,
        "Y": 1.0766422748565674,
        "Z": -0.8039620518684387
    },
    "23": {
        "X": 0.5971401929855347,
        "Y": 1.2023459672927856,
        "Z": -0.027149558067321777
    },
    "24": {
        "X": 0.3598290979862213,
        "Y": 1.1790715456008911,
        "Z": 0.03099910542368889
    },
    "25": {
        "X": 0.557992696762085,
        "Y": 1.7245328426361084,
        "Z": -0.008093534037470818
    },
    "26": {
        "X": 0.3418472409248352,
        "Y": 1.7061173915863037,
        "Z": 0.029848778620362282
    },
    "27": {
        "X": 0.5376384258270264,
        "Y": 2.2038962841033936,
        "Z": 0.5014334321022034
    },
    "28": {
        "X": 0.3324609696865082,
        "Y": 2.1832680702209473,
        "Z": 0.35807889699935913
    },
    "29": {
        "X": 0.5428388118743896,
        "Y": 2.278494358062744,
        "Z": 0.5288735628128052
    },
    "30": {
        "X": 0.32931071519851685,
        "Y": 2.2533109188079834,
        "Z": 0.37590456008911133
    },
    "31": {
        "X": 0.49004101753234863,
        "Y": 2.346313953399658,
        "Z": 0.08682279288768768
    },
    "32": {
        "X": 0.351919025182724,
        "Y": 2.3334672451019287,
        "Z": -0.11531615257263184
    }
}