{
    "0": {
        "X": 0.42848891019821167,
        "Y": 0.23182272911071777,
        "Z": -0.5379490852355957
    },
    "1": {
        "X": 0.4585820138454437,
        "Y": 0.1917593777179718,
        "Z": -0.5409237742424011
    },
    "2": {
        "X": 0.4747481942176819,
        "Y": 0.19361472129821777,
        "Z": -0.5406417846679688
    },
    "3": {
        "X": 0.49267178773880005,
        "Y": 0.19634106755256653,
        "Z": -0.5405277013778687
    },
    "4": {
        "X": 0.4292292594909668,
        "Y": 0.19205299019813538,
        "Z": -0.4998643398284912
    },
    "5": {
        "X": 0.42192506790161133,
        "Y": 0.19307050108909607,
        "Z": -0.49961477518081665
    },
    "6": {
        "X": 0.4142099916934967,
        "Y": 0.19467364251613617,
        "Z": -0.5001259446144104
    },
    "7": {
        "X": 0.5373273491859436,
        "Y": 0.23466424643993378,
        "Z": -0.4105527400970459
    },
    "8": {
        "X": 0.43084853887557983,
        "Y": 0.2247198224067688,
        "Z": -0.2216874659061432
    },
    "9": {
        "X": 0.4562719762325287,
        "Y": 0.28557640314102173,
        "Z": -0.4871576726436615
    },
    "10": {
        "X": 0.41796189546585083,
        "Y": 0.2855435609817505,
        "Z": -0.4299859404563904
    },
    "11": {
        "X": 0.6763384938240051,
        "Y": 0.542008101940155,
        "Z": -0.2499508112668991
    },
    "12": {
        "X": 0.31038859486579895,
        "Y": 0.5142852067947388,
        "Z": -0.1863534152507782
    },
    "13": {
        "X": 0.7106375694274902,
        "Y": 0.8921843767166138,
        "Z": -0.23205022513866425
    },
    "14": {
        "X": 0.2601405382156372,
        "Y": 0.8542926907539368,
        "Z": -0.22443190217018127
    },
    "15": {
        "X": 0.649129331111908,
        "Y": 1.1174830198287964,
        "Z": -0.42591434717178345
    },
    "16": {
        "X": 0.32858651876449585,
        "Y": 1.0347776412963867,
        "Z": -0.6927021741867065
    },
    "17": {
        "X": 0.6627747416496277,
        "Y": 1.2192147970199585,
        "Z": -0.4875960946083069
    },
    "18": {
        "X": 0.31599196791648865,
        "Y": 1.139697551727295,
        "Z": -0.7956634163856506
    },
    "19": {
        "X": 0.6268547773361206,
        "Y": 1.1988435983657837,
        "Z": -0.5222758054733276
    },
    "20": {
        "X": 0.34600552916526794,
        "Y": 1.1211127042770386,
        "Z": -0.837164580821991
    },
    "21": {
        "X": 0.6237842440605164,
        "Y": 1.1574221849441528,
        "Z": -0.4458378255367279
    },
    "22": {
        "X": 0.3558616042137146,
        "Y": 1.03909432888031,
        "Z": -0.7262521386146545
    },
    "23": {
        "X": 0.5957146883010864,
        "Y": 1.1942516565322876,
        "Z": -0.03757791966199875
    },
    "24": {
        "X": 0.3585193157196045,
        "Y": 1.1702638864517212,
        "Z": 0.041207633912563324
    },
    "25": {
        "X": 0.5589853525161743,
        "Y": 1.7172167301177979,
        "Z": -0.010779008269309998
    },
    "26": {
        "X": 0.3436805009841919,
        "Y": 1.6973860263824463,
        "Z": 0.019673073664307594
    },
    "27": {
        "X": 0.5415233969688416,
        "Y": 2.1958281993865967,
        "Z": 0.47720909118652344
    },
    "28": {
        "X": 0.3311381936073303,
        "Y": 2.1754117012023926,
        "Z": 0.328268826007843
    },
    "29": {
        "X": 0.548607349395752,
        "Y": 2.26952862739563,
        "Z": 0.501451849937439
    },
    "30": {
        "X": 0.32797011733055115,
        "Y": 2.244442939758301,
        "Z": 0.34384652972221375
    },
    "31": {
        "X": 0.4896673560142517,
        "Y": 2.3347017765045166,
        "Z": 0.05377025529742241
    },
    "32": {
        "X": 0.3467976450920105,
        "Y": 2.3230926990509033,
        "Z": -0.13535284996032715
    }
}