{
    "0": {
        "X": 0.4203924536705017,
        "Y": 0.22528235614299774,
        "Z": -0.7754520773887634
    },
    "1": {
        "X": 0.45093685388565063,
        "Y": 0.18450790643692017,
        "Z": -0.7525110840797424
    },
    "2": {
        "X": 0.4670451283454895,
        "Y": 0.1851736158132553,
        "Z": -0.7525903582572937
    },
    "3": {
        "X": 0.48423877358436584,
        "Y": 0.18730293214321136,
        "Z": -0.7524964213371277
    },
    "4": {
        "X": 0.42029571533203125,
        "Y": 0.1858101189136505,
        "Z": -0.7309022545814514
    },
    "5": {
        "X": 0.4132649898529053,
        "Y": 0.18668286502361298,
        "Z": -0.7309367060661316
    },
    "6": {
        "X": 0.40668439865112305,
        "Y": 0.18785779178142548,
        "Z": -0.7316588163375854
    },
    "7": {
        "X": 0.5308918952941895,
        "Y": 0.2251182347536087,
        "Z": -0.5084456205368042
    },
    "8": {
        "X": 0.4258817136287689,
        "Y": 0.21770405769348145,
        "Z": -0.398360937833786
    },
    "9": {
        "X": 0.4521258771419525,
        "Y": 0.28232893347740173,
        "Z": -0.6798121333122253
    },
    "10": {
        "X": 0.4119569659233093,
        "Y": 0.28148597478866577,
        "Z": -0.6481047868728638
    },
    "11": {
        "X": 0.6758002042770386,
        "Y": 0.5288330912590027,
        "Z": -0.2755433917045593
    },
    "12": {
        "X": 0.3120844066143036,
        "Y": 0.5121791958808899,
        "Z": -0.2777634263038635
    },
    "13": {
        "X": 0.7088914513587952,
        "Y": 0.8831873536109924,
        "Z": -0.2289884388446808
    },
    "14": {
        "X": 0.2647271454334259,
        "Y": 0.8732872605323792,
        "Z": -0.2499830722808838
    },
    "15": {
        "X": 0.6437419652938843,
        "Y": 1.0882936716079712,
        "Z": -0.5473741888999939
    },
    "16": {
        "X": 0.3365326523780823,
        "Y": 1.0585628747940063,
        "Z": -0.7322102785110474
    },
    "17": {
        "X": 0.6681116223335266,
        "Y": 1.1929911375045776,
        "Z": -0.6355041861534119
    },
    "18": {
        "X": 0.3267109990119934,
        "Y": 1.157939076423645,
        "Z": -0.8539880514144897
    },
    "19": {
        "X": 0.6371325254440308,
        "Y": 1.171677827835083,
        "Z": -0.6995454430580139
    },
    "20": {
        "X": 0.3510305881500244,
        "Y": 1.1394723653793335,
        "Z": -0.9114506840705872
    },
    "21": {
        "X": 0.6323606967926025,
        "Y": 1.1295684576034546,
        "Z": -0.5809453725814819
    },
    "22": {
        "X": 0.35576680302619934,
        "Y": 1.0997521877288818,
        "Z": -0.7703989744186401
    },
    "23": {
        "X": 0.5948407649993896,
        "Y": 1.1859612464904785,
        "Z": -0.02293149009346962
    },
    "24": {
        "X": 0.36374568939208984,
        "Y": 1.1678701639175415,
        "Z": 0.025467369705438614
    },
    "25": {
        "X": 0.5627816915512085,
        "Y": 1.6895395517349243,
        "Z": 0.04655454307794571
    },
    "26": {
        "X": 0.34489113092422485,
        "Y": 1.6698516607284546,
        "Z": 0.0036178429145365953
    },
    "27": {
        "X": 0.5511248707771301,
        "Y": 2.150298833847046,
        "Z": 0.5742312073707581
    },
    "28": {
        "X": 0.3399597406387329,
        "Y": 2.1389896869659424,
        "Z": 0.37732040882110596
    },
    "29": {
        "X": 0.5567790269851685,
        "Y": 2.2226309776306152,
        "Z": 0.6016300916671753
    },
    "30": {
        "X": 0.3396449387073517,
        "Y": 2.2102208137512207,
        "Z": 0.3969023823738098
    },
    "31": {
        "X": 0.5078223943710327,
        "Y": 2.2903454303741455,
        "Z": 0.13994252681732178
    },
    "32": {
        "X": 0.359149694442749,
        "Y": 2.280852794647217,
        "Z": -0.106947161257267
    }
}