{
    "0": {
        "X": 0.3872312903404236,
        "Y": 0.2411341667175293,
        "Z": -0.5390058755874634
    },
    "1": {
        "X": 0.41733473539352417,
        "Y": 0.19457313418388367,
        "Z": -0.5676595568656921
    },
    "2": {
        "X": 0.428250789642334,
        "Y": 0.19582553207874298,
        "Z": -0.5674244165420532
    },
    "3": {
        "X": 0.44022268056869507,
        "Y": 0.19776350259780884,
        "Z": -0.5673938393592834
    },
    "4": {
        "X": 0.39983972907066345,
        "Y": 0.1944722682237625,
        "Z": -0.513617992401123
    },
    "5": {
        "X": 0.3981812596321106,
        "Y": 0.19506560266017914,
        "Z": -0.5134415030479431
    },
    "6": {
        "X": 0.39687076210975647,
        "Y": 0.19632680714130402,
        "Z": -0.514039933681488
    },
    "7": {
        "X": 0.5030213594436646,
        "Y": 0.23173443973064423,
        "Z": -0.5142616033554077
    },
    "8": {
        "X": 0.43418192863464355,
        "Y": 0.22573934495449066,
        "Z": -0.25152185559272766
    },
    "9": {
        "X": 0.4137895107269287,
        "Y": 0.29026105999946594,
        "Z": -0.5069064497947693
    },
    "10": {
        "X": 0.39033371210098267,
        "Y": 0.292195588350296,
        "Z": -0.4313139319419861
    },
    "11": {
        "X": 0.6774227619171143,
        "Y": 0.5403557419776917,
        "Z": -0.329670250415802
    },
    "12": {
        "X": 0.31353288888931274,
        "Y": 0.5151869058609009,
        "Z": -0.21839363873004913
    },
    "13": {
        "X": 0.7057633399963379,
        "Y": 0.9100410342216492,
        "Z": -0.24388685822486877
    },
    "14": {
        "X": 0.2692076563835144,
        "Y": 0.8615983724594116,
        "Z": -0.18163222074508667
    },
    "15": {
        "X": 0.678324282169342,
        "Y": 1.1761057376861572,
        "Z": -0.3518950641155243
    },
    "16": {
        "X": 0.3324319124221802,
        "Y": 1.0472019910812378,
        "Z": -0.5495862364768982
    },
    "17": {
        "X": 0.6790879368782043,
        "Y": 1.25275456905365,
        "Z": -0.39838677644729614
    },
    "18": {
        "X": 0.3179815709590912,
        "Y": 1.1634838581085205,
        "Z": -0.631679356098175
    },
    "19": {
        "X": 0.6488558053970337,
        "Y": 1.2390618324279785,
        "Z": -0.44333529472351074
    },
    "20": {
        "X": 0.3419521152973175,
        "Y": 1.1458343267440796,
        "Z": -0.6831536293029785
    },
    "21": {
        "X": 0.643080472946167,
        "Y": 1.1977057456970215,
        "Z": -0.37464970350265503
    },
    "22": {
        "X": 0.34887266159057617,
        "Y": 1.1084939241409302,
        "Z": -0.5856767892837524
    },
    "23": {
        "X": 0.6038123369216919,
        "Y": 1.2095712423324585,
        "Z": -0.05047253519296646
    },
    "24": {
        "X": 0.36434227228164673,
        "Y": 1.1855918169021606,
        "Z": 0.05411076545715332
    },
    "25": {
        "X": 0.5669349431991577,
        "Y": 1.7331315279006958,
        "Z": 0.023570353165268898
    },
    "26": {
        "X": 0.3538162410259247,
        "Y": 1.7110155820846558,
        "Z": 0.09271828830242157
    },
    "27": {
        "X": 0.5590572953224182,
        "Y": 2.213507652282715,
        "Z": 0.5618776082992554
    },
    "28": {
        "X": 0.35460418462753296,
        "Y": 2.1879565715789795,
        "Z": 0.4703560769557953
    },
    "29": {
        "X": 0.5672360062599182,
        "Y": 2.2901175022125244,
        "Z": 0.5960105657577515
    },
    "30": {
        "X": 0.3558013439178467,
        "Y": 2.2553985118865967,
        "Z": 0.49789324402809143
    },
    "31": {
        "X": 0.5039758086204529,
        "Y": 2.347602605819702,
        "Z": 0.18033625185489655
    },
    "32": {
        "X": 0.3629690706729889,
        "Y": 2.337770700454712,
        "Z": 0.04118729382753372
    }
}