{
    "0": {
        "X": 0.3842039406299591,
        "Y": 0.484072208404541,
        "Z": -0.8003804087638855
    },
    "1": {
        "X": 0.4118015170097351,
        "Y": 0.419441282749176,
        "Z": -0.8176339268684387
    },
    "2": {
        "X": 0.42859214544296265,
        "Y": 0.41414541006088257,
        "Z": -0.8179631233215332
    },
    "3": {
        "X": 0.44625645875930786,
        "Y": 0.4086073338985443,
        "Z": -0.8184083700180054
    },
    "4": {
        "X": 0.3766709864139557,
        "Y": 0.43063563108444214,
        "Z": -0.7334632277488708
    },
    "5": {
        "X": 0.3673251271247864,
        "Y": 0.43375465273857117,
        "Z": -0.7326141595840454
    },
    "6": {
        "X": 0.35877925157546997,
        "Y": 0.4365306794643402,
        "Z": -0.7331843376159668
    },
    "7": {
        "X": 0.5122625827789307,
        "Y": 0.43080881237983704,
        "Z": -0.6887195706367493
    },
    "8": {
        "X": 0.39170897006988525,
        "Y": 0.456746369600296,
        "Z": -0.2642851769924164
    },
    "9": {
        "X": 0.4294919967651367,
        "Y": 0.5429918169975281,
        "Z": -0.7392482161521912
    },
    "10": {
        "X": 0.38929933309555054,
        "Y": 0.5481504797935486,
        "Z": -0.6199910044670105
    },
    "11": {
        "X": 0.7491944432258606,
        "Y": 0.7922345995903015,
        "Z": -0.4860912263393402
    },
    "12": {
        "X": 0.3199149966239929,
        "Y": 0.8082799315452576,
        "Z": -0.06402184069156647
    },
    "13": {
        "X": 0.8668994903564453,
        "Y": 1.0398311614990234,
        "Z": -0.5654473900794983
    },
    "14": {
        "X": 0.247532919049263,
        "Y": 1.212881088256836,
        "Z": 0.1814650446176529
    },
    "15": {
        "X": 0.9168559312820435,
        "Y": 1.53016197681427,
        "Z": -0.8854233622550964
    },
    "16": {
        "X": 0.2357989102602005,
        "Y": 1.538583517074585,
        "Z": -0.2051631659269333
    },
    "17": {
        "X": 0.9563363790512085,
        "Y": 1.6435045003890991,
        "Z": -0.9828104972839355
    },
    "18": {
        "X": 0.2315550595521927,
        "Y": 1.6604546308517456,
        "Z": -0.29312124848365784
    },
    "19": {
        "X": 0.9076398611068726,
        "Y": 1.6485639810562134,
        "Z": -1.0553710460662842
    },
    "20": {
        "X": 0.26988083124160767,
        "Y": 1.6561546325683594,
        "Z": -0.3904743790626526
    },
    "21": {
        "X": 0.8825322985649109,
        "Y": 1.6029021739959717,
        "Z": -0.9270304441452026
    },
    "22": {
        "X": 0.2849927544593811,
        "Y": 1.6104620695114136,
        "Z": -0.2633613348007202
    },
    "23": {
        "X": 0.6984797716140747,
        "Y": 1.591361403465271,
        "Z": -0.15954186022281647
    },
    "24": {
        "X": 0.4056222438812256,
        "Y": 1.5811455249786377,
        "Z": 0.16485092043876648
    },
    "25": {
        "X": 0.6894893050193787,
        "Y": 2.2361574172973633,
        "Z": -0.20122845470905304
    },
    "26": {
        "X": 0.4224095344543457,
        "Y": 2.218113422393799,
        "Z": 0.16953599452972412
    },
    "27": {
        "X": 0.7047210335731506,
        "Y": 2.804696559906006,
        "Z": 0.4218817353248596
    },
    "28": {
        "X": 0.4425368905067444,
        "Y": 2.799586772918701,
        "Z": 0.5543007254600525
    },
    "29": {
        "X": 0.719895601272583,
        "Y": 2.900221109390259,
        "Z": 0.44978728890419006
    },
    "30": {
        "X": 0.4464187026023865,
        "Y": 2.8922667503356934,
        "Z": 0.573106586933136
    },
    "31": {
        "X": 0.6477811336517334,
        "Y": 2.9683451652526855,
        "Z": -0.1742151528596878
    },
    "32": {
        "X": 0.46428999304771423,
        "Y": 2.97540545463562,
        "Z": -0.06509089469909668
    }
}