{
    "0": {
        "X": 0.37983766198158264,
        "Y": 0.4861461818218231,
        "Z": -0.8234562873840332
    },
    "1": {
        "X": 0.4102187156677246,
        "Y": 0.42247360944747925,
        "Z": -0.8527584075927734
    },
    "2": {
        "X": 0.4279228150844574,
        "Y": 0.4184063971042633,
        "Z": -0.8531471490859985
    },
    "3": {
        "X": 0.4469161927700043,
        "Y": 0.41347360610961914,
        "Z": -0.8537275195121765
    },
    "4": {
        "X": 0.3718096911907196,
        "Y": 0.4280990660190582,
        "Z": -0.7575944662094116
    },
    "5": {
        "X": 0.3619370758533478,
        "Y": 0.4296652376651764,
        "Z": -0.7567452788352966
    },
    "6": {
        "X": 0.3528956472873688,
        "Y": 0.4317026138305664,
        "Z": -0.757250189781189
    },
    "7": {
        "X": 0.5135531425476074,
        "Y": 0.43597212433815,
        "Z": -0.7631557583808899
    },
    "8": {
        "X": 0.3863758146762848,
        "Y": 0.4532732665538788,
        "Z": -0.29321908950805664
    },
    "9": {
        "X": 0.4261699616909027,
        "Y": 0.5486506223678589,
        "Z": -0.7752543687820435
    },
    "10": {
        "X": 0.38318267464637756,
        "Y": 0.5522253513336182,
        "Z": -0.6415504217147827
    },
    "11": {
        "X": 0.7476383447647095,
        "Y": 0.8007280230522156,
        "Z": -0.5992546081542969
    },
    "12": {
        "X": 0.3177500367164612,
        "Y": 0.8118902444839478,
        "Z": -0.04022537171840668
    },
    "13": {
        "X": 0.8691689372062683,
        "Y": 1.042420744895935,
        "Z": -0.6510328054428101
    },
    "14": {
        "X": 0.2416422814130783,
        "Y": 1.2110209465026855,
        "Z": 0.32347673177719116
    },
    "15": {
        "X": 0.9145094156265259,
        "Y": 1.5436168909072876,
        "Z": -0.8490549325942993
    },
    "16": {
        "X": 0.2130006104707718,
        "Y": 1.5313626527786255,
        "Z": 0.022786341607570648
    },
    "17": {
        "X": 0.9523698091506958,
        "Y": 1.656402587890625,
        "Z": -0.9080432057380676
    },
    "18": {
        "X": 0.2076476812362671,
        "Y": 1.653759479522705,
        "Z": -0.04066258668899536
    },
    "19": {
        "X": 0.9010921716690063,
        "Y": 1.6611238718032837,
        "Z": -0.9854956865310669
    },
    "20": {
        "X": 0.2414204627275467,
        "Y": 1.6508524417877197,
        "Z": -0.14861376583576202
    },
    "21": {
        "X": 0.8769041299819946,
        "Y": 1.6143358945846558,
        "Z": -0.8699641227722168
    },
    "22": {
        "X": 0.25867706537246704,
        "Y": 1.6052199602127075,
        "Z": -0.039477426558732986
    },
    "23": {
        "X": 0.6833995580673218,
        "Y": 1.59552001953125,
        "Z": -0.19234055280685425
    },
    "24": {
        "X": 0.39205053448677063,
        "Y": 1.5784856081008911,
        "Z": 0.19757097959518433
    },
    "25": {
        "X": 0.6622549295425415,
        "Y": 2.2426249980926514,
        "Z": -0.19595149159431458
    },
    "26": {
        "X": 0.38852715492248535,
        "Y": 2.2174110412597656,
        "Z": 0.30243366956710815
    },
    "27": {
        "X": 0.6639496088027954,
        "Y": 2.81898832321167,
        "Z": 0.5080119371414185
    },
    "28": {
        "X": 0.39238542318344116,
        "Y": 2.800144910812378,
        "Z": 0.8005802035331726
    },
    "29": {
        "X": 0.6770081520080566,
        "Y": 2.9190189838409424,
        "Z": 0.5447667837142944
    },
    "30": {
        "X": 0.3949534296989441,
        "Y": 2.895350456237793,
        "Z": 0.8338785171508789
    },
    "31": {
        "X": 0.6016233563423157,
        "Y": 2.987347364425659,
        "Z": -0.08290732651948929
    },
    "32": {
        "X": 0.4032851755619049,
        "Y": 2.977694034576416,
        "Z": 0.2189006358385086
    }
}