{
    "0": {
        "X": 0.5106712579727173,
        "Y": 0.48540982604026794,
        "Z": -1.1380029916763306
    },
    "1": {
        "X": 0.5399820804595947,
        "Y": 0.4204222559928894,
        "Z": -1.083640456199646
    },
    "2": {
        "X": 0.5610976815223694,
        "Y": 0.41915878653526306,
        "Z": -1.0841091871261597
    },
    "3": {
        "X": 0.5768877267837524,
        "Y": 0.41920310258865356,
        "Z": -1.0845482349395752
    },
    "4": {
        "X": 0.4792293906211853,
        "Y": 0.4264715909957886,
        "Z": -1.0697381496429443
    },
    "5": {
        "X": 0.46055132150650024,
        "Y": 0.427915096282959,
        "Z": -1.0691365003585815
    },
    "6": {
        "X": 0.4462503492832184,
        "Y": 0.42948833107948303,
        "Z": -1.069645881652832
    },
    "7": {
        "X": 0.6053260564804077,
        "Y": 0.44952672719955444,
        "Z": -0.6708616018295288
    },
    "8": {
        "X": 0.4273921847343445,
        "Y": 0.45317983627319336,
        "Z": -0.5756076574325562
    },
    "9": {
        "X": 0.5507633090019226,
        "Y": 0.5524189472198486,
        "Z": -0.9771984219551086
    },
    "10": {
        "X": 0.47740936279296875,
        "Y": 0.5543428063392639,
        "Z": -0.9518483877182007
    },
    "11": {
        "X": 0.7628970146179199,
        "Y": 0.8127709031105042,
        "Z": -0.3731389045715332
    },
    "12": {
        "X": 0.3195333480834961,
        "Y": 0.817933976650238,
        "Z": -0.31241127848625183
    },
    "13": {
        "X": 0.8915355801582336,
        "Y": 1.1737205982208252,
        "Z": -0.41396990418434143
    },
    "14": {
        "X": 0.24584552645683289,
        "Y": 1.232395052909851,
        "Z": -0.16059808433055878
    },
    "15": {
        "X": 0.911462128162384,
        "Y": 1.5416827201843262,
        "Z": -0.9795463681221008
    },
    "16": {
        "X": 0.21806566417217255,
        "Y": 1.5530853271484375,
        "Z": -0.6771916747093201
    },
    "17": {
        "X": 0.9420076608657837,
        "Y": 1.65643310546875,
        "Z": -1.1420972347259521
    },
    "18": {
        "X": 0.2229418307542801,
        "Y": 1.6556410789489746,
        "Z": -0.824630856513977
    },
    "19": {
        "X": 0.892520546913147,
        "Y": 1.648591160774231,
        "Z": -1.2272975444793701
    },
    "20": {
        "X": 0.2563745379447937,
        "Y": 1.6478254795074463,
        "Z": -0.9549519419670105
    },
    "21": {
        "X": 0.8689765930175781,
        "Y": 1.6050719022750854,
        "Z": -1.0390418767929077
    },
    "22": {
        "X": 0.2739046514034271,
        "Y": 1.6046085357666016,
        "Z": -0.7494223713874817
    },
    "23": {
        "X": 0.6888543963432312,
        "Y": 1.6063904762268066,
        "Z": -0.1004294604063034
    },
    "24": {
        "X": 0.3954358696937561,
        "Y": 1.6043649911880493,
        "Z": 0.10486990213394165
    },
    "25": {
        "X": 0.6795472502708435,
        "Y": 2.2528257369995117,
        "Z": 0.017966702580451965
    },
    "26": {
        "X": 0.405308336019516,
        "Y": 2.246605634689331,
        "Z": 0.18454129993915558
    },
    "27": {
        "X": 0.6789613366127014,
        "Y": 2.823387861251831,
        "Z": 0.7992877960205078
    },
    "28": {
        "X": 0.41515249013900757,
        "Y": 2.820831775665283,
        "Z": 0.8061553239822388
    },
    "29": {
        "X": 0.6846299171447754,
        "Y": 2.9181559085845947,
        "Z": 0.8394411206245422
    },
    "30": {
        "X": 0.41538986563682556,
        "Y": 2.917454242706299,
        "Z": 0.8461611866950989
    },
    "31": {
        "X": 0.6354376077651978,
        "Y": 2.9994430541992188,
        "Z": 0.18680410087108612
    },
    "32": {
        "X": 0.4548928737640381,
        "Y": 2.996551036834717,
        "Z": 0.1315314620733261
    }
}