{
    "0": {
        "X": 0.4380195736885071,
        "Y": 0.48544129729270935,
        "Z": -1.0034087896347046
    },
    "1": {
        "X": 0.46103915572166443,
        "Y": 0.4196470379829407,
        "Z": -0.9948712587356567
    },
    "2": {
        "X": 0.48355141282081604,
        "Y": 0.4137156307697296,
        "Z": -0.995369553565979
    },
    "3": {
        "X": 0.5088320374488831,
        "Y": 0.40790221095085144,
        "Z": -0.9958597421646118
    },
    "4": {
        "X": 0.4162398874759674,
        "Y": 0.4312365651130676,
        "Z": -0.9335416555404663
    },
    "5": {
        "X": 0.40273961424827576,
        "Y": 0.434687077999115,
        "Z": -0.9328801035881042
    },
    "6": {
        "X": 0.3896091878414154,
        "Y": 0.4382306635379791,
        "Z": -0.9334722757339478
    },
    "7": {
        "X": 0.5661798715591431,
        "Y": 0.43455979228019714,
        "Z": -0.7564626932144165
    },
    "8": {
        "X": 0.39166325330734253,
        "Y": 0.46416330337524414,
        "Z": -0.4441802501678467
    },
    "9": {
        "X": 0.48532795906066895,
        "Y": 0.5465202331542969,
        "Z": -0.9019980430603027
    },
    "10": {
        "X": 0.4279727041721344,
        "Y": 0.5541172027587891,
        "Z": -0.813509464263916
    },
    "11": {
        "X": 0.7628546357154846,
        "Y": 0.8073512315750122,
        "Z": -0.49473491311073303
    },
    "12": {
        "X": 0.32261136174201965,
        "Y": 0.8120865225791931,
        "Z": -0.20187902450561523
    },
    "13": {
        "X": 0.8946006894111633,
        "Y": 1.2317949533462524,
        "Z": -0.5134162902832031
    },
    "14": {
        "X": 0.24572515487670898,
        "Y": 1.223812460899353,
        "Z": -0.04202955588698387
    },
    "15": {
        "X": 0.9033397436141968,
        "Y": 1.569145679473877,
        "Z": -0.906262993812561
    },
    "16": {
        "X": 0.22075334191322327,
        "Y": 1.5524488687515259,
        "Z": -0.4172746539115906
    },
    "17": {
        "X": 0.936090350151062,
        "Y": 1.6864386796951294,
        "Z": -1.0323020219802856
    },
    "18": {
        "X": 0.2228257954120636,
        "Y": 1.6670756340026855,
        "Z": -0.5029622912406921
    },
    "19": {
        "X": 0.8847410082817078,
        "Y": 1.682450532913208,
        "Z": -1.1139001846313477
    },
    "20": {
        "X": 0.2560789883136749,
        "Y": 1.6653529405593872,
        "Z": -0.6133228540420532
    },
    "21": {
        "X": 0.8622950315475464,
        "Y": 1.6320947408676147,
        "Z": -0.9547063112258911
    },
    "22": {
        "X": 0.27203357219696045,
        "Y": 1.6186937093734741,
        "Z": -0.4842459261417389
    },
    "23": {
        "X": 0.6872615218162537,
        "Y": 1.6065318584442139,
        "Z": -0.12850327789783478
    },
    "24": {
        "X": 0.39393553137779236,
        "Y": 1.5924841165542603,
        "Z": 0.13348844647407532
    },
    "25": {
        "X": 0.6685088872909546,
        "Y": 2.2571310997009277,
        "Z": -0.0657196044921875
    },
    "26": {
        "X": 0.3933795988559723,
        "Y": 2.2400259971618652,
        "Z": 0.21054582297801971
    },
    "27": {
        "X": 0.6679772138595581,
        "Y": 2.8334391117095947,
        "Z": 0.6831215620040894
    },
    "28": {
        "X": 0.39957159757614136,
        "Y": 2.829132318496704,
        "Z": 0.7232893705368042
    },
    "29": {
        "X": 0.67996746301651,
        "Y": 2.935105085372925,
        "Z": 0.7234492301940918
    },
    "30": {
        "X": 0.40371251106262207,
        "Y": 2.9328179359436035,
        "Z": 0.7550064921379089
    },
    "31": {
        "X": 0.6098732948303223,
        "Y": 3.012112855911255,
        "Z": 0.10198831558227539
    },
    "32": {
        "X": 0.4209367632865906,
        "Y": 3.0101423263549805,
        "Z": 0.10399490594863892
    }
}