{
    "0": {
        "X": 0.5155507922172546,
        "Y": 0.4833226203918457,
        "Z": -1.0994374752044678
    },
    "1": {
        "X": 0.5441838502883911,
        "Y": 0.4206666946411133,
        "Z": -1.0437815189361572
    },
    "2": {
        "X": 0.5639017224311829,
        "Y": 0.42039406299591064,
        "Z": -1.0441107749938965
    },
    "3": {
        "X": 0.5784931182861328,
        "Y": 0.42051607370376587,
        "Z": -1.0444531440734863
    },
    "4": {
        "X": 0.4867352545261383,
        "Y": 0.4227624237537384,
        "Z": -1.031970500946045
    },
    "5": {
        "X": 0.46810808777809143,
        "Y": 0.42265620827674866,
        "Z": -1.031233787536621
    },
    "6": {
        "X": 0.45179447531700134,
        "Y": 0.4239395260810852,
        "Z": -1.0316858291625977
    },
    "7": {
        "X": 0.6077626347541809,
        "Y": 0.45032835006713867,
        "Z": -0.6218948364257812
    },
    "8": {
        "X": 0.43453019857406616,
        "Y": 0.4525379240512848,
        "Z": -0.5500383377075195
    },
    "9": {
        "X": 0.5545266270637512,
        "Y": 0.5519392490386963,
        "Z": -0.938016414642334
    },
    "10": {
        "X": 0.48585644364356995,
        "Y": 0.5542652606964111,
        "Z": -0.9162266850471497
    },
    "11": {
        "X": 0.7594720125198364,
        "Y": 0.8068876266479492,
        "Z": -0.33324724435806274
    },
    "12": {
        "X": 0.3220531940460205,
        "Y": 0.8147901892662048,
        "Z": -0.2955077290534973
    },
    "13": {
        "X": 0.8847373127937317,
        "Y": 1.0803674459457397,
        "Z": -0.35768336057662964
    },
    "14": {
        "X": 0.2397739142179489,
        "Y": 1.2204515933990479,
        "Z": -0.1779572069644928
    },
    "15": {
        "X": 0.9144515991210938,
        "Y": 1.5272644758224487,
        "Z": -0.8956921696662903
    },
    "16": {
        "X": 0.2087673395872116,
        "Y": 1.5262644290924072,
        "Z": -0.7168877124786377
    },
    "17": {
        "X": 0.9468146562576294,
        "Y": 1.641050934791565,
        "Z": -1.0490577220916748
    },
    "18": {
        "X": 0.21970276534557343,
        "Y": 1.6414830684661865,
        "Z": -0.86767578125
    },
    "19": {
        "X": 0.9005449414253235,
        "Y": 1.6401715278625488,
        "Z": -1.1356840133666992
    },
    "20": {
        "X": 0.26015084981918335,
        "Y": 1.6356827020645142,
        "Z": -0.9919975399971008
    },
    "21": {
        "X": 0.876325249671936,
        "Y": 1.5955101251602173,
        "Z": -0.954738974571228
    },
    "22": {
        "X": 0.2778065800666809,
        "Y": 1.5926439762115479,
        "Z": -0.7876653671264648
    },
    "23": {
        "X": 0.6904116272926331,
        "Y": 1.5844758749008179,
        "Z": -0.09566651284694672
    },
    "24": {
        "X": 0.40069326758384705,
        "Y": 1.5870908498764038,
        "Z": 0.10019101947546005
    },
    "25": {
        "X": 0.6908608078956604,
        "Y": 2.2281229496002197,
        "Z": -0.0480850487947464
    },
    "26": {
        "X": 0.42263489961624146,
        "Y": 2.230231761932373,
        "Z": 0.15202078223228455
    },
    "27": {
        "X": 0.6936255693435669,
        "Y": 2.802854061126709,
        "Z": 0.6692155003547668
    },
    "28": {
        "X": 0.4345935881137848,
        "Y": 2.807421922683716,
        "Z": 0.7136453986167908
    },
    "29": {
        "X": 0.6999849081039429,
        "Y": 2.8952279090881348,
        "Z": 0.7010807991027832
    },
    "30": {
        "X": 0.43494564294815063,
        "Y": 2.9023280143737793,
        "Z": 0.7537919878959656
    },
    "31": {
        "X": 0.6502287983894348,
        "Y": 2.9784955978393555,
        "Z": 0.03465517237782478
    },
    "32": {
        "X": 0.46912407875061035,
        "Y": 2.973090410232544,
        "Z": 0.03317723795771599
    }
}