{
    "0": {
        "X": 0.5170761346817017,
        "Y": 0.4819827377796173,
        "Z": -1.0224798917770386
    },
    "1": {
        "X": 0.545442521572113,
        "Y": 0.4186759293079376,
        "Z": -0.9701876640319824
    },
    "2": {
        "X": 0.5646313428878784,
        "Y": 0.4178418517112732,
        "Z": -0.970535397529602
    },
    "3": {
        "X": 0.5789401531219482,
        "Y": 0.4177721440792084,
        "Z": -0.9709738492965698
    },
    "4": {
        "X": 0.4882679879665375,
        "Y": 0.4230950176715851,
        "Z": -0.961351215839386
    },
    "5": {
        "X": 0.4692768156528473,
        "Y": 0.42349106073379517,
        "Z": -0.9607009887695312
    },
    "6": {
        "X": 0.452237069606781,
        "Y": 0.4248926341533661,
        "Z": -0.961220920085907
    },
    "7": {
        "X": 0.6076117157936096,
        "Y": 0.4485083222389221,
        "Z": -0.5780645608901978
    },
    "8": {
        "X": 0.43297576904296875,
        "Y": 0.45401424169540405,
        "Z": -0.5140665769577026
    },
    "9": {
        "X": 0.5561760663986206,
        "Y": 0.5509960651397705,
        "Z": -0.8712164163589478
    },
    "10": {
        "X": 0.4882597327232361,
        "Y": 0.5542201399803162,
        "Z": -0.8532553911209106
    },
    "11": {
        "X": 0.7595458626747131,
        "Y": 0.8114410042762756,
        "Z": -0.30666154623031616
    },
    "12": {
        "X": 0.3179592788219452,
        "Y": 0.8185326457023621,
        "Z": -0.3061208724975586
    },
    "13": {
        "X": 0.8682138323783875,
        "Y": 1.039974570274353,
        "Z": -0.3043570816516876
    },
    "14": {
        "X": 0.23398737609386444,
        "Y": 1.2329822778701782,
        "Z": -0.15102346241474152
    },
    "15": {
        "X": 0.9148562550544739,
        "Y": 1.5288625955581665,
        "Z": -0.7520943284034729
    },
    "16": {
        "X": 0.21808502078056335,
        "Y": 1.5410107374191284,
        "Z": -0.5719109773635864
    },
    "17": {
        "X": 0.9468202590942383,
        "Y": 1.645672082901001,
        "Z": -0.8793846964836121
    },
    "18": {
        "X": 0.2174881398677826,
        "Y": 1.6532739400863647,
        "Z": -0.7017555236816406
    },
    "19": {
        "X": 0.8981261253356934,
        "Y": 1.6468720436096191,
        "Z": -0.9674990773200989
    },
    "20": {
        "X": 0.2545385956764221,
        "Y": 1.6491793394088745,
        "Z": -0.809910774230957
    },
    "21": {
        "X": 0.876327633857727,
        "Y": 1.5999311208724976,
        "Z": -0.8055416345596313
    },
    "22": {
        "X": 0.2701503038406372,
        "Y": 1.6047427654266357,
        "Z": -0.6326127052307129
    },
    "23": {
        "X": 0.6872110962867737,
        "Y": 1.6011191606521606,
        "Z": -0.07016511261463165
    },
    "24": {
        "X": 0.39621010422706604,
        "Y": 1.6043323278427124,
        "Z": 0.07467930018901825
    },
    "25": {
        "X": 0.6866270899772644,
        "Y": 2.243445634841919,
        "Z": -0.050666291266679764
    },
    "26": {
        "X": 0.4155561327934265,
        "Y": 2.2379438877105713,
        "Z": 0.03582092002034187
    },
    "27": {
        "X": 0.6907366514205933,
        "Y": 2.821976900100708,
        "Z": 0.5662210583686829
    },
    "28": {
        "X": 0.4247915744781494,
        "Y": 2.8228204250335693,
        "Z": 0.4538067877292633
    },
    "29": {
        "X": 0.6965703964233398,
        "Y": 2.91677188873291,
        "Z": 0.5930988192558289
    },
    "30": {
        "X": 0.42356014251708984,
        "Y": 2.9232122898101807,
        "Z": 0.47536954283714294
    },
    "31": {
        "X": 0.6474817395210266,
        "Y": 3.0028066635131836,
        "Z": -0.029109183698892593
    },
    "32": {
        "X": 0.46322187781333923,
        "Y": 2.9864492416381836,
        "Z": -0.16728979349136353
    }
}