{
    "0": {
        "X": 0.5052181482315063,
        "Y": 0.48823294043540955,
        "Z": -1.105057954788208
    },
    "1": {
        "X": 0.5333208441734314,
        "Y": 0.42304113507270813,
        "Z": -1.0629539489746094
    },
    "2": {
        "X": 0.5543485879898071,
        "Y": 0.42033135890960693,
        "Z": -1.0634958744049072
    },
    "3": {
        "X": 0.5723398923873901,
        "Y": 0.4188503921031952,
        "Z": -1.0639421939849854
    },
    "4": {
        "X": 0.47556033730506897,
        "Y": 0.42976152896881104,
        "Z": -1.0385596752166748
    },
    "5": {
        "X": 0.458380788564682,
        "Y": 0.43227556347846985,
        "Z": -1.037940263748169
    },
    "6": {
        "X": 0.4452614188194275,
        "Y": 0.4341653883457184,
        "Z": -1.0385349988937378
    },
    "7": {
        "X": 0.5987772345542908,
        "Y": 0.44573843479156494,
        "Z": -0.6731878519058228
    },
    "8": {
        "X": 0.42797717452049255,
        "Y": 0.46137601137161255,
        "Z": -0.554820716381073
    },
    "9": {
        "X": 0.546597421169281,
        "Y": 0.5530556440353394,
        "Z": -0.9604441523551941
    },
    "10": {
        "X": 0.4751177430152893,
        "Y": 0.5585726499557495,
        "Z": -0.920436680316925
    },
    "11": {
        "X": 0.7646101117134094,
        "Y": 0.8120797276496887,
        "Z": -0.3896399736404419
    },
    "12": {
        "X": 0.3250442147254944,
        "Y": 0.8182449340820312,
        "Z": -0.2816559672355652
    },
    "13": {
        "X": 0.8960129618644714,
        "Y": 1.2158585786819458,
        "Z": -0.3951810896396637
    },
    "14": {
        "X": 0.24902120232582092,
        "Y": 1.2223767042160034,
        "Z": -0.0886860340833664
    },
    "15": {
        "X": 0.9078434705734253,
        "Y": 1.5368385314941406,
        "Z": -0.8717361688613892
    },
    "16": {
        "X": 0.22720913589000702,
        "Y": 1.535117506980896,
        "Z": -0.552086353302002
    },
    "17": {
        "X": 0.9370659589767456,
        "Y": 1.6443068981170654,
        "Z": -1.0218770503997803
    },
    "18": {
        "X": 0.2270035743713379,
        "Y": 1.6449533700942993,
        "Z": -0.686341404914856
    },
    "19": {
        "X": 0.8920601010322571,
        "Y": 1.638873815536499,
        "Z": -1.105412244796753
    },
    "20": {
        "X": 0.2601484954357147,
        "Y": 1.6395756006240845,
        "Z": -0.8122315406799316
    },
    "21": {
        "X": 0.8674434423446655,
        "Y": 1.5961285829544067,
        "Z": -0.9279419183731079
    },
    "22": {
        "X": 0.2779914438724518,
        "Y": 1.597459316253662,
        "Z": -0.6233197450637817
    },
    "23": {
        "X": 0.6867635846138,
        "Y": 1.5959454774856567,
        "Z": -0.09562087059020996
    },
    "24": {
        "X": 0.3999984860420227,
        "Y": 1.5893077850341797,
        "Z": 0.09974190592765808
    },
    "25": {
        "X": 0.676773726940155,
        "Y": 2.2343297004699707,
        "Z": -0.06218109652400017
    },
    "26": {
        "X": 0.40572589635849,
        "Y": 2.2234575748443604,
        "Z": 0.1402227282524109
    },
    "27": {
        "X": 0.6719924211502075,
        "Y": 2.803412675857544,
        "Z": 0.6442028284072876
    },
    "28": {
        "X": 0.41169649362564087,
        "Y": 2.7964484691619873,
        "Z": 0.6949030160903931
    },
    "29": {
        "X": 0.6774325966835022,
        "Y": 2.8947227001190186,
        "Z": 0.6805292367935181
    },
    "30": {
        "X": 0.4127829074859619,
        "Y": 2.8901851177215576,
        "Z": 0.7314397096633911
    },
    "31": {
        "X": 0.6272276043891907,
        "Y": 2.978886842727661,
        "Z": 0.03245163336396217
    },
    "32": {
        "X": 0.4433509409427643,
        "Y": 2.9661455154418945,
        "Z": 0.044489916414022446
    }
}