{
    "0": {
        "X": 0.3947805166244507,
        "Y": 0.4817695617675781,
        "Z": -0.7909642457962036
    },
    "1": {
        "X": 0.4259703755378723,
        "Y": 0.41644540429115295,
        "Z": -0.8121725916862488
    },
    "2": {
        "X": 0.4439266324043274,
        "Y": 0.4115867018699646,
        "Z": -0.8124268651008606
    },
    "3": {
        "X": 0.46412158012390137,
        "Y": 0.40657809376716614,
        "Z": -0.8128992915153503
    },
    "4": {
        "X": 0.3888781666755676,
        "Y": 0.42345473170280457,
        "Z": -0.7288064360618591
    },
    "5": {
        "X": 0.38012221455574036,
        "Y": 0.42456501722335815,
        "Z": -0.727919340133667
    },
    "6": {
        "X": 0.37033385038375854,
        "Y": 0.42637160420417786,
        "Z": -0.728468656539917
    },
    "7": {
        "X": 0.5359280109405518,
        "Y": 0.4371532201766968,
        "Z": -0.7136425375938416
    },
    "8": {
        "X": 0.4022703170776367,
        "Y": 0.45133957266807556,
        "Z": -0.28780990839004517
    },
    "9": {
        "X": 0.4414546489715576,
        "Y": 0.5454452037811279,
        "Z": -0.7353218793869019
    },
    "10": {
        "X": 0.39573341608047485,
        "Y": 0.5482515692710876,
        "Z": -0.6183954477310181
    },
    "11": {
        "X": 0.7591918706893921,
        "Y": 0.8044115304946899,
        "Z": -0.5130373239517212
    },
    "12": {
        "X": 0.3147033751010895,
        "Y": 0.8112689852714539,
        "Z": -0.10025670379400253
    },
    "13": {
        "X": 0.8937896490097046,
        "Y": 1.196542739868164,
        "Z": -0.5194994807243347
    },
    "14": {
        "X": 0.2400391846895218,
        "Y": 1.2237321138381958,
        "Z": 0.17626890540122986
    },
    "15": {
        "X": 0.912614643573761,
        "Y": 1.5576523542404175,
        "Z": -0.7595621347427368
    },
    "16": {
        "X": 0.22503967583179474,
        "Y": 1.5495853424072266,
        "Z": -0.17460289597511292
    },
    "17": {
        "X": 0.9511449933052063,
        "Y": 1.672995686531067,
        "Z": -0.8299570083618164
    },
    "18": {
        "X": 0.2195325791835785,
        "Y": 1.6703509092330933,
        "Z": -0.2569584548473358
    },
    "19": {
        "X": 0.8999395370483398,
        "Y": 1.677119493484497,
        "Z": -0.8935878872871399
    },
    "20": {
        "X": 0.2530394196510315,
        "Y": 1.6676006317138672,
        "Z": -0.35520610213279724
    },
    "21": {
        "X": 0.8755027651786804,
        "Y": 1.6292226314544678,
        "Z": -0.7874693870544434
    },
    "22": {
        "X": 0.2694956660270691,
        "Y": 1.6215029954910278,
        "Z": -0.23418781161308289
    },
    "23": {
        "X": 0.6937784552574158,
        "Y": 1.6080931425094604,
        "Z": -0.14593498408794403
    },
    "24": {
        "X": 0.3942662179470062,
        "Y": 1.5963042974472046,
        "Z": 0.15102800726890564
    },
    "25": {
        "X": 0.6800345182418823,
        "Y": 2.262421131134033,
        "Z": -0.16567362844944
    },
    "26": {
        "X": 0.4019871652126312,
        "Y": 2.2397563457489014,
        "Z": 0.18645188212394714
    },
    "27": {
        "X": 0.6917051076889038,
        "Y": 2.8464858531951904,
        "Z": 0.49983373284339905
    },
    "28": {
        "X": 0.41110754013061523,
        "Y": 2.8300156593322754,
        "Z": 0.631830096244812
    },
    "29": {
        "X": 0.7069353461265564,
        "Y": 2.9462060928344727,
        "Z": 0.532779335975647
    },
    "30": {
        "X": 0.4157784581184387,
        "Y": 2.930917501449585,
        "Z": 0.6610608100891113
    },
    "31": {
        "X": 0.6286226511001587,
        "Y": 3.0195236206054688,
        "Z": -0.08151927590370178
    },
    "32": {
        "X": 0.41883769631385803,
        "Y": 3.0069854259490967,
        "Z": 0.05449230223894119
    }
}