{
    "0": {
        "X": 0.3740983307361603,
        "Y": 0.4832417368888855,
        "Z": -0.7086815237998962
    },
    "1": {
        "X": 0.40669289231300354,
        "Y": 0.42013663053512573,
        "Z": -0.7425197958946228
    },
    "2": {
        "X": 0.42418044805526733,
        "Y": 0.4160833954811096,
        "Z": -0.7428187131881714
    },
    "3": {
        "X": 0.4428366720676422,
        "Y": 0.41136592626571655,
        "Z": -0.7434335350990295
    },
    "4": {
        "X": 0.3696667551994324,
        "Y": 0.42842039465904236,
        "Z": -0.644706666469574
    },
    "5": {
        "X": 0.3604716956615448,
        "Y": 0.43068817257881165,
        "Z": -0.6437753438949585
    },
    "6": {
        "X": 0.35211706161499023,
        "Y": 0.4326467216014862,
        "Z": -0.6442703604698181
    },
    "7": {
        "X": 0.5118427872657776,
        "Y": 0.4349878132343292,
        "Z": -0.6845702528953552
    },
    "8": {
        "X": 0.38964924216270447,
        "Y": 0.4525088965892792,
        "Z": -0.2037864625453949
    },
    "9": {
        "X": 0.42074888944625854,
        "Y": 0.5462547540664673,
        "Z": -0.6746634244918823
    },
    "10": {
        "X": 0.3782038390636444,
        "Y": 0.5488722324371338,
        "Z": -0.5373154878616333
    },
    "11": {
        "X": 0.7524262070655823,
        "Y": 0.8030561208724976,
        "Z": -0.5709342360496521
    },
    "12": {
        "X": 0.3177335560321808,
        "Y": 0.8123323917388916,
        "Z": -0.010145861655473709
    },
    "13": {
        "X": 0.8727583885192871,
        "Y": 1.0538822412490845,
        "Z": -0.6387554407119751
    },
    "14": {
        "X": 0.2441774159669876,
        "Y": 1.2175506353378296,
        "Z": 0.3380975127220154
    },
    "15": {
        "X": 0.9115637540817261,
        "Y": 1.551673412322998,
        "Z": -0.766674280166626
    },
    "16": {
        "X": 0.22562918066978455,
        "Y": 1.5427775382995605,
        "Z": 0.07520459592342377
    },
    "17": {
        "X": 0.9489126205444336,
        "Y": 1.669165015220642,
        "Z": -0.8280327916145325
    },
    "18": {
        "X": 0.2149488925933838,
        "Y": 1.6588149070739746,
        "Z": 0.02202521823346615
    },
    "19": {
        "X": 0.8916536569595337,
        "Y": 1.6749902963638306,
        "Z": -0.8471018075942993
    },
    "20": {
        "X": 0.25005030632019043,
        "Y": 1.656240463256836,
        "Z": -0.07537823170423508
    },
    "21": {
        "X": 0.8688192367553711,
        "Y": 1.6264804601669312,
        "Z": -0.7827979326248169
    },
    "22": {
        "X": 0.2665333151817322,
        "Y": 1.6101547479629517,
        "Z": 0.018811287358403206
    },
    "23": {
        "X": 0.6879997253417969,
        "Y": 1.5996564626693726,
        "Z": -0.18688702583312988
    },
    "24": {
        "X": 0.3947119116783142,
        "Y": 1.584410548210144,
        "Z": 0.19197995960712433
    },
    "25": {
        "X": 0.6677984595298767,
        "Y": 2.2476162910461426,
        "Z": -0.17949409782886505
    },
    "26": {
        "X": 0.3979256749153137,
        "Y": 2.2246572971343994,
        "Z": 0.30388811230659485
    },
    "27": {
        "X": 0.6723802089691162,
        "Y": 2.8232855796813965,
        "Z": 0.5363984704017639
    },
    "28": {
        "X": 0.40421801805496216,
        "Y": 2.806032657623291,
        "Z": 0.8019152879714966
    },
    "29": {
        "X": 0.6875083446502686,
        "Y": 2.92226243019104,
        "Z": 0.5771095156669617
    },
    "30": {
        "X": 0.4064410328865051,
        "Y": 2.9021413326263428,
        "Z": 0.8379620313644409
    },
    "31": {
        "X": 0.6088747978210449,
        "Y": 2.994311809539795,
        "Z": -0.017114881426095963
    },
    "32": {
        "X": 0.4141485095024109,
        "Y": 2.987515926361084,
        "Z": 0.22264643013477325
    }
}