{
    "0": {
        "X": 0.5182893872261047,
        "Y": 0.4821094274520874,
        "Z": -1.0514453649520874
    },
    "1": {
        "X": 0.5460354089736938,
        "Y": 0.4198402464389801,
        "Z": -0.9951280355453491
    },
    "2": {
        "X": 0.5654425024986267,
        "Y": 0.4166533350944519,
        "Z": -0.9955540895462036
    },
    "3": {
        "X": 0.5798889398574829,
        "Y": 0.4147339463233948,
        "Z": -0.9959639310836792
    },
    "4": {
        "X": 0.4880238175392151,
        "Y": 0.4226287007331848,
        "Z": -0.9862970113754272
    },
    "5": {
        "X": 0.46858564019203186,
        "Y": 0.4229491949081421,
        "Z": -0.9856733083724976
    },
    "6": {
        "X": 0.4522525370121002,
        "Y": 0.4241591989994049,
        "Z": -0.9862037897109985
    },
    "7": {
        "X": 0.6064746379852295,
        "Y": 0.4455861449241638,
        "Z": -0.5733047723770142
    },
    "8": {
        "X": 0.43066802620887756,
        "Y": 0.4524565041065216,
        "Z": -0.5281468033790588
    },
    "9": {
        "X": 0.556804895401001,
        "Y": 0.5460731387138367,
        "Z": -0.8970429301261902
    },
    "10": {
        "X": 0.4864937365055084,
        "Y": 0.5488124489784241,
        "Z": -0.8792315721511841
    },
    "11": {
        "X": 0.7528505921363831,
        "Y": 0.8034617304801941,
        "Z": -0.326815128326416
    },
    "12": {
        "X": 0.3184073269367218,
        "Y": 0.8164205551147461,
        "Z": -0.29350823163986206
    },
    "13": {
        "X": 0.8929711580276489,
        "Y": 1.1891087293624878,
        "Z": -0.3379247784614563
    },
    "14": {
        "X": 0.24548785388469696,
        "Y": 1.2302840948104858,
        "Z": -0.16131380200386047
    },
    "15": {
        "X": 0.9065700769424438,
        "Y": 1.5270665884017944,
        "Z": -0.8088234066963196
    },
    "16": {
        "X": 0.22366945445537567,
        "Y": 1.5381367206573486,
        "Z": -0.6618680953979492
    },
    "17": {
        "X": 0.9374456405639648,
        "Y": 1.6426697969436646,
        "Z": -0.9471497535705566
    },
    "18": {
        "X": 0.22575585544109344,
        "Y": 1.648984670639038,
        "Z": -0.8047772645950317
    },
    "19": {
        "X": 0.8859602808952332,
        "Y": 1.6421877145767212,
        "Z": -1.0316810607910156
    },
    "20": {
        "X": 0.26273462176322937,
        "Y": 1.6419137716293335,
        "Z": -0.920163631439209
    },
    "21": {
        "X": 0.8648582696914673,
        "Y": 1.5960856676101685,
        "Z": -0.8657349348068237
    },
    "22": {
        "X": 0.27961260080337524,
        "Y": 1.5980535745620728,
        "Z": -0.7282634973526001
    },
    "23": {
        "X": 0.6909545660018921,
        "Y": 1.5917859077453613,
        "Z": -0.08271525800228119
    },
    "24": {
        "X": 0.39736029505729675,
        "Y": 1.5909188985824585,
        "Z": 0.08716722577810287
    },
    "25": {
        "X": 0.6843990087509155,
        "Y": 2.2318410873413086,
        "Z": -0.03972058743238449
    },
    "26": {
        "X": 0.4146755635738373,
        "Y": 2.228706121444702,
        "Z": 0.05135733634233475
    },
    "27": {
        "X": 0.6840733885765076,
        "Y": 2.8041112422943115,
        "Z": 0.6280443072319031
    },
    "28": {
        "X": 0.42004528641700745,
        "Y": 2.807685375213623,
        "Z": 0.5451364517211914
    },
    "29": {
        "X": 0.6897536516189575,
        "Y": 2.897603750228882,
        "Z": 0.6583012938499451
    },
    "30": {
        "X": 0.4181693494319916,
        "Y": 2.9052248001098633,
        "Z": 0.5744068026542664
    },
    "31": {
        "X": 0.6408913135528564,
        "Y": 2.9841244220733643,
        "Z": 0.02861439809203148
    },
    "32": {
        "X": 0.45590442419052124,
        "Y": 2.974587917327881,
        "Z": -0.11350395530462265
    }
}