{
    "0": {
        "X": 0.38176822662353516,
        "Y": 0.48701080679893494,
        "Z": -0.7819268703460693
    },
    "1": {
        "X": 0.41286206245422363,
        "Y": 0.42336389422416687,
        "Z": -0.8161019086837769
    },
    "2": {
        "X": 0.43006187677383423,
        "Y": 0.4194695055484772,
        "Z": -0.8165505528450012
    },
    "3": {
        "X": 0.44812482595443726,
        "Y": 0.4156670570373535,
        "Z": -0.8172265887260437
    },
    "4": {
        "X": 0.3755870461463928,
        "Y": 0.43128353357315063,
        "Z": -0.7209938764572144
    },
    "5": {
        "X": 0.36718064546585083,
        "Y": 0.4332009553909302,
        "Z": -0.7203485369682312
    },
    "6": {
        "X": 0.3586719036102295,
        "Y": 0.4348406493663788,
        "Z": -0.7209538221359253
    },
    "7": {
        "X": 0.5176358222961426,
        "Y": 0.44013673067092896,
        "Z": -0.7373150587081909
    },
    "8": {
        "X": 0.39454978704452515,
        "Y": 0.4570614695549011,
        "Z": -0.2901797592639923
    },
    "9": {
        "X": 0.43139880895614624,
        "Y": 0.549084484577179,
        "Z": -0.7441994547843933
    },
    "10": {
        "X": 0.3895072042942047,
        "Y": 0.5541868209838867,
        "Z": -0.6111937761306763
    },
    "11": {
        "X": 0.7532124519348145,
        "Y": 0.8027349710464478,
        "Z": -0.5503110885620117
    },
    "12": {
        "X": 0.3251990079879761,
        "Y": 0.810395359992981,
        "Z": -0.06214828044176102
    },
    "13": {
        "X": 0.8818174600601196,
        "Y": 1.045358657836914,
        "Z": -0.5616706609725952
    },
    "14": {
        "X": 0.24657706916332245,
        "Y": 1.2095659971237183,
        "Z": 0.34820491075515747
    },
    "15": {
        "X": 0.9182222485542297,
        "Y": 1.5223140716552734,
        "Z": -0.7492547631263733
    },
    "16": {
        "X": 0.23266825079917908,
        "Y": 1.5356533527374268,
        "Z": 0.1521395593881607
    },
    "17": {
        "X": 0.9550665020942688,
        "Y": 1.633097529411316,
        "Z": -0.8238447904586792
    },
    "18": {
        "X": 0.22532622516155243,
        "Y": 1.6481492519378662,
        "Z": 0.10059677064418793
    },
    "19": {
        "X": 0.9060347676277161,
        "Y": 1.6334067583084106,
        "Z": -0.8904735445976257
    },
    "20": {
        "X": 0.2568792402744293,
        "Y": 1.6477463245391846,
        "Z": -0.0038215569220483303
    },
    "21": {
        "X": 0.8813120126724243,
        "Y": 1.587870478630066,
        "Z": -0.7810929417610168
    },
    "22": {
        "X": 0.2737937569618225,
        "Y": 1.6021658182144165,
        "Z": 0.09353580325841904
    },
    "23": {
        "X": 0.6812652945518494,
        "Y": 1.5873792171478271,
        "Z": -0.15434816479682922
    },
    "24": {
        "X": 0.3958635628223419,
        "Y": 1.5745097398757935,
        "Z": 0.15940946340560913
    },
    "25": {
        "X": 0.6690881848335266,
        "Y": 2.229318857192993,
        "Z": -0.24170009791851044
    },
    "26": {
        "X": 0.4005040228366852,
        "Y": 2.2066826820373535,
        "Z": 0.1605049967765808
    },
    "27": {
        "X": 0.6729317307472229,
        "Y": 2.803802490234375,
        "Z": 0.3549070954322815
    },
    "28": {
        "X": 0.4071766436100006,
        "Y": 2.7895662784576416,
        "Z": 0.5873273015022278
    },
    "29": {
        "X": 0.6824923753738403,
        "Y": 2.902165412902832,
        "Z": 0.3833155632019043
    },
    "30": {
        "X": 0.409354031085968,
        "Y": 2.8862228393554688,
        "Z": 0.6067832112312317
    },
    "31": {
        "X": 0.6188332438468933,
        "Y": 2.975532293319702,
        "Z": -0.2207808792591095
    },
    "32": {
        "X": 0.42862194776535034,
        "Y": 2.9670331478118896,
        "Z": 0.02098534069955349
    }
}