{
    "0": {
        "X": 0.45897096395492554,
        "Y": 0.47670379281044006,
        "Z": -0.9866660237312317
    },
    "1": {
        "X": 0.49500980973243713,
        "Y": 0.4096776843070984,
        "Z": -0.972490131855011
    },
    "2": {
        "X": 0.5188833475112915,
        "Y": 0.40556851029396057,
        "Z": -0.9729303121566772
    },
    "3": {
        "X": 0.5402470827102661,
        "Y": 0.4034823179244995,
        "Z": -0.9733641743659973
    },
    "4": {
        "X": 0.4386942982673645,
        "Y": 0.4197976887226105,
        "Z": -0.9186708331108093
    },
    "5": {
        "X": 0.4260082244873047,
        "Y": 0.42222002148628235,
        "Z": -0.9179762601852417
    },
    "6": {
        "X": 0.41099151968955994,
        "Y": 0.4247969388961792,
        "Z": -0.9185565114021301
    },
    "7": {
        "X": 0.5787281394004822,
        "Y": 0.43790656328201294,
        "Z": -0.6693894863128662
    },
    "8": {
        "X": 0.40794649720191956,
        "Y": 0.4517606794834137,
        "Z": -0.4481295049190521
    },
    "9": {
        "X": 0.508522093296051,
        "Y": 0.5431081652641296,
        "Z": -0.8872466087341309
    },
    "10": {
        "X": 0.44060033559799194,
        "Y": 0.5468575954437256,
        "Z": -0.8053176999092102
    },
    "11": {
        "X": 0.7626474499702454,
        "Y": 0.8117817640304565,
        "Z": -0.40322932600975037
    },
    "12": {
        "X": 0.31327173113822937,
        "Y": 0.8182064294815063,
        "Z": -0.2294548749923706
    },
    "13": {
        "X": 0.8998198509216309,
        "Y": 1.2262585163116455,
        "Z": -0.41725969314575195
    },
    "14": {
        "X": 0.23747675120830536,
        "Y": 1.2362689971923828,
        "Z": -0.0643438994884491
    },
    "15": {
        "X": 0.9019024968147278,
        "Y": 1.5578410625457764,
        "Z": -0.8548277616500854
    },
    "16": {
        "X": 0.21206612884998322,
        "Y": 1.560126781463623,
        "Z": -0.5396947264671326
    },
    "17": {
        "X": 0.9307796359062195,
        "Y": 1.6728159189224243,
        "Z": -0.9794620275497437
    },
    "18": {
        "X": 0.2180306613445282,
        "Y": 1.674854040145874,
        "Z": -0.666702389717102
    },
    "19": {
        "X": 0.8798155784606934,
        "Y": 1.6705398559570312,
        "Z": -1.0584723949432373
    },
    "20": {
        "X": 0.25544705986976624,
        "Y": 1.6696059703826904,
        "Z": -0.7733331322669983
    },
    "21": {
        "X": 0.8577083349227905,
        "Y": 1.6236878633499146,
        "Z": -0.9054859280586243
    },
    "22": {
        "X": 0.272332102060318,
        "Y": 1.623140811920166,
        "Z": -0.603354811668396
    },
    "23": {
        "X": 0.692975640296936,
        "Y": 1.618958830833435,
        "Z": -0.10204929113388062
    },
    "24": {
        "X": 0.3932323455810547,
        "Y": 1.6104214191436768,
        "Z": 0.10685364156961441
    },
    "25": {
        "X": 0.6803358793258667,
        "Y": 2.265955686569214,
        "Z": -0.06531419605016708
    },
    "26": {
        "X": 0.3992372751235962,
        "Y": 2.2519142627716064,
        "Z": 0.06189509108662605
    },
    "27": {
        "X": 0.6866374015808105,
        "Y": 2.8488872051239014,
        "Z": 0.6018489003181458
    },
    "28": {
        "X": 0.4061732292175293,
        "Y": 2.84550142288208,
        "Z": 0.5762984156608582
    },
    "29": {
        "X": 0.6974831223487854,
        "Y": 2.948314666748047,
        "Z": 0.6345266699790955
    },
    "30": {
        "X": 0.40801769495010376,
        "Y": 2.9481141567230225,
        "Z": 0.6067751049995422
    },
    "31": {
        "X": 0.6299844980239868,
        "Y": 3.0289437770843506,
        "Z": 0.01476085651665926
    },
    "32": {
        "X": 0.434495210647583,
        "Y": 3.018120527267456,
        "Z": -0.05871307849884033
    }
}