{
    "0": {
        "X": 0.43859243392944336,
        "Y": 0.49008771777153015,
        "Z": -1.0068961381912231
    },
    "1": {
        "X": 0.4663023352622986,
        "Y": 0.42302635312080383,
        "Z": -1.0070030689239502
    },
    "2": {
        "X": 0.4905030131340027,
        "Y": 0.4182089567184448,
        "Z": -1.0075474977493286
    },
    "3": {
        "X": 0.5169014930725098,
        "Y": 0.41356030106544495,
        "Z": -1.0080899000167847
    },
    "4": {
        "X": 0.41838106513023376,
        "Y": 0.43308025598526,
        "Z": -0.9350547790527344
    },
    "5": {
        "X": 0.4043927788734436,
        "Y": 0.436271071434021,
        "Z": -0.9344148635864258
    },
    "6": {
        "X": 0.39172598719596863,
        "Y": 0.4393867552280426,
        "Z": -0.9350236058235168
    },
    "7": {
        "X": 0.5696631669998169,
        "Y": 0.44071581959724426,
        "Z": -0.724051833152771
    },
    "8": {
        "X": 0.396626353263855,
        "Y": 0.46380704641342163,
        "Z": -0.4463096261024475
    },
    "9": {
        "X": 0.4856250286102295,
        "Y": 0.5518600940704346,
        "Z": -0.92759770154953
    },
    "10": {
        "X": 0.4275989532470703,
        "Y": 0.5586820840835571,
        "Z": -0.818313479423523
    },
    "11": {
        "X": 0.766541063785553,
        "Y": 0.8142586350440979,
        "Z": -0.4770956039428711
    },
    "12": {
        "X": 0.32014256715774536,
        "Y": 0.8204513788223267,
        "Z": -0.20350804924964905
    },
    "13": {
        "X": 0.8953211903572083,
        "Y": 1.2372769117355347,
        "Z": -0.5138144493103027
    },
    "14": {
        "X": 0.2451780140399933,
        "Y": 1.2361469268798828,
        "Z": 0.009042760357260704
    },
    "15": {
        "X": 0.8981376886367798,
        "Y": 1.5666154623031616,
        "Z": -0.9028774499893188
    },
    "16": {
        "X": 0.21970586478710175,
        "Y": 1.5609833002090454,
        "Z": -0.44820675253868103
    },
    "17": {
        "X": 0.9267951846122742,
        "Y": 1.6830276250839233,
        "Z": -1.0234109163284302
    },
    "18": {
        "X": 0.22190411388874054,
        "Y": 1.6742480993270874,
        "Z": -0.5591585636138916
    },
    "19": {
        "X": 0.8749839663505554,
        "Y": 1.6799201965332031,
        "Z": -1.0917030572891235
    },
    "20": {
        "X": 0.2557741105556488,
        "Y": 1.6728864908218384,
        "Z": -0.6702269315719604
    },
    "21": {
        "X": 0.8535828590393066,
        "Y": 1.6307384967803955,
        "Z": -0.9468345642089844
    },
    "22": {
        "X": 0.2728702425956726,
        "Y": 1.625535249710083,
        "Z": -0.5148096680641174
    },
    "23": {
        "X": 0.6916052103042603,
        "Y": 1.6153854131698608,
        "Z": -0.12265857309103012
    },
    "24": {
        "X": 0.39401835203170776,
        "Y": 1.6032828092575073,
        "Z": 0.12764589488506317
    },
    "25": {
        "X": 0.6740206480026245,
        "Y": 2.2638204097747803,
        "Z": -0.037660159170627594
    },
    "26": {
        "X": 0.39391860365867615,
        "Y": 2.244901418685913,
        "Z": 0.2138500213623047
    },
    "27": {
        "X": 0.6729082465171814,
        "Y": 2.8395164012908936,
        "Z": 0.7069236040115356
    },
    "28": {
        "X": 0.40097576379776,
        "Y": 2.8322043418884277,
        "Z": 0.781325101852417
    },
    "29": {
        "X": 0.6844846606254578,
        "Y": 2.9421074390411377,
        "Z": 0.7486893534660339
    },
    "30": {
        "X": 0.4047695994377136,
        "Y": 2.937267780303955,
        "Z": 0.8191205859184265
    },
    "31": {
        "X": 0.6156694293022156,
        "Y": 3.020526647567749,
        "Z": 0.13835856318473816
    },
    "32": {
        "X": 0.4221076965332031,
        "Y": 3.0140562057495117,
        "Z": 0.17158886790275574
    }
}