{
    "0": {
        "X": 0.42877107858657837,
        "Y": 0.4862065017223358,
        "Z": -0.8804383277893066
    },
    "1": {
        "X": 0.4566528797149658,
        "Y": 0.42267006635665894,
        "Z": -0.8946099281311035
    },
    "2": {
        "X": 0.47693386673927307,
        "Y": 0.42120587825775146,
        "Z": -0.8949756622314453
    },
    "3": {
        "X": 0.5005823373794556,
        "Y": 0.419050395488739,
        "Z": -0.8954537510871887
    },
    "4": {
        "X": 0.4148940443992615,
        "Y": 0.42847344279289246,
        "Z": -0.8156408071517944
    },
    "5": {
        "X": 0.40436404943466187,
        "Y": 0.43006405234336853,
        "Z": -0.8148847818374634
    },
    "6": {
        "X": 0.391931414604187,
        "Y": 0.43244218826293945,
        "Z": -0.8154052495956421
    },
    "7": {
        "X": 0.5660637021064758,
        "Y": 0.44786471128463745,
        "Z": -0.7264821529388428
    },
    "8": {
        "X": 0.4077032506465912,
        "Y": 0.45750024914741516,
        "Z": -0.3507830500602722
    },
    "9": {
        "X": 0.47181835770606995,
        "Y": 0.5527344346046448,
        "Z": -0.8122605085372925
    },
    "10": {
        "X": 0.4225178360939026,
        "Y": 0.5559383630752563,
        "Z": -0.6989250183105469
    },
    "11": {
        "X": 0.7632101774215698,
        "Y": 0.8138114213943481,
        "Z": -0.5311079621315002
    },
    "12": {
        "X": 0.3244599401950836,
        "Y": 0.8117442727088928,
        "Z": -0.1233481913805008
    },
    "13": {
        "X": 0.8896029591560364,
        "Y": 1.2152588367462158,
        "Z": -0.5533834099769592
    },
    "14": {
        "X": 0.24742719531059265,
        "Y": 1.214928388595581,
        "Z": 0.12178029119968414
    },
    "15": {
        "X": 0.8931185603141785,
        "Y": 1.5480408668518066,
        "Z": -0.8352072834968567
    },
    "16": {
        "X": 0.22495706379413605,
        "Y": 1.5351221561431885,
        "Z": -0.2972455620765686
    },
    "17": {
        "X": 0.9219905734062195,
        "Y": 1.6623938083648682,
        "Z": -0.9641075134277344
    },
    "18": {
        "X": 0.22252056002616882,
        "Y": 1.6494756937026978,
        "Z": -0.3899305760860443
    },
    "19": {
        "X": 0.8724726438522339,
        "Y": 1.6608412265777588,
        "Z": -1.069530963897705
    },
    "20": {
        "X": 0.255932480096817,
        "Y": 1.6467317342758179,
        "Z": -0.5024001002311707
    },
    "21": {
        "X": 0.8507825136184692,
        "Y": 1.611706256866455,
        "Z": -0.8828374743461609
    },
    "22": {
        "X": 0.27374958992004395,
        "Y": 1.6006219387054443,
        "Z": -0.3640708327293396
    },
    "23": {
        "X": 0.6842488050460815,
        "Y": 1.5976593494415283,
        "Z": -0.15855443477630615
    },
    "24": {
        "X": 0.393740713596344,
        "Y": 1.5845261812210083,
        "Z": 0.16355200111865997
    },
    "25": {
        "X": 0.6615386009216309,
        "Y": 2.2370851039886475,
        "Z": -0.10841123014688492
    },
    "26": {
        "X": 0.3891426920890808,
        "Y": 2.218733310699463,
        "Z": 0.2977864146232605
    },
    "27": {
        "X": 0.6553828120231628,
        "Y": 2.811572551727295,
        "Z": 0.624202311038971
    },
    "28": {
        "X": 0.3907163441181183,
        "Y": 2.7974963188171387,
        "Z": 0.8335669636726379
    },
    "29": {
        "X": 0.666094958782196,
        "Y": 2.909672737121582,
        "Z": 0.6670506596565247
    },
    "30": {
        "X": 0.3934714198112488,
        "Y": 2.8957624435424805,
        "Z": 0.8715465664863586
    },
    "31": {
        "X": 0.5957615375518799,
        "Y": 2.986924648284912,
        "Z": 0.05265744403004646
    },
    "32": {
        "X": 0.40477100014686584,
        "Y": 2.9738214015960693,
        "Z": 0.2479446679353714
    }
}