{
    "0": {
        "X": 0.5034244060516357,
        "Y": 0.4999507665634155,
        "Z": -1.155731439590454
    },
    "1": {
        "X": 0.5319255590438843,
        "Y": 0.42854276299476624,
        "Z": -1.1031358242034912
    },
    "2": {
        "X": 0.5536708235740662,
        "Y": 0.4253948926925659,
        "Z": -1.103709101676941
    },
    "3": {
        "X": 0.5710480809211731,
        "Y": 0.42317959666252136,
        "Z": -1.1040794849395752
    },
    "4": {
        "X": 0.47133827209472656,
        "Y": 0.43829718232154846,
        "Z": -1.0941094160079956
    },
    "5": {
        "X": 0.4533451199531555,
        "Y": 0.44109994173049927,
        "Z": -1.0936040878295898
    },
    "6": {
        "X": 0.4401400685310364,
        "Y": 0.4437106251716614,
        "Z": -1.0942634344100952
    },
    "7": {
        "X": 0.5967286825180054,
        "Y": 0.44939088821411133,
        "Z": -0.6954131126403809
    },
    "8": {
        "X": 0.42133498191833496,
        "Y": 0.46930548548698425,
        "Z": -0.6202186942100525
    },
    "9": {
        "X": 0.5443441867828369,
        "Y": 0.560289204120636,
        "Z": -0.9912481307983398
    },
    "10": {
        "X": 0.4715125560760498,
        "Y": 0.5696370601654053,
        "Z": -0.9737926721572876
    },
    "11": {
        "X": 0.7645714282989502,
        "Y": 0.8128802180290222,
        "Z": -0.3621356785297394
    },
    "12": {
        "X": 0.32587212324142456,
        "Y": 0.8166905045509338,
        "Z": -0.33507397770881653
    },
    "13": {
        "X": 0.8852248191833496,
        "Y": 1.0838911533355713,
        "Z": -0.3454873263835907
    },
    "14": {
        "X": 0.24397313594818115,
        "Y": 1.2225676774978638,
        "Z": -0.18723340332508087
    },
    "15": {
        "X": 0.911636471748352,
        "Y": 1.530558705329895,
        "Z": -0.8591009974479675
    },
    "16": {
        "X": 0.2285747528076172,
        "Y": 1.5411391258239746,
        "Z": -0.6831063032150269
    },
    "17": {
        "X": 0.9421183466911316,
        "Y": 1.636328935623169,
        "Z": -1.0065891742706299
    },
    "18": {
        "X": 0.22421307861804962,
        "Y": 1.6517260074615479,
        "Z": -0.8361164331436157
    },
    "19": {
        "X": 0.9028521776199341,
        "Y": 1.629478931427002,
        "Z": -1.1010295152664185
    },
    "20": {
        "X": 0.2562987506389618,
        "Y": 1.6433595418930054,
        "Z": -0.9627724885940552
    },
    "21": {
        "X": 0.8778050541877747,
        "Y": 1.5889283418655396,
        "Z": -0.9209383130073547
    },
    "22": {
        "X": 0.2725576162338257,
        "Y": 1.5999741554260254,
        "Z": -0.7549120783805847
    },
    "23": {
        "X": 0.685468852519989,
        "Y": 1.600534439086914,
        "Z": -0.08544566482305527
    },
    "24": {
        "X": 0.3969721496105194,
        "Y": 1.5898562669754028,
        "Z": 0.09008966386318207
    },
    "25": {
        "X": 0.6782251596450806,
        "Y": 2.2358920574188232,
        "Z": -0.11087554693222046
    },
    "26": {
        "X": 0.403705358505249,
        "Y": 2.220919370651245,
        "Z": 0.013280871324241161
    },
    "27": {
        "X": 0.6823739409446716,
        "Y": 2.8060617446899414,
        "Z": 0.5312706232070923
    },
    "28": {
        "X": 0.41608771681785583,
        "Y": 2.794748544692993,
        "Z": 0.4584142565727234
    },
    "29": {
        "X": 0.6889262795448303,
        "Y": 2.898613214492798,
        "Z": 0.5540347695350647
    },
    "30": {
        "X": 0.4177652895450592,
        "Y": 2.8884291648864746,
        "Z": 0.48065289855003357
    },
    "31": {
        "X": 0.6378881335258484,
        "Y": 2.9807543754577637,
        "Z": -0.10286883264780045
    },
    "32": {
        "X": 0.45215630531311035,
        "Y": 2.9641473293304443,
        "Z": -0.20259304344654083
    }
}