{
    "0": {
        "X": 0.4392104744911194,
        "Y": 0.48787546157836914,
        "Z": -0.9439005851745605
    },
    "1": {
        "X": 0.46505260467529297,
        "Y": 0.421077698469162,
        "Z": -0.9327183961868286
    },
    "2": {
        "X": 0.4879857897758484,
        "Y": 0.41746214032173157,
        "Z": -0.9329530596733093
    },
    "3": {
        "X": 0.5132496356964111,
        "Y": 0.41472333669662476,
        "Z": -0.933240532875061
    },
    "4": {
        "X": 0.4201340675354004,
        "Y": 0.4305994212627411,
        "Z": -0.8763054013252258
    },
    "5": {
        "X": 0.40697693824768066,
        "Y": 0.43385064601898193,
        "Z": -0.8754620552062988
    },
    "6": {
        "X": 0.395236611366272,
        "Y": 0.43647193908691406,
        "Z": -0.875924289226532
    },
    "7": {
        "X": 0.569602906703949,
        "Y": 0.4460130035877228,
        "Z": -0.6762328147888184
    },
    "8": {
        "X": 0.40123647451400757,
        "Y": 0.46323147416114807,
        "Z": -0.3872433006763458
    },
    "9": {
        "X": 0.4839482307434082,
        "Y": 0.5531715154647827,
        "Z": -0.8383013010025024
    },
    "10": {
        "X": 0.4291054606437683,
        "Y": 0.5581544637680054,
        "Z": -0.7560870051383972
    },
    "11": {
        "X": 0.7651562094688416,
        "Y": 0.814569354057312,
        "Z": -0.4412381052970886
    },
    "12": {
        "X": 0.3228871822357178,
        "Y": 0.8128633499145508,
        "Z": -0.18880310654640198
    },
    "13": {
        "X": 0.8979533314704895,
        "Y": 1.2374595403671265,
        "Z": -0.4818691611289978
    },
    "14": {
        "X": 0.2445049285888672,
        "Y": 1.219504714012146,
        "Z": -0.10654693841934204
    },
    "15": {
        "X": 0.8995987176895142,
        "Y": 1.5582815408706665,
        "Z": -0.8687344789505005
    },
    "16": {
        "X": 0.22948722541332245,
        "Y": 1.5324890613555908,
        "Z": -0.6851411461830139
    },
    "17": {
        "X": 0.9291985630989075,
        "Y": 1.6707112789154053,
        "Z": -0.9911782145500183
    },
    "18": {
        "X": 0.2141827791929245,
        "Y": 1.6504815816879272,
        "Z": -0.8165575861930847
    },
    "19": {
        "X": 0.8787487149238586,
        "Y": 1.6677489280700684,
        "Z": -1.0579602718353271
    },
    "20": {
        "X": 0.2544683814048767,
        "Y": 1.6439052820205688,
        "Z": -0.9176969528198242
    },
    "21": {
        "X": 0.8568025827407837,
        "Y": 1.6207813024520874,
        "Z": -0.9116126298904419
    },
    "22": {
        "X": 0.2720955014228821,
        "Y": 1.5988491773605347,
        "Z": -0.7499904036521912
    },
    "23": {
        "X": 0.6875044703483582,
        "Y": 1.607740879058838,
        "Z": -0.13294951617717743
    },
    "24": {
        "X": 0.3927650451660156,
        "Y": 1.5922402143478394,
        "Z": 0.1381167769432068
    },
    "25": {
        "X": 0.6619482636451721,
        "Y": 2.2479770183563232,
        "Z": -0.08365774899721146
    },
    "26": {
        "X": 0.3886287212371826,
        "Y": 2.2347023487091064,
        "Z": 0.24620285630226135
    },
    "27": {
        "X": 0.6548528075218201,
        "Y": 2.8210999965667725,
        "Z": 0.6032710671424866
    },
    "28": {
        "X": 0.39467906951904297,
        "Y": 2.8176162242889404,
        "Z": 0.7683993577957153
    },
    "29": {
        "X": 0.6657872796058655,
        "Y": 2.9158196449279785,
        "Z": 0.6370092630386353
    },
    "30": {
        "X": 0.3992350697517395,
        "Y": 2.9136803150177,
        "Z": 0.8021901249885559
    },
    "31": {
        "X": 0.5929811596870422,
        "Y": 2.9955894947052,
        "Z": 0.01428376417607069
    },
    "32": {
        "X": 0.41115397214889526,
        "Y": 2.991422176361084,
        "Z": 0.15276600420475006
    }
}