{
    "0": {
        "X": 0.5156828165054321,
        "Y": 0.4917249083518982,
        "Z": -1.1399030685424805
    },
    "1": {
        "X": 0.5429052114486694,
        "Y": 0.4266570210456848,
        "Z": -1.090856909751892
    },
    "2": {
        "X": 0.5638479590415955,
        "Y": 0.4261866509914398,
        "Z": -1.0913751125335693
    },
    "3": {
        "X": 0.5792670249938965,
        "Y": 0.42648762464523315,
        "Z": -1.0919153690338135
    },
    "4": {
        "X": 0.4826574921607971,
        "Y": 0.42870599031448364,
        "Z": -1.0754423141479492
    },
    "5": {
        "X": 0.4633677899837494,
        "Y": 0.4288845360279083,
        "Z": -1.0748192071914673
    },
    "6": {
        "X": 0.4489317536354065,
        "Y": 0.4300268888473511,
        "Z": -1.075393795967102
    },
    "7": {
        "X": 0.6066310405731201,
        "Y": 0.45524945855140686,
        "Z": -0.6684786081314087
    },
    "8": {
        "X": 0.4304409623146057,
        "Y": 0.4574095606803894,
        "Z": -0.5909299850463867
    },
    "9": {
        "X": 0.5551444292068481,
        "Y": 0.5592030882835388,
        "Z": -0.9814578294754028
    },
    "10": {
        "X": 0.4830617308616638,
        "Y": 0.5620635747909546,
        "Z": -0.954862117767334
    },
    "11": {
        "X": 0.7632757425308228,
        "Y": 0.8132396340370178,
        "Z": -0.36196449398994446
    },
    "12": {
        "X": 0.3219713568687439,
        "Y": 0.819161593914032,
        "Z": -0.32102447748184204
    },
    "13": {
        "X": 0.886683464050293,
        "Y": 1.1780239343643188,
        "Z": -0.36986035108566284
    },
    "14": {
        "X": 0.24389898777008057,
        "Y": 1.2286993265151978,
        "Z": -0.17122994363307953
    },
    "15": {
        "X": 0.9070646166801453,
        "Y": 1.533216118812561,
        "Z": -0.8550431132316589
    },
    "16": {
        "X": 0.22115549445152283,
        "Y": 1.5398279428482056,
        "Z": -0.7018793821334839
    },
    "17": {
        "X": 0.9366687536239624,
        "Y": 1.644608736038208,
        "Z": -1.0077741146087646
    },
    "18": {
        "X": 0.2255721539258957,
        "Y": 1.6509406566619873,
        "Z": -0.8504672050476074
    },
    "19": {
        "X": 0.8912242650985718,
        "Y": 1.6400052309036255,
        "Z": -1.0924363136291504
    },
    "20": {
        "X": 0.2598789930343628,
        "Y": 1.641445517539978,
        "Z": -0.9796255826950073
    },
    "21": {
        "X": 0.8669986724853516,
        "Y": 1.5965940952301025,
        "Z": -0.9122794270515442
    },
    "22": {
        "X": 0.27766793966293335,
        "Y": 1.5987896919250488,
        "Z": -0.7751806974411011
    },
    "23": {
        "X": 0.6849830746650696,
        "Y": 1.6027852296829224,
        "Z": -0.09674644470214844
    },
    "24": {
        "X": 0.39747947454452515,
        "Y": 1.601171612739563,
        "Z": 0.10129445791244507
    },
    "25": {
        "X": 0.6811797618865967,
        "Y": 2.2429039478302,
        "Z": -0.021802734583616257
    },
    "26": {
        "X": 0.41000357270240784,
        "Y": 2.236664056777954,
        "Z": 0.18193112313747406
    },
    "27": {
        "X": 0.6792554259300232,
        "Y": 2.8109540939331055,
        "Z": 0.7379416823387146
    },
    "28": {
        "X": 0.41966110467910767,
        "Y": 2.807525157928467,
        "Z": 0.7705866694450378
    },
    "29": {
        "X": 0.6838034391403198,
        "Y": 2.903050184249878,
        "Z": 0.7759174108505249
    },
    "30": {
        "X": 0.4208560883998871,
        "Y": 2.902310371398926,
        "Z": 0.8103679418563843
    },
    "31": {
        "X": 0.6361397504806519,
        "Y": 2.987172842025757,
        "Z": 0.12698709964752197
    },
    "32": {
        "X": 0.4522511959075928,
        "Y": 2.9763364791870117,
        "Z": 0.12057735025882721
    }
}