{
    "0": {
        "X": 0.518136203289032,
        "Y": 0.4840453267097473,
        "Z": -1.0357317924499512
    },
    "1": {
        "X": 0.5446897149085999,
        "Y": 0.42215248942375183,
        "Z": -0.981117844581604
    },
    "2": {
        "X": 0.5641120076179504,
        "Y": 0.42135804891586304,
        "Z": -0.9814668893814087
    },
    "3": {
        "X": 0.5787667036056519,
        "Y": 0.42133229970932007,
        "Z": -0.9819084405899048
    },
    "4": {
        "X": 0.4875999093055725,
        "Y": 0.4242566227912903,
        "Z": -0.973355770111084
    },
    "5": {
        "X": 0.468667596578598,
        "Y": 0.42384228110313416,
        "Z": -0.9727650880813599
    },
    "6": {
        "X": 0.4524044394493103,
        "Y": 0.4250866770744324,
        "Z": -0.9733456373214722
    },
    "7": {
        "X": 0.6059437394142151,
        "Y": 0.45197564363479614,
        "Z": -0.5769463777542114
    },
    "8": {
        "X": 0.4332471489906311,
        "Y": 0.45461955666542053,
        "Z": -0.5233088135719299
    },
    "9": {
        "X": 0.5565374493598938,
        "Y": 0.5522754788398743,
        "Z": -0.8790729641914368
    },
    "10": {
        "X": 0.4881659150123596,
        "Y": 0.5548873543739319,
        "Z": -0.8641354441642761
    },
    "11": {
        "X": 0.7560415863990784,
        "Y": 0.8074025511741638,
        "Z": -0.2862892746925354
    },
    "12": {
        "X": 0.3236248791217804,
        "Y": 0.8150259256362915,
        "Z": -0.3055552542209625
    },
    "13": {
        "X": 0.8888009786605835,
        "Y": 1.190893292427063,
        "Z": -0.28391289710998535
    },
    "14": {
        "X": 0.24246028065681458,
        "Y": 1.2287503480911255,
        "Z": -0.21192117035388947
    },
    "15": {
        "X": 0.910071074962616,
        "Y": 1.5168557167053223,
        "Z": -0.7712404727935791
    },
    "16": {
        "X": 0.23364658653736115,
        "Y": 1.534271001815796,
        "Z": -0.7137086391448975
    },
    "17": {
        "X": 0.9414556622505188,
        "Y": 1.6283249855041504,
        "Z": -0.9098309278488159
    },
    "18": {
        "X": 0.22938594222068787,
        "Y": 1.639479398727417,
        "Z": -0.8615483045578003
    },
    "19": {
        "X": 0.8945909738540649,
        "Y": 1.630233883857727,
        "Z": -0.9954848289489746
    },
    "20": {
        "X": 0.26928234100341797,
        "Y": 1.6358693838119507,
        "Z": -0.973915696144104
    },
    "21": {
        "X": 0.8722506761550903,
        "Y": 1.586826205253601,
        "Z": -0.8280147314071655
    },
    "22": {
        "X": 0.28462913632392883,
        "Y": 1.593091368675232,
        "Z": -0.7780640125274658
    },
    "23": {
        "X": 0.6881691813468933,
        "Y": 1.5836639404296875,
        "Z": -0.07874901592731476
    },
    "24": {
        "X": 0.39901259541511536,
        "Y": 1.587525725364685,
        "Z": 0.08321183919906616
    },
    "25": {
        "X": 0.6901768445968628,
        "Y": 2.219966411590576,
        "Z": -0.028149399906396866
    },
    "26": {
        "X": 0.42061758041381836,
        "Y": 2.2182087898254395,
        "Z": 0.07859330624341965
    },
    "27": {
        "X": 0.6937323808670044,
        "Y": 2.7928757667541504,
        "Z": 0.6393824219703674
    },
    "28": {
        "X": 0.4297513961791992,
        "Y": 2.7965400218963623,
        "Z": 0.5780237317085266
    },
    "29": {
        "X": 0.7004851698875427,
        "Y": 2.8860228061676025,
        "Z": 0.6709865927696228
    },
    "30": {
        "X": 0.42823266983032227,
        "Y": 2.8939573764801025,
        "Z": 0.6080062389373779
    },
    "31": {
        "X": 0.6506021618843079,
        "Y": 2.970280408859253,
        "Z": 0.0478636734187603
    },
    "32": {
        "X": 0.46798333525657654,
        "Y": 2.960599422454834,
        "Z": -0.06960330158472061
    }
}