{
    "0": {
        "X": 0.5084627866744995,
        "Y": 0.49468129873275757,
        "Z": -1.1388593912124634
    },
    "1": {
        "X": 0.537284255027771,
        "Y": 0.42914074659347534,
        "Z": -1.090404748916626
    },
    "2": {
        "X": 0.5592988729476929,
        "Y": 0.42702823877334595,
        "Z": -1.0909686088562012
    },
    "3": {
        "X": 0.5770496129989624,
        "Y": 0.4258226156234741,
        "Z": -1.0914256572723389
    },
    "4": {
        "X": 0.4775392413139343,
        "Y": 0.43277111649513245,
        "Z": -1.0736924409866333
    },
    "5": {
        "X": 0.46007975935935974,
        "Y": 0.4338967502117157,
        "Z": -1.073220133781433
    },
    "6": {
        "X": 0.4468671679496765,
        "Y": 0.4349592328071594,
        "Z": -1.0738847255706787
    },
    "7": {
        "X": 0.6038292646408081,
        "Y": 0.4519268572330475,
        "Z": -0.6895094513893127
    },
    "8": {
        "X": 0.42984190583229065,
        "Y": 0.46061497926712036,
        "Z": -0.59229576587677
    },
    "9": {
        "X": 0.5506622195243835,
        "Y": 0.5595579743385315,
        "Z": -0.9816979169845581
    },
    "10": {
        "X": 0.47855859994888306,
        "Y": 0.5638339519500732,
        "Z": -0.9542816281318665
    },
    "11": {
        "X": 0.761626124382019,
        "Y": 0.8101703524589539,
        "Z": -0.37053990364074707
    },
    "12": {
        "X": 0.32958322763442993,
        "Y": 0.8103477954864502,
        "Z": -0.29573357105255127
    },
    "13": {
        "X": 0.8843953013420105,
        "Y": 1.0595135688781738,
        "Z": -0.35804039239883423
    },
    "14": {
        "X": 0.24591708183288574,
        "Y": 1.2140119075775146,
        "Z": -0.09996919333934784
    },
    "15": {
        "X": 0.9249625205993652,
        "Y": 1.5253145694732666,
        "Z": -0.8705208897590637
    },
    "16": {
        "X": 0.2234494686126709,
        "Y": 1.530311942100525,
        "Z": -0.5599346160888672
    },
    "17": {
        "X": 0.9596179127693176,
        "Y": 1.6321362257003784,
        "Z": -1.0178744792938232
    },
    "18": {
        "X": 0.22444696724414825,
        "Y": 1.6416592597961426,
        "Z": -0.7037258148193359
    },
    "19": {
        "X": 0.9181251525878906,
        "Y": 1.6296700239181519,
        "Z": -1.1194634437561035
    },
    "20": {
        "X": 0.25645992159843445,
        "Y": 1.633668065071106,
        "Z": -0.83079594373703
    },
    "21": {
        "X": 0.8912391662597656,
        "Y": 1.5874119997024536,
        "Z": -0.9347864985466003
    },
    "22": {
        "X": 0.27363795042037964,
        "Y": 1.5911424160003662,
        "Z": -0.6318585872650146
    },
    "23": {
        "X": 0.6828798055648804,
        "Y": 1.5916075706481934,
        "Z": -0.08827584236860275
    },
    "24": {
        "X": 0.39787203073501587,
        "Y": 1.58444082736969,
        "Z": 0.0928225964307785
    },
    "25": {
        "X": 0.6744556427001953,
        "Y": 2.2277777194976807,
        "Z": -0.091886505484581
    },
    "26": {
        "X": 0.40428146719932556,
        "Y": 2.2126355171203613,
        "Z": 0.024349644780158997
    },
    "27": {
        "X": 0.6729301810264587,
        "Y": 2.7956788539886475,
        "Z": 0.5772608518600464
    },
    "28": {
        "X": 0.40758100152015686,
        "Y": 2.787318468093872,
        "Z": 0.5127851366996765
    },
    "29": {
        "X": 0.6787859797477722,
        "Y": 2.8877644538879395,
        "Z": 0.606416642665863
    },
    "30": {
        "X": 0.40863093733787537,
        "Y": 2.880673408508301,
        "Z": 0.53925621509552
    },
    "31": {
        "X": 0.6265475749969482,
        "Y": 2.968867301940918,
        "Z": -0.04392030090093613
    },
    "32": {
        "X": 0.43813425302505493,
        "Y": 2.9569973945617676,
        "Z": -0.1517789363861084
    }
}