{
    "0": {
        "X": 0.5089659094810486,
        "Y": 0.48613452911376953,
        "Z": -1.0920777320861816
    },
    "1": {
        "X": 0.5377159118652344,
        "Y": 0.42336830496788025,
        "Z": -1.0433149337768555
    },
    "2": {
        "X": 0.5572214126586914,
        "Y": 0.4227520823478699,
        "Z": -1.0434858798980713
    },
    "3": {
        "X": 0.5715001225471497,
        "Y": 0.4228331446647644,
        "Z": -1.0438282489776611
    },
    "4": {
        "X": 0.48092180490493774,
        "Y": 0.4259921908378601,
        "Z": -1.0375032424926758
    },
    "5": {
        "X": 0.46251145005226135,
        "Y": 0.4257112443447113,
        "Z": -1.0367679595947266
    },
    "6": {
        "X": 0.4457275867462158,
        "Y": 0.4263572692871094,
        "Z": -1.0372488498687744
    },
    "7": {
        "X": 0.6018685698509216,
        "Y": 0.453820139169693,
        "Z": -0.6338467001914978
    },
    "8": {
        "X": 0.4284379482269287,
        "Y": 0.45279660820961,
        "Z": -0.5784323811531067
    },
    "9": {
        "X": 0.5470435619354248,
        "Y": 0.5556128025054932,
        "Z": -0.9331068992614746
    },
    "10": {
        "X": 0.47991377115249634,
        "Y": 0.5580331683158875,
        "Z": -0.9164986610412598
    },
    "11": {
        "X": 0.7577913999557495,
        "Y": 0.8069333434104919,
        "Z": -0.30891379714012146
    },
    "12": {
        "X": 0.3140077292919159,
        "Y": 0.8087853193283081,
        "Z": -0.34860557317733765
    },
    "13": {
        "X": 0.8927729725837708,
        "Y": 1.2057064771652222,
        "Z": -0.21688802540302277
    },
    "14": {
        "X": 0.22735123336315155,
        "Y": 1.221077799797058,
        "Z": -0.18271878361701965
    },
    "15": {
        "X": 0.9128219485282898,
        "Y": 1.5435112714767456,
        "Z": -0.6273296475410461
    },
    "16": {
        "X": 0.2254185676574707,
        "Y": 1.5432709455490112,
        "Z": -0.6017872095108032
    },
    "17": {
        "X": 0.9428428411483765,
        "Y": 1.6588571071624756,
        "Z": -0.7427772879600525
    },
    "18": {
        "X": 0.21594516932964325,
        "Y": 1.65757417678833,
        "Z": -0.7299380898475647
    },
    "19": {
        "X": 0.8962874412536621,
        "Y": 1.6584423780441284,
        "Z": -0.8337311744689941
    },
    "20": {
        "X": 0.2565533518791199,
        "Y": 1.6539838314056396,
        "Z": -0.8405474424362183
    },
    "21": {
        "X": 0.8741058111190796,
        "Y": 1.611186146736145,
        "Z": -0.6850375533103943
    },
    "22": {
        "X": 0.2723909020423889,
        "Y": 1.6086608171463013,
        "Z": -0.6636458039283752
    },
    "23": {
        "X": 0.678705096244812,
        "Y": 1.591947078704834,
        "Z": -0.06809858977794647
    },
    "24": {
        "X": 0.38396093249320984,
        "Y": 1.5900567770004272,
        "Z": 0.07259757071733475
    },
    "25": {
        "X": 0.6731815934181213,
        "Y": 2.236403226852417,
        "Z": -0.04267711192369461
    },
    "26": {
        "X": 0.3931468725204468,
        "Y": 2.235055685043335,
        "Z": 0.06531719863414764
    },
    "27": {
        "X": 0.6709077954292297,
        "Y": 2.8223204612731934,
        "Z": 0.6112636923789978
    },
    "28": {
        "X": 0.3986438810825348,
        "Y": 2.822723865509033,
        "Z": 0.5233599543571472
    },
    "29": {
        "X": 0.6771729588508606,
        "Y": 2.9169986248016357,
        "Z": 0.640267014503479
    },
    "30": {
        "X": 0.39826735854148865,
        "Y": 2.9207441806793213,
        "Z": 0.5483347773551941
    },
    "31": {
        "X": 0.6218048334121704,
        "Y": 3.003772020339966,
        "Z": 0.007583907805383205
    },
    "32": {
        "X": 0.4322810769081116,
        "Y": 2.9890799522399902,
        "Z": -0.1323428452014923
    }
}