{
    "0": {
        "X": 0.47465577721595764,
        "Y": 0.410445898771286,
        "Z": -1.0860151052474976
    },
    "1": {
        "X": 0.505772590637207,
        "Y": 0.3525007963180542,
        "Z": -1.0303189754486084
    },
    "2": {
        "X": 0.528502881526947,
        "Y": 0.35134807229042053,
        "Z": -1.0306203365325928
    },
    "3": {
        "X": 0.5473654270172119,
        "Y": 0.351040244102478,
        "Z": -1.0307623147964478
    },
    "4": {
        "X": 0.444711297750473,
        "Y": 0.35464906692504883,
        "Z": -1.0201066732406616
    },
    "5": {
        "X": 0.42723408341407776,
        "Y": 0.3561520576477051,
        "Z": -1.0193955898284912
    },
    "6": {
        "X": 0.4125950336456299,
        "Y": 0.3564872443675995,
        "Z": -1.019910216331482
    },
    "7": {
        "X": 0.5739266872406006,
        "Y": 0.38061726093292236,
        "Z": -0.6132996678352356
    },
    "8": {
        "X": 0.3971065878868103,
        "Y": 0.3891753852367401,
        "Z": -0.5509805083274841
    },
    "9": {
        "X": 0.5163936018943787,
        "Y": 0.4821544289588928,
        "Z": -0.928131103515625
    },
    "10": {
        "X": 0.441093385219574,
        "Y": 0.4819290339946747,
        "Z": -0.9093457460403442
    },
    "11": {
        "X": 0.7304055094718933,
        "Y": 0.746996283531189,
        "Z": -0.3342151343822479
    },
    "12": {
        "X": 0.2886621952056885,
        "Y": 0.7526018619537354,
        "Z": -0.3137710392475128
    },
    "13": {
        "X": 0.8151464462280273,
        "Y": 1.1868062019348145,
        "Z": -0.30295759439468384
    },
    "14": {
        "X": 0.20274169743061066,
        "Y": 1.154860258102417,
        "Z": -0.2400379627943039
    },
    "15": {
        "X": 0.8100177049636841,
        "Y": 1.502770185470581,
        "Z": -0.7314342856407166
    },
    "16": {
        "X": 0.187788188457489,
        "Y": 1.4556281566619873,
        "Z": -0.8075591325759888
    },
    "17": {
        "X": 0.831325888633728,
        "Y": 1.6229790449142456,
        "Z": -0.8642368316650391
    },
    "18": {
        "X": 0.1615263670682907,
        "Y": 1.5698238611221313,
        "Z": -0.9644088745117188
    },
    "19": {
        "X": 0.7828847169876099,
        "Y": 1.6138083934783936,
        "Z": -0.9540120959281921
    },
    "20": {
        "X": 0.20426754653453827,
        "Y": 1.5648623704910278,
        "Z": -1.0790436267852783
    },
    "21": {
        "X": 0.7659149169921875,
        "Y": 1.5634649991989136,
        "Z": -0.7878198027610779
    },
    "22": {
        "X": 0.2231273204088211,
        "Y": 1.5198781490325928,
        "Z": -0.8761730194091797
    },
    "23": {
        "X": 0.6447268128395081,
        "Y": 1.5320289134979248,
        "Z": -0.06657115370035172
    },
    "24": {
        "X": 0.3537924885749817,
        "Y": 1.5211544036865234,
        "Z": 0.07164353877305984
    },
    "25": {
        "X": 0.6252157688140869,
        "Y": 2.167851448059082,
        "Z": -0.07249324023723602
    },
    "26": {
        "X": 0.35323596000671387,
        "Y": 2.152686834335327,
        "Z": -0.01746150478720665
    },
    "27": {
        "X": 0.614211916923523,
        "Y": 2.746253252029419,
        "Z": 0.530823290348053
    },
    "28": {
        "X": 0.35322266817092896,
        "Y": 2.735961675643921,
        "Z": 0.4024215340614319
    },
    "29": {
        "X": 0.6200623512268066,
        "Y": 2.841756582260132,
        "Z": 0.5530906319618225
    },
    "30": {
        "X": 0.3525603711605072,
        "Y": 2.833181619644165,
        "Z": 0.42191943526268005
    },
    "31": {
        "X": 0.560406506061554,
        "Y": 2.924410581588745,
        "Z": -0.09251777827739716
    },
    "32": {
        "X": 0.38556069135665894,
        "Y": 2.907423734664917,
        "Z": -0.2626079022884369
    }
}