{
    "0": {
        "X": 0.5066792964935303,
        "Y": 0.27604684233665466,
        "Z": -0.7854259610176086
    },
    "1": {
        "X": 0.5277425646781921,
        "Y": 0.23283933103084564,
        "Z": -0.7382422685623169
    },
    "2": {
        "X": 0.5405473113059998,
        "Y": 0.23537445068359375,
        "Z": -0.7384909391403198
    },
    "3": {
        "X": 0.5537417531013489,
        "Y": 0.2384234517812729,
        "Z": -0.7383508086204529
    },
    "4": {
        "X": 0.48993414640426636,
        "Y": 0.2273758351802826,
        "Z": -0.7621181607246399
    },
    "5": {
        "X": 0.47521084547042847,
        "Y": 0.2263718992471695,
        "Z": -0.7623006105422974
    },
    "6": {
        "X": 0.4592748284339905,
        "Y": 0.22561714053153992,
        "Z": -0.7628718018531799
    },
    "7": {
        "X": 0.5699061155319214,
        "Y": 0.2630836069583893,
        "Z": -0.42542052268981934
    },
    "8": {
        "X": 0.43176183104515076,
        "Y": 0.2477860301733017,
        "Z": -0.525053858757019
    },
    "9": {
        "X": 0.5258837342262268,
        "Y": 0.3283252418041229,
        "Z": -0.6636204123497009
    },
    "10": {
        "X": 0.47735196352005005,
        "Y": 0.3244534134864807,
        "Z": -0.6927490830421448
    },
    "11": {
        "X": 0.6459684371948242,
        "Y": 0.5320558547973633,
        "Z": -0.213812917470932
    },
    "12": {
        "X": 0.32121703028678894,
        "Y": 0.517340898513794,
        "Z": -0.3972293436527252
    },
    "13": {
        "X": 0.6724721789360046,
        "Y": 0.8752062916755676,
        "Z": -0.1131654754281044
    },
    "14": {
        "X": 0.2950177788734436,
        "Y": 0.8848212957382202,
        "Z": -0.3333089351654053
    },
    "15": {
        "X": 0.6346489191055298,
        "Y": 1.101628065109253,
        "Z": -0.4074050486087799
    },
    "16": {
        "X": 0.32441845536231995,
        "Y": 1.1311653852462769,
        "Z": -0.6062615513801575
    },
    "17": {
        "X": 0.6447254419326782,
        "Y": 1.2097846269607544,
        "Z": -0.49049896001815796
    },
    "18": {
        "X": 0.3147835433483124,
        "Y": 1.2286440134048462,
        "Z": -0.6853410601615906
    },
    "19": {
        "X": 0.6322988271713257,
        "Y": 1.1776020526885986,
        "Z": -0.5676134824752808
    },
    "20": {
        "X": 0.3451881408691406,
        "Y": 1.214751958847046,
        "Z": -0.7566074132919312
    },
    "21": {
        "X": 0.6212171912193298,
        "Y": 1.1428052186965942,
        "Z": -0.44913846254348755
    },
    "22": {
        "X": 0.3533906638622284,
        "Y": 1.1751084327697754,
        "Z": -0.6402833461761475
    },
    "23": {
        "X": 0.58701491355896,
        "Y": 1.1321160793304443,
        "Z": 0.01744893565773964
    },
    "24": {
        "X": 0.3793473541736603,
        "Y": 1.1296857595443726,
        "Z": -0.015251336619257927
    },
    "25": {
        "X": 0.563334584236145,
        "Y": 1.5862655639648438,
        "Z": 0.06672199070453644
    },
    "26": {
        "X": 0.3645624816417694,
        "Y": 1.586268663406372,
        "Z": -0.014863533899188042
    },
    "27": {
        "X": 0.5491390824317932,
        "Y": 1.9938864707946777,
        "Z": 0.4834872782230377
    },
    "28": {
        "X": 0.36636286973953247,
        "Y": 1.9876998662948608,
        "Z": 0.27001360058784485
    },
    "29": {
        "X": 0.5491371154785156,
        "Y": 2.0546979904174805,
        "Z": 0.5057989358901978
    },
    "30": {
        "X": 0.3612087070941925,
        "Y": 2.0484399795532227,
        "Z": 0.2846018970012665
    },
    "31": {
        "X": 0.5291962623596191,
        "Y": 2.1333320140838623,
        "Z": 0.16586053371429443
    },
    "32": {
        "X": 0.3936414420604706,
        "Y": 2.120764970779419,
        "Z": -0.12332721054553986
    }
}