{
    "0": {
        "X": 0.4592786431312561,
        "Y": 0.25390908122062683,
        "Z": -0.9957979917526245
    },
    "1": {
        "X": 0.4916799068450928,
        "Y": 0.21431665122509003,
        "Z": -0.9585304260253906
    },
    "2": {
        "X": 0.5109792947769165,
        "Y": 0.2173205465078354,
        "Z": -0.9585317373275757
    },
    "3": {
        "X": 0.5250315070152283,
        "Y": 0.22084815800189972,
        "Z": -0.9584822654724121
    },
    "4": {
        "X": 0.44421321153640747,
        "Y": 0.21004635095596313,
        "Z": -0.9598264694213867
    },
    "5": {
        "X": 0.4324936866760254,
        "Y": 0.2095922976732254,
        "Z": -0.9599528312683105
    },
    "6": {
        "X": 0.4238698482513428,
        "Y": 0.20953412353992462,
        "Z": -0.9604495167732239
    },
    "7": {
        "X": 0.5486841201782227,
        "Y": 0.25125256180763245,
        "Z": -0.6581424474716187
    },
    "8": {
        "X": 0.41673120856285095,
        "Y": 0.2369203418493271,
        "Z": -0.6537655591964722
    },
    "9": {
        "X": 0.49489131569862366,
        "Y": 0.3108893930912018,
        "Z": -0.8801473379135132
    },
    "10": {
        "X": 0.4384404718875885,
        "Y": 0.30816277861595154,
        "Z": -0.879096508026123
    },
    "11": {
        "X": 0.6546404361724854,
        "Y": 0.5411884784698486,
        "Z": -0.43448472023010254
    },
    "12": {
        "X": 0.31230077147483826,
        "Y": 0.5222008228302002,
        "Z": -0.4845429062843323
    },
    "13": {
        "X": 0.6615148782730103,
        "Y": 0.8938133716583252,
        "Z": -0.31189778447151184
    },
    "14": {
        "X": 0.28600797057151794,
        "Y": 0.8721983432769775,
        "Z": -0.3671623170375824
    },
    "15": {
        "X": 0.6202078461647034,
        "Y": 1.1599177122116089,
        "Z": -0.531325101852417
    },
    "16": {
        "X": 0.3273247480392456,
        "Y": 1.112277865409851,
        "Z": -0.6308327913284302
    },
    "17": {
        "X": 0.6328287124633789,
        "Y": 1.258475661277771,
        "Z": -0.6053849458694458
    },
    "18": {
        "X": 0.3233051002025604,
        "Y": 1.2071566581726074,
        "Z": -0.7142274379730225
    },
    "19": {
        "X": 0.5910261869430542,
        "Y": 1.236264705657959,
        "Z": -0.671273410320282
    },
    "20": {
        "X": 0.3432186543941498,
        "Y": 1.1942130327224731,
        "Z": -0.7862244248390198
    },
    "21": {
        "X": 0.5848639011383057,
        "Y": 1.192483901977539,
        "Z": -0.564183235168457
    },
    "22": {
        "X": 0.3532581031322479,
        "Y": 1.1551306247711182,
        "Z": -0.6654813289642334
    },
    "23": {
        "X": 0.5812374949455261,
        "Y": 1.1262004375457764,
        "Z": -0.02123577892780304
    },
    "24": {
        "X": 0.3766631484031677,
        "Y": 1.123378872871399,
        "Z": 0.023222612217068672
    },
    "25": {
        "X": 0.5559341907501221,
        "Y": 1.5971770286560059,
        "Z": 0.038024719804525375
    },
    "26": {
        "X": 0.3545568585395813,
        "Y": 1.5923396348953247,
        "Z": 0.057539861649274826
    },
    "27": {
        "X": 0.5371127724647522,
        "Y": 2.0212149620056152,
        "Z": 0.5332404375076294
    },
    "28": {
        "X": 0.3497636914253235,
        "Y": 2.0204215049743652,
        "Z": 0.39949071407318115
    },
    "29": {
        "X": 0.5401705503463745,
        "Y": 2.0818090438842773,
        "Z": 0.5607089996337891
    },
    "30": {
        "X": 0.3496971130371094,
        "Y": 2.083507776260376,
        "Z": 0.41892772912979126
    },
    "31": {
        "X": 0.5005138516426086,
        "Y": 2.165130853652954,
        "Z": 0.16674356162548065
    },
    "32": {
        "X": 0.36350491642951965,
        "Y": 2.157224416732788,
        "Z": -0.02466524951159954
    }
}