{
    "0": {
        "X": 0.4548932909965515,
        "Y": 0.26573556661605835,
        "Z": -0.8537940979003906
    },
    "1": {
        "X": 0.4851432740688324,
        "Y": 0.22303733229637146,
        "Z": -0.8290561437606812
    },
    "2": {
        "X": 0.503466010093689,
        "Y": 0.225139781832695,
        "Z": -0.8289300799369812
    },
    "3": {
        "X": 0.5179870128631592,
        "Y": 0.22731052339076996,
        "Z": -0.8288875818252563
    },
    "4": {
        "X": 0.4410191476345062,
        "Y": 0.22033025324344635,
        "Z": -0.8268157243728638
    },
    "5": {
        "X": 0.4298880994319916,
        "Y": 0.220393568277359,
        "Z": -0.8267439603805542
    },
    "6": {
        "X": 0.42097893357276917,
        "Y": 0.22045928239822388,
        "Z": -0.8271144032478333
    },
    "7": {
        "X": 0.5479350686073303,
        "Y": 0.25256863236427307,
        "Z": -0.5851845145225525
    },
    "8": {
        "X": 0.4211891293525696,
        "Y": 0.24297179281711578,
        "Z": -0.5634995102882385
    },
    "9": {
        "X": 0.48947638273239136,
        "Y": 0.3181900978088379,
        "Z": -0.7576899528503418
    },
    "10": {
        "X": 0.43570104241371155,
        "Y": 0.31752926111221313,
        "Z": -0.7511183023452759
    },
    "11": {
        "X": 0.6573214530944824,
        "Y": 0.5330206155776978,
        "Z": -0.4073745310306549
    },
    "12": {
        "X": 0.3158815801143646,
        "Y": 0.5230794548988342,
        "Z": -0.441744327545166
    },
    "13": {
        "X": 0.6649454236030579,
        "Y": 0.8870360255241394,
        "Z": -0.3024735450744629
    },
    "14": {
        "X": 0.28797489404678345,
        "Y": 0.8739290833473206,
        "Z": -0.32872506976127625
    },
    "15": {
        "X": 0.644667387008667,
        "Y": 1.17751944065094,
        "Z": -0.46486687660217285
    },
    "16": {
        "X": 0.32462793588638306,
        "Y": 1.1246562004089355,
        "Z": -0.5131797790527344
    },
    "17": {
        "X": 0.6523755788803101,
        "Y": 1.2608646154403687,
        "Z": -0.5232536792755127
    },
    "18": {
        "X": 0.3168095350265503,
        "Y": 1.219124674797058,
        "Z": -0.5763349533081055
    },
    "19": {
        "X": 0.6242316365242004,
        "Y": 1.257015585899353,
        "Z": -0.5797383785247803
    },
    "20": {
        "X": 0.34239622950553894,
        "Y": 1.2086814641952515,
        "Z": -0.6383039355278015
    },
    "21": {
        "X": 0.6131454706192017,
        "Y": 1.2164971828460693,
        "Z": -0.491689532995224
    },
    "22": {
        "X": 0.35398808121681213,
        "Y": 1.1711692810058594,
        "Z": -0.5426838994026184
    },
    "23": {
        "X": 0.5871565937995911,
        "Y": 1.1193498373031616,
        "Z": -0.022070011124014854
    },
    "24": {
        "X": 0.3784990906715393,
        "Y": 1.109115481376648,
        "Z": 0.024011092260479927
    },
    "25": {
        "X": 0.5606793165206909,
        "Y": 1.5906046628952026,
        "Z": 0.027682607993483543
    },
    "26": {
        "X": 0.36158859729766846,
        "Y": 1.5850812196731567,
        "Z": 0.04782217741012573
    },
    "27": {
        "X": 0.5418227910995483,
        "Y": 2.0096492767333984,
        "Z": 0.4863640367984772
    },
    "28": {
        "X": 0.3614514470100403,
        "Y": 2.0014963150024414,
        "Z": 0.36361443996429443
    },
    "29": {
        "X": 0.5455771088600159,
        "Y": 2.068685293197632,
        "Z": 0.5121634602546692
    },
    "30": {
        "X": 0.3625311851501465,
        "Y": 2.060631275177002,
        "Z": 0.3842885494232178
    },
    "31": {
        "X": 0.5035338401794434,
        "Y": 2.153353452682495,
        "Z": 0.1474185585975647
    },
    "32": {
        "X": 0.37368959188461304,
        "Y": 2.142716884613037,
        "Z": -0.027709808200597763
    }
}