{
    "0": {
        "X": 0.4043821394443512,
        "Y": 0.26468926668167114,
        "Z": -0.7133896946907043
    },
    "1": {
        "X": 0.4300437867641449,
        "Y": 0.22189348936080933,
        "Z": -0.7276452779769897
    },
    "2": {
        "X": 0.4437335431575775,
        "Y": 0.2229897826910019,
        "Z": -0.7273308038711548
    },
    "3": {
        "X": 0.4606420397758484,
        "Y": 0.22444458305835724,
        "Z": -0.7274017333984375
    },
    "4": {
        "X": 0.4067397117614746,
        "Y": 0.22068756818771362,
        "Z": -0.6976102590560913
    },
    "5": {
        "X": 0.40190616250038147,
        "Y": 0.22063857316970825,
        "Z": -0.6975432634353638
    },
    "6": {
        "X": 0.39739567041397095,
        "Y": 0.22081686556339264,
        "Z": -0.6978784203529358
    },
    "7": {
        "X": 0.5168662667274475,
        "Y": 0.25328123569488525,
        "Z": -0.636567234992981
    },
    "8": {
        "X": 0.42197394371032715,
        "Y": 0.24510522186756134,
        "Z": -0.47752436995506287
    },
    "9": {
        "X": 0.4311036169528961,
        "Y": 0.3154321312904358,
        "Z": -0.665039598941803
    },
    "10": {
        "X": 0.4006659984588623,
        "Y": 0.3154045343399048,
        "Z": -0.6213465929031372
    },
    "11": {
        "X": 0.6578878164291382,
        "Y": 0.5347135066986084,
        "Z": -0.45793062448501587
    },
    "12": {
        "X": 0.3182419240474701,
        "Y": 0.5182150602340698,
        "Z": -0.39552751183509827
    },
    "13": {
        "X": 0.6627382040023804,
        "Y": 0.8969159722328186,
        "Z": -0.33327698707580566
    },
    "14": {
        "X": 0.2866164445877075,
        "Y": 0.8720453977584839,
        "Z": -0.22678592801094055
    },
    "15": {
        "X": 0.6459037065505981,
        "Y": 1.1939624547958374,
        "Z": -0.368670254945755
    },
    "16": {
        "X": 0.32204630970954895,
        "Y": 1.1306535005569458,
        "Z": -0.3541453778743744
    },
    "17": {
        "X": 0.6555013656616211,
        "Y": 1.271822214126587,
        "Z": -0.4066910147666931
    },
    "18": {
        "X": 0.31325891613960266,
        "Y": 1.2223695516586304,
        "Z": -0.3956300616264343
    },
    "19": {
        "X": 0.6323686242103577,
        "Y": 1.2773693799972534,
        "Z": -0.4607437252998352
    },
    "20": {
        "X": 0.3390316367149353,
        "Y": 1.219380259513855,
        "Z": -0.4504445493221283
    },
    "21": {
        "X": 0.6193684339523315,
        "Y": 1.2369778156280518,
        "Z": -0.3931899070739746
    },
    "22": {
        "X": 0.3502560555934906,
        "Y": 1.1817519664764404,
        "Z": -0.3808949589729309
    },
    "23": {
        "X": 0.5820122957229614,
        "Y": 1.09588623046875,
        "Z": -0.029612695798277855
    },
    "24": {
        "X": 0.3734826147556305,
        "Y": 1.1099947690963745,
        "Z": 0.031672507524490356
    },
    "25": {
        "X": 0.5521717071533203,
        "Y": 1.6122829914093018,
        "Z": 0.01006864383816719
    },
    "26": {
        "X": 0.3623228967189789,
        "Y": 1.5919246673583984,
        "Z": 0.039518315345048904
    },
    "27": {
        "X": 0.5409627556800842,
        "Y": 2.0351545810699463,
        "Z": 0.45829010009765625
    },
    "28": {
        "X": 0.3645617961883545,
        "Y": 2.0173933506011963,
        "Z": 0.3277814984321594
    },
    "29": {
        "X": 0.547258734703064,
        "Y": 2.097668170928955,
        "Z": 0.4835481643676758
    },
    "30": {
        "X": 0.3657762110233307,
        "Y": 2.078680992126465,
        "Z": 0.3461083769798279
    },
    "31": {
        "X": 0.49969321489334106,
        "Y": 2.1736385822296143,
        "Z": 0.11971291154623032
    },
    "32": {
        "X": 0.3729925751686096,
        "Y": 2.1610679626464844,
        "Z": -0.06465627253055573
    }
}