{
    "0": {
        "X": 0.4903189539909363,
        "Y": 0.26833030581474304,
        "Z": -0.8087763786315918
    },
    "1": {
        "X": 0.5124441981315613,
        "Y": 0.2255687266588211,
        "Z": -0.7699321508407593
    },
    "2": {
        "X": 0.5241317749023438,
        "Y": 0.2272985875606537,
        "Z": -0.769873857498169
    },
    "3": {
        "X": 0.5364981889724731,
        "Y": 0.2287580370903015,
        "Z": -0.7697662115097046
    },
    "4": {
        "X": 0.47058409452438354,
        "Y": 0.22287817299365997,
        "Z": -0.7816752791404724
    },
    "5": {
        "X": 0.4563756585121155,
        "Y": 0.22336244583129883,
        "Z": -0.7816320657730103
    },
    "6": {
        "X": 0.4424309730529785,
        "Y": 0.22375893592834473,
        "Z": -0.7819491028785706
    },
    "7": {
        "X": 0.5546150803565979,
        "Y": 0.2530398964881897,
        "Z": -0.4846569895744324
    },
    "8": {
        "X": 0.4219478666782379,
        "Y": 0.24684493243694305,
        "Z": -0.5315620303153992
    },
    "9": {
        "X": 0.5150824189186096,
        "Y": 0.3190767168998718,
        "Z": -0.7002847790718079
    },
    "10": {
        "X": 0.4625375270843506,
        "Y": 0.31892481446266174,
        "Z": -0.7129889726638794
    },
    "11": {
        "X": 0.6556746363639832,
        "Y": 0.5329099893569946,
        "Z": -0.2952137589454651
    },
    "12": {
        "X": 0.3173978924751282,
        "Y": 0.5252443552017212,
        "Z": -0.4066222608089447
    },
    "13": {
        "X": 0.6642662286758423,
        "Y": 0.8760222792625427,
        "Z": -0.20667710900306702
    },
    "14": {
        "X": 0.2886008322238922,
        "Y": 0.8742189407348633,
        "Z": -0.3028659224510193
    },
    "15": {
        "X": 0.6430429220199585,
        "Y": 1.118340253829956,
        "Z": -0.4969345033168793
    },
    "16": {
        "X": 0.3354150652885437,
        "Y": 1.1093885898590088,
        "Z": -0.5615007877349854
    },
    "17": {
        "X": 0.6544004678726196,
        "Y": 1.2200638055801392,
        "Z": -0.581250786781311
    },
    "18": {
        "X": 0.3202177882194519,
        "Y": 1.208931803703308,
        "Z": -0.6402004957199097
    },
    "19": {
        "X": 0.6252648830413818,
        "Y": 1.1962838172912598,
        "Z": -0.653197169303894
    },
    "20": {
        "X": 0.3480237126350403,
        "Y": 1.1927114725112915,
        "Z": -0.7100241780281067
    },
    "21": {
        "X": 0.614507257938385,
        "Y": 1.1587731838226318,
        "Z": -0.5366998910903931
    },
    "22": {
        "X": 0.3556775152683258,
        "Y": 1.1521228551864624,
        "Z": -0.5960335731506348
    },
    "23": {
        "X": 0.5809261798858643,
        "Y": 1.0677939653396606,
        "Z": -0.0006164090009406209
    },
    "24": {
        "X": 0.3908006250858307,
        "Y": 1.0796259641647339,
        "Z": 0.0029540525283664465
    },
    "25": {
        "X": 0.573448121547699,
        "Y": 1.578459620475769,
        "Z": 0.05208897590637207
    },
    "26": {
        "X": 0.3724817931652069,
        "Y": 1.5804692506790161,
        "Z": 0.009835968725383282
    },
    "27": {
        "X": 0.5623539090156555,
        "Y": 1.9954795837402344,
        "Z": 0.4897298812866211
    },
    "28": {
        "X": 0.377896249294281,
        "Y": 1.9910037517547607,
        "Z": 0.30083683133125305
    },
    "29": {
        "X": 0.5651292204856873,
        "Y": 2.056764602661133,
        "Z": 0.5134337544441223
    },
    "30": {
        "X": 0.3775429129600525,
        "Y": 2.0508294105529785,
        "Z": 0.3173117935657501
    },
    "31": {
        "X": 0.5325947403907776,
        "Y": 2.1343190670013428,
        "Z": 0.15322771668434143
    },
    "32": {
        "X": 0.4003201127052307,
        "Y": 2.1245455741882324,
        "Z": -0.10475101321935654
    }
}