{
    "0": {
        "X": 0.38503387570381165,
        "Y": 0.26946407556533813,
        "Z": -0.8196700811386108
    },
    "1": {
        "X": 0.41327062249183655,
        "Y": 0.22590991854667664,
        "Z": -0.8396378755569458
    },
    "2": {
        "X": 0.42491230368614197,
        "Y": 0.2262728363275528,
        "Z": -0.8393813967704773
    },
    "3": {
        "X": 0.43833035230636597,
        "Y": 0.22675512731075287,
        "Z": -0.8394553065299988
    },
    "4": {
        "X": 0.393592894077301,
        "Y": 0.22356683015823364,
        "Z": -0.8071810007095337
    },
    "5": {
        "X": 0.38993653655052185,
        "Y": 0.22349143028259277,
        "Z": -0.8072341680526733
    },
    "6": {
        "X": 0.38651710748672485,
        "Y": 0.22398130595684052,
        "Z": -0.8077213168144226
    },
    "7": {
        "X": 0.49868279695510864,
        "Y": 0.2558020055294037,
        "Z": -0.744850754737854
    },
    "8": {
        "X": 0.41990479826927185,
        "Y": 0.24949219822883606,
        "Z": -0.5791148543357849
    },
    "9": {
        "X": 0.4109798073768616,
        "Y": 0.31595975160598755,
        "Z": -0.7680838108062744
    },
    "10": {
        "X": 0.38423046469688416,
        "Y": 0.31781670451164246,
        "Z": -0.72137850522995
    },
    "11": {
        "X": 0.6563569903373718,
        "Y": 0.5398613214492798,
        "Z": -0.5448237657546997
    },
    "12": {
        "X": 0.3169400990009308,
        "Y": 0.5199357867240906,
        "Z": -0.4743909239768982
    },
    "13": {
        "X": 0.6615363359451294,
        "Y": 0.8966795206069946,
        "Z": -0.3921819031238556
    },
    "14": {
        "X": 0.28745800256729126,
        "Y": 0.8707538843154907,
        "Z": -0.302203893661499
    },
    "15": {
        "X": 0.6304248571395874,
        "Y": 1.1775109767913818,
        "Z": -0.4518875479698181
    },
    "16": {
        "X": 0.3345411717891693,
        "Y": 1.1253740787506104,
        "Z": -0.44044098258018494
    },
    "17": {
        "X": 0.6344192028045654,
        "Y": 1.2590548992156982,
        "Z": -0.49157100915908813
    },
    "18": {
        "X": 0.3324860632419586,
        "Y": 1.2213642597198486,
        "Z": -0.48731932044029236
    },
    "19": {
        "X": 0.61006760597229,
        "Y": 1.2565855979919434,
        "Z": -0.5470584630966187
    },
    "20": {
        "X": 0.3520047068595886,
        "Y": 1.2116189002990723,
        "Z": -0.5417629480361938
    },
    "21": {
        "X": 0.6011590361595154,
        "Y": 1.2137433290481567,
        "Z": -0.4756678640842438
    },
    "22": {
        "X": 0.360710084438324,
        "Y": 1.171777367591858,
        "Z": -0.4662307798862457
    },
    "23": {
        "X": 0.5828127264976501,
        "Y": 1.130628228187561,
        "Z": -0.03570515662431717
    },
    "24": {
        "X": 0.37490206956863403,
        "Y": 1.0989271402359009,
        "Z": 0.0375540629029274
    },
    "25": {
        "X": 0.5457890629768372,
        "Y": 1.6033540964126587,
        "Z": 0.029940718784928322
    },
    "26": {
        "X": 0.35216230154037476,
        "Y": 1.5860583782196045,
        "Z": 0.08333825320005417
    },
    "27": {
        "X": 0.5302449464797974,
        "Y": 2.0236001014709473,
        "Z": 0.505413293838501
    },
    "28": {
        "X": 0.3504856526851654,
        "Y": 2.0114707946777344,
        "Z": 0.3953583240509033
    },
    "29": {
        "X": 0.5364511013031006,
        "Y": 2.08558988571167,
        "Z": 0.5328515768051147
    },
    "30": {
        "X": 0.35326725244522095,
        "Y": 2.0728883743286133,
        "Z": 0.417255699634552
    },
    "31": {
        "X": 0.4844662547111511,
        "Y": 2.1644890308380127,
        "Z": 0.17032046616077423
    },
    "32": {
        "X": 0.3518977761268616,
        "Y": 2.15712571144104,
        "Z": 0.02907269261777401
    }
}