{
    "0": {
        "X": 0.476992666721344,
        "Y": 0.2731567621231079,
        "Z": -0.963478684425354
    },
    "1": {
        "X": 0.5021016001701355,
        "Y": 0.22814331948757172,
        "Z": -0.9273480176925659
    },
    "2": {
        "X": 0.5151534080505371,
        "Y": 0.23000116646289825,
        "Z": -0.9273144006729126
    },
    "3": {
        "X": 0.5254241228103638,
        "Y": 0.23279504477977753,
        "Z": -0.9272990226745605
    },
    "4": {
        "X": 0.4583398699760437,
        "Y": 0.22541078925132751,
        "Z": -0.9336141347885132
    },
    "5": {
        "X": 0.4437626898288727,
        "Y": 0.22480177879333496,
        "Z": -0.9336873888969421
    },
    "6": {
        "X": 0.4302840232849121,
        "Y": 0.22528474032878876,
        "Z": -0.934105396270752
    },
    "7": {
        "X": 0.5424762964248657,
        "Y": 0.258696585893631,
        "Z": -0.5876936912536621
    },
    "8": {
        "X": 0.41405215859413147,
        "Y": 0.24889913201332092,
        "Z": -0.6442449688911438
    },
    "9": {
        "X": 0.5028862357139587,
        "Y": 0.32253792881965637,
        "Z": -0.844835638999939
    },
    "10": {
        "X": 0.44731783866882324,
        "Y": 0.32155975699424744,
        "Z": -0.8505991697311401
    },
    "11": {
        "X": 0.649897575378418,
        "Y": 0.5439477562904358,
        "Z": -0.3395789861679077
    },
    "12": {
        "X": 0.3108731508255005,
        "Y": 0.5208460688591003,
        "Z": -0.4746212363243103
    },
    "13": {
        "X": 0.6569807529449463,
        "Y": 0.885701060295105,
        "Z": -0.22665496170520782
    },
    "14": {
        "X": 0.284807026386261,
        "Y": 0.8682182431221008,
        "Z": -0.35813814401626587
    },
    "15": {
        "X": 0.6211841106414795,
        "Y": 1.1288594007492065,
        "Z": -0.5418351888656616
    },
    "16": {
        "X": 0.3262180984020233,
        "Y": 1.1136313676834106,
        "Z": -0.66142737865448
    },
    "17": {
        "X": 0.631506085395813,
        "Y": 1.237036943435669,
        "Z": -0.6223932504653931
    },
    "18": {
        "X": 0.3161385655403137,
        "Y": 1.2077007293701172,
        "Z": -0.7553026676177979
    },
    "19": {
        "X": 0.599072277545929,
        "Y": 1.2007941007614136,
        "Z": -0.7024006843566895
    },
    "20": {
        "X": 0.33724913001060486,
        "Y": 1.1972239017486572,
        "Z": -0.8282539248466492
    },
    "21": {
        "X": 0.5907038450241089,
        "Y": 1.1621631383895874,
        "Z": -0.5831263661384583
    },
    "22": {
        "X": 0.3474237322807312,
        "Y": 1.1586016416549683,
        "Z": -0.6966552138328552
    },
    "23": {
        "X": 0.5705415606498718,
        "Y": 1.1132142543792725,
        "Z": -0.005476341117173433
    },
    "24": {
        "X": 0.37431803345680237,
        "Y": 1.0839691162109375,
        "Z": 0.007533981464803219
    },
    "25": {
        "X": 0.5479573011398315,
        "Y": 1.6027063131332397,
        "Z": 0.055295180529356
    },
    "26": {
        "X": 0.3520679473876953,
        "Y": 1.5946072340011597,
        "Z": 0.010371863842010498
    },
    "27": {
        "X": 0.5318214893341064,
        "Y": 2.031020402908325,
        "Z": 0.5313102006912231
    },
    "28": {
        "X": 0.3459379971027374,
        "Y": 2.0271241664886475,
        "Z": 0.3307436406612396
    },
    "29": {
        "X": 0.5345171093940735,
        "Y": 2.093090772628784,
        "Z": 0.555556058883667
    },
    "30": {
        "X": 0.34469813108444214,
        "Y": 2.089409828186035,
        "Z": 0.34676676988601685
    },
    "31": {
        "X": 0.5017146468162537,
        "Y": 2.1697044372558594,
        "Z": 0.15238751471042633
    },
    "32": {
        "X": 0.3624459505081177,
        "Y": 2.163102626800537,
        "Z": -0.11592550575733185
    }
}