{
    "0": {
        "X": 0.4926791191101074,
        "Y": 0.27283671498298645,
        "Z": -0.9772118330001831
    },
    "1": {
        "X": 0.5160232782363892,
        "Y": 0.22802822291851044,
        "Z": -0.9365984797477722
    },
    "2": {
        "X": 0.5272310972213745,
        "Y": 0.23049421608448029,
        "Z": -0.9365612268447876
    },
    "3": {
        "X": 0.5395029783248901,
        "Y": 0.23355381190776825,
        "Z": -0.9364588856697083
    },
    "4": {
        "X": 0.4744465947151184,
        "Y": 0.22293594479560852,
        "Z": -0.9504407644271851
    },
    "5": {
        "X": 0.4603329598903656,
        "Y": 0.22250805795192719,
        "Z": -0.9503939747810364
    },
    "6": {
        "X": 0.44686445593833923,
        "Y": 0.22226491570472717,
        "Z": -0.9507886171340942
    },
    "7": {
        "X": 0.556756854057312,
        "Y": 0.2588566243648529,
        "Z": -0.6171098947525024
    },
    "8": {
        "X": 0.42585450410842896,
        "Y": 0.24581405520439148,
        "Z": -0.6763280630111694
    },
    "9": {
        "X": 0.5168922543525696,
        "Y": 0.3254994750022888,
        "Z": -0.8552843332290649
    },
    "10": {
        "X": 0.4641154408454895,
        "Y": 0.32258620858192444,
        "Z": -0.8709176778793335
    },
    "11": {
        "X": 0.6559826135635376,
        "Y": 0.5370718240737915,
        "Z": -0.39364227652549744
    },
    "12": {
        "X": 0.31377974152565,
        "Y": 0.5246855020523071,
        "Z": -0.5085827708244324
    },
    "13": {
        "X": 0.66239994764328,
        "Y": 0.8845853805541992,
        "Z": -0.2703176438808441
    },
    "14": {
        "X": 0.2868518829345703,
        "Y": 0.8721641302108765,
        "Z": -0.3820452094078064
    },
    "15": {
        "X": 0.6281849145889282,
        "Y": 1.1276624202728271,
        "Z": -0.5540810823440552
    },
    "16": {
        "X": 0.3297099471092224,
        "Y": 1.1154122352600098,
        "Z": -0.6430777311325073
    },
    "17": {
        "X": 0.6358131766319275,
        "Y": 1.2267943620681763,
        "Z": -0.6388527154922485
    },
    "18": {
        "X": 0.32563307881355286,
        "Y": 1.2100898027420044,
        "Z": -0.7261332273483276
    },
    "19": {
        "X": 0.6041620373725891,
        "Y": 1.2002207040786743,
        "Z": -0.7093654870986938
    },
    "20": {
        "X": 0.3495073914527893,
        "Y": 1.194396734237671,
        "Z": -0.8036907911300659
    },
    "21": {
        "X": 0.5963183641433716,
        "Y": 1.1603611707687378,
        "Z": -0.5919733643531799
    },
    "22": {
        "X": 0.35572442412376404,
        "Y": 1.1546956300735474,
        "Z": -0.6794354319572449
    },
    "23": {
        "X": 0.57851243019104,
        "Y": 1.0708338022232056,
        "Z": -0.003291844157502055
    },
    "24": {
        "X": 0.3859814405441284,
        "Y": 1.1112381219863892,
        "Z": 0.005309106782078743
    },
    "25": {
        "X": 0.5627994537353516,
        "Y": 1.5820029973983765,
        "Z": 0.08250653743743896
    },
    "26": {
        "X": 0.3598790466785431,
        "Y": 1.5829542875289917,
        "Z": 0.03808990865945816
    },
    "27": {
        "X": 0.54324871301651,
        "Y": 2.0012924671173096,
        "Z": 0.5868456363677979
    },
    "28": {
        "X": 0.3574846386909485,
        "Y": 2.0000011920928955,
        "Z": 0.409634530544281
    },
    "29": {
        "X": 0.5439746975898743,
        "Y": 2.0622174739837646,
        "Z": 0.6150981187820435
    },
    "30": {
        "X": 0.35754066705703735,
        "Y": 2.060863733291626,
        "Z": 0.430563747882843
    },
    "31": {
        "X": 0.5136672854423523,
        "Y": 2.1418511867523193,
        "Z": 0.21992719173431396
    },
    "32": {
        "X": 0.37448355555534363,
        "Y": 2.134326934814453,
        "Z": -0.03549093380570412
    }
}