{
    "0": {
        "X": 0.3868895471096039,
        "Y": 0.2666351795196533,
        "Z": -0.7663220167160034
    },
    "1": {
        "X": 0.4132273197174072,
        "Y": 0.22306111454963684,
        "Z": -0.7830289602279663
    },
    "2": {
        "X": 0.42457276582717896,
        "Y": 0.22333768010139465,
        "Z": -0.7828652262687683
    },
    "3": {
        "X": 0.4379065930843353,
        "Y": 0.22457118332386017,
        "Z": -0.7828284502029419
    },
    "4": {
        "X": 0.3940609395503998,
        "Y": 0.22397185862064362,
        "Z": -0.7466907501220703
    },
    "5": {
        "X": 0.390489786863327,
        "Y": 0.2240920066833496,
        "Z": -0.7467454671859741
    },
    "6": {
        "X": 0.3870115876197815,
        "Y": 0.22470587491989136,
        "Z": -0.7472603917121887
    },
    "7": {
        "X": 0.5021819472312927,
        "Y": 0.25417351722717285,
        "Z": -0.6987507343292236
    },
    "8": {
        "X": 0.41304001212120056,
        "Y": 0.24951431155204773,
        "Z": -0.5043472647666931
    },
    "9": {
        "X": 0.4125095009803772,
        "Y": 0.31523096561431885,
        "Z": -0.7174071073532104
    },
    "10": {
        "X": 0.3866438865661621,
        "Y": 0.3160150945186615,
        "Z": -0.6655774712562561
    },
    "11": {
        "X": 0.6542097330093384,
        "Y": 0.5403631925582886,
        "Z": -0.5002014636993408
    },
    "12": {
        "X": 0.3145746886730194,
        "Y": 0.5239152908325195,
        "Z": -0.40922459959983826
    },
    "13": {
        "X": 0.6621867418289185,
        "Y": 0.8886600732803345,
        "Z": -0.3673078417778015
    },
    "14": {
        "X": 0.28637415170669556,
        "Y": 0.870159924030304,
        "Z": -0.24390235543251038
    },
    "15": {
        "X": 0.6236774921417236,
        "Y": 1.1696968078613281,
        "Z": -0.43835610151290894
    },
    "16": {
        "X": 0.3355523943901062,
        "Y": 1.118160367012024,
        "Z": -0.4089021682739258
    },
    "17": {
        "X": 0.63148033618927,
        "Y": 1.2594019174575806,
        "Z": -0.4807355999946594
    },
    "18": {
        "X": 0.33517390489578247,
        "Y": 1.2133110761642456,
        "Z": -0.4620497226715088
    },
    "19": {
        "X": 0.5991402864456177,
        "Y": 1.2531591653823853,
        "Z": -0.5342916250228882
    },
    "20": {
        "X": 0.3547077775001526,
        "Y": 1.2057253122329712,
        "Z": -0.5166184306144714
    },
    "21": {
        "X": 0.5923980474472046,
        "Y": 1.2086740732192993,
        "Z": -0.46145790815353394
    },
    "22": {
        "X": 0.3623717129230499,
        "Y": 1.1657530069351196,
        "Z": -0.43614497780799866
    },
    "23": {
        "X": 0.5838598012924194,
        "Y": 1.1404575109481812,
        "Z": -0.040433429181575775
    },
    "24": {
        "X": 0.3700135350227356,
        "Y": 1.12593412399292,
        "Z": 0.0423455610871315
    },
    "25": {
        "X": 0.5505995154380798,
        "Y": 1.6138004064559937,
        "Z": 0.013822111301124096
    },
    "26": {
        "X": 0.35399001836776733,
        "Y": 1.599065899848938,
        "Z": 0.08318790048360825
    },
    "27": {
        "X": 0.5398873090744019,
        "Y": 2.037764310836792,
        "Z": 0.498370885848999
    },
    "28": {
        "X": 0.3560468554496765,
        "Y": 2.0307254791259766,
        "Z": 0.4087582230567932
    },
    "29": {
        "X": 0.5465335845947266,
        "Y": 2.10125994682312,
        "Z": 0.5244463086128235
    },
    "30": {
        "X": 0.35941290855407715,
        "Y": 2.0941362380981445,
        "Z": 0.43075495958328247
    },
    "31": {
        "X": 0.49594053626060486,
        "Y": 2.1793243885040283,
        "Z": 0.1497684121131897
    },
    "32": {
        "X": 0.362376868724823,
        "Y": 2.1746296882629395,
        "Z": 0.023464027792215347
    }
}