{
    "0": {
        "X": 0.4707724153995514,
        "Y": 0.2684745788574219,
        "Z": -1.0814731121063232
    },
    "1": {
        "X": 0.4931987226009369,
        "Y": 0.22692421078681946,
        "Z": -1.0373408794403076
    },
    "2": {
        "X": 0.506191074848175,
        "Y": 0.22913673520088196,
        "Z": -1.0374003648757935
    },
    "3": {
        "X": 0.5163479447364807,
        "Y": 0.23148125410079956,
        "Z": -1.0373730659484863
    },
    "4": {
        "X": 0.45187386870384216,
        "Y": 0.22446303069591522,
        "Z": -1.0500738620758057
    },
    "5": {
        "X": 0.43800944089889526,
        "Y": 0.22487019002437592,
        "Z": -1.0502917766571045
    },
    "6": {
        "X": 0.4248336851596832,
        "Y": 0.2261597365140915,
        "Z": -1.0508320331573486
    },
    "7": {
        "X": 0.534899115562439,
        "Y": 0.25764262676239014,
        "Z": -0.6883682608604431
    },
    "8": {
        "X": 0.41167598962783813,
        "Y": 0.252732515335083,
        "Z": -0.7414321899414062
    },
    "9": {
        "X": 0.4984229505062103,
        "Y": 0.3212782144546509,
        "Z": -0.9466232061386108
    },
    "10": {
        "X": 0.44365057349205017,
        "Y": 0.32029762864112854,
        "Z": -0.9613097906112671
    },
    "11": {
        "X": 0.6479707956314087,
        "Y": 0.5441361665725708,
        "Z": -0.4163089692592621
    },
    "12": {
        "X": 0.30598148703575134,
        "Y": 0.5296326875686646,
        "Z": -0.5436645746231079
    },
    "13": {
        "X": 0.656576931476593,
        "Y": 0.8872735500335693,
        "Z": -0.29104816913604736
    },
    "14": {
        "X": 0.2829032838344574,
        "Y": 0.8740921020507812,
        "Z": -0.43847331404685974
    },
    "15": {
        "X": 0.6257323026657104,
        "Y": 1.1375118494033813,
        "Z": -0.6063250303268433
    },
    "16": {
        "X": 0.3190928101539612,
        "Y": 1.1094098091125488,
        "Z": -0.749483585357666
    },
    "17": {
        "X": 0.6377643942832947,
        "Y": 1.2387869358062744,
        "Z": -0.6915209293365479
    },
    "18": {
        "X": 0.3167327046394348,
        "Y": 1.202796459197998,
        "Z": -0.8485742807388306
    },
    "19": {
        "X": 0.6081191897392273,
        "Y": 1.2106057405471802,
        "Z": -0.7798780798912048
    },
    "20": {
        "X": 0.33547067642211914,
        "Y": 1.1850879192352295,
        "Z": -0.925763726234436
    },
    "21": {
        "X": 0.5992661714553833,
        "Y": 1.1704744100570679,
        "Z": -0.6513209342956543
    },
    "22": {
        "X": 0.3446899652481079,
        "Y": 1.1468099355697632,
        "Z": -0.7865176796913147
    },
    "23": {
        "X": 0.5779946446418762,
        "Y": 1.0825841426849365,
        "Z": -0.005908466875553131
    },
    "24": {
        "X": 0.37120920419692993,
        "Y": 1.1326854228973389,
        "Z": 0.007657947484403849
    },
    "25": {
        "X": 0.5601505041122437,
        "Y": 1.5976043939590454,
        "Z": 0.0909532681107521
    },
    "26": {
        "X": 0.3586035668849945,
        "Y": 1.59544038772583,
        "Z": 0.03218982368707657
    },
    "27": {
        "X": 0.548771321773529,
        "Y": 2.0184998512268066,
        "Z": 0.5977460741996765
    },
    "28": {
        "X": 0.3594878315925598,
        "Y": 2.021812915802002,
        "Z": 0.3982427716255188
    },
    "29": {
        "X": 0.5499094128608704,
        "Y": 2.0788397789001465,
        "Z": 0.6240119934082031
    },
    "30": {
        "X": 0.35941213369369507,
        "Y": 2.0844786167144775,
        "Z": 0.4186421036720276
    },
    "31": {
        "X": 0.5197212100028992,
        "Y": 2.1604795455932617,
        "Z": 0.20455768704414368
    },
    "32": {
        "X": 0.3783038258552551,
        "Y": 2.1555798053741455,
        "Z": -0.0526321642100811
    }
}