{
    "0": {
        "X": 0.4421336054801941,
        "Y": 0.2658470571041107,
        "Z": -1.048279881477356
    },
    "1": {
        "X": 0.4703250527381897,
        "Y": 0.2199173867702484,
        "Z": -1.015599250793457
    },
    "2": {
        "X": 0.4873608648777008,
        "Y": 0.22169283032417297,
        "Z": -1.015521764755249
    },
    "3": {
        "X": 0.5045815110206604,
        "Y": 0.22420379519462585,
        "Z": -1.015486240386963
    },
    "4": {
        "X": 0.4304366111755371,
        "Y": 0.2184535413980484,
        "Z": -1.0165740251541138
    },
    "5": {
        "X": 0.4209580421447754,
        "Y": 0.21864540874958038,
        "Z": -1.0167274475097656
    },
    "6": {
        "X": 0.41235414147377014,
        "Y": 0.21876472234725952,
        "Z": -1.0172159671783447
    },
    "7": {
        "X": 0.5346974730491638,
        "Y": 0.25179386138916016,
        "Z": -0.7147438526153564
    },
    "8": {
        "X": 0.41486692428588867,
        "Y": 0.24373790621757507,
        "Z": -0.7070966362953186
    },
    "9": {
        "X": 0.4773309826850891,
        "Y": 0.3162669539451599,
        "Z": -0.9296741485595703
    },
    "10": {
        "X": 0.4264819622039795,
        "Y": 0.3161717653274536,
        "Z": -0.9276325106620789
    },
    "11": {
        "X": 0.6548572778701782,
        "Y": 0.541543185710907,
        "Z": -0.47888192534446716
    },
    "12": {
        "X": 0.3123423457145691,
        "Y": 0.524007260799408,
        "Z": -0.5290980935096741
    },
    "13": {
        "X": 0.6615702509880066,
        "Y": 0.8923607468605042,
        "Z": -0.3440496027469635
    },
    "14": {
        "X": 0.28582316637039185,
        "Y": 0.8731698393821716,
        "Z": -0.3997330665588379
    },
    "15": {
        "X": 0.6198219656944275,
        "Y": 1.1580824851989746,
        "Z": -0.5789276361465454
    },
    "16": {
        "X": 0.3316595256328583,
        "Y": 1.114885687828064,
        "Z": -0.6469614505767822
    },
    "17": {
        "X": 0.6328390836715698,
        "Y": 1.2567784786224365,
        "Z": -0.6555511951446533
    },
    "18": {
        "X": 0.32918426394462585,
        "Y": 1.210059642791748,
        "Z": -0.7323199510574341
    },
    "19": {
        "X": 0.5926233530044556,
        "Y": 1.234261155128479,
        "Z": -0.7333913445472717
    },
    "20": {
        "X": 0.348868191242218,
        "Y": 1.1975010633468628,
        "Z": -0.8050020933151245
    },
    "21": {
        "X": 0.586211085319519,
        "Y": 1.1913254261016846,
        "Z": -0.6168917417526245
    },
    "22": {
        "X": 0.3580470085144043,
        "Y": 1.1580817699432373,
        "Z": -0.6809532046318054
    },
    "23": {
        "X": 0.5839269161224365,
        "Y": 1.1015597581863403,
        "Z": -0.017345288768410683
    },
    "24": {
        "X": 0.3878551423549652,
        "Y": 1.0723328590393066,
        "Z": 0.01901516318321228
    },
    "25": {
        "X": 0.55878746509552,
        "Y": 1.5956072807312012,
        "Z": 0.0953170508146286
    },
    "26": {
        "X": 0.3561805188655853,
        "Y": 1.5873793363571167,
        "Z": 0.07373490184545517
    },
    "27": {
        "X": 0.5442137718200684,
        "Y": 2.0139706134796143,
        "Z": 0.6169030070304871
    },
    "28": {
        "X": 0.35679954290390015,
        "Y": 2.0129823684692383,
        "Z": 0.44460463523864746
    },
    "29": {
        "X": 0.5479990839958191,
        "Y": 2.07357120513916,
        "Z": 0.6469125151634216
    },
    "30": {
        "X": 0.35898375511169434,
        "Y": 2.0736711025238037,
        "Z": 0.46725496649742126
    },
    "31": {
        "X": 0.5094496011734009,
        "Y": 2.1577160358428955,
        "Z": 0.2386101484298706
    },
    "32": {
        "X": 0.3713610768318176,
        "Y": 2.1539289951324463,
        "Z": 0.033491771668195724
    }
}