{
    "0": {
        "X": 0.4469510018825531,
        "Y": 0.289527952671051,
        "Z": -1.0333335399627686
    },
    "1": {
        "X": 0.4716121256351471,
        "Y": 0.23942503333091736,
        "Z": -1.0015734434127808
    },
    "2": {
        "X": 0.4868282377719879,
        "Y": 0.24056148529052734,
        "Z": -1.0015262365341187
    },
    "3": {
        "X": 0.5019572973251343,
        "Y": 0.24216052889823914,
        "Z": -1.0014879703521729
    },
    "4": {
        "X": 0.4313441216945648,
        "Y": 0.2383098006248474,
        "Z": -1.0005990266799927
    },
    "5": {
        "X": 0.4213539958000183,
        "Y": 0.2382393330335617,
        "Z": -1.0007007122039795
    },
    "6": {
        "X": 0.41187387704849243,
        "Y": 0.2385341376066208,
        "Z": -1.001101016998291
    },
    "7": {
        "X": 0.5251191854476929,
        "Y": 0.26365920901298523,
        "Z": -0.6831282377243042
    },
    "8": {
        "X": 0.40608978271484375,
        "Y": 0.2604447603225708,
        "Z": -0.6855272054672241
    },
    "9": {
        "X": 0.48006415367126465,
        "Y": 0.33813968300819397,
        "Z": -0.9166004061698914
    },
    "10": {
        "X": 0.42583245038986206,
        "Y": 0.33907148241996765,
        "Z": -0.9107050895690918
    },
    "11": {
        "X": 0.6476032137870789,
        "Y": 0.5433444976806641,
        "Z": -0.42126816511154175
    },
    "12": {
        "X": 0.30398887395858765,
        "Y": 0.527136504650116,
        "Z": -0.5092565417289734
    },
    "13": {
        "X": 0.6547104120254517,
        "Y": 0.8865395188331604,
        "Z": -0.29553717374801636
    },
    "14": {
        "X": 0.28509026765823364,
        "Y": 0.8756298422813416,
        "Z": -0.37080222368240356
    },
    "15": {
        "X": 0.6223506927490234,
        "Y": 1.1446049213409424,
        "Z": -0.5637099146842957
    },
    "16": {
        "X": 0.3197779953479767,
        "Y": 1.1225416660308838,
        "Z": -0.6663304567337036
    },
    "17": {
        "X": 0.6286817789077759,
        "Y": 1.2528681755065918,
        "Z": -0.6438116431236267
    },
    "18": {
        "X": 0.3137775957584381,
        "Y": 1.2158766984939575,
        "Z": -0.7571792006492615
    },
    "19": {
        "X": 0.6011766195297241,
        "Y": 1.224380612373352,
        "Z": -0.7193410396575928
    },
    "20": {
        "X": 0.3359449505805969,
        "Y": 1.2040215730667114,
        "Z": -0.8343059420585632
    },
    "21": {
        "X": 0.592462420463562,
        "Y": 1.182669997215271,
        "Z": -0.602647602558136
    },
    "22": {
        "X": 0.3465828597545624,
        "Y": 1.1651363372802734,
        "Z": -0.7041264176368713
    },
    "23": {
        "X": 0.5784353017807007,
        "Y": 1.1120426654815674,
        "Z": -0.013586804270744324
    },
    "24": {
        "X": 0.37427201867103577,
        "Y": 1.1168590784072876,
        "Z": 0.015581376850605011
    },
    "25": {
        "X": 0.5602905750274658,
        "Y": 1.6029438972473145,
        "Z": 0.056186795234680176
    },
    "26": {
        "X": 0.36173298954963684,
        "Y": 1.6042689085006714,
        "Z": 0.03458334505558014
    },
    "27": {
        "X": 0.5478407144546509,
        "Y": 2.034576892852783,
        "Z": 0.5568539500236511
    },
    "28": {
        "X": 0.36525413393974304,
        "Y": 2.039900779724121,
        "Z": 0.37914198637008667
    },
    "29": {
        "X": 0.5513001680374146,
        "Y": 2.0978682041168213,
        "Z": 0.5822439789772034
    },
    "30": {
        "X": 0.36802372336387634,
        "Y": 2.1028378009796143,
        "Z": 0.3971790671348572
    },
    "31": {
        "X": 0.5141308903694153,
        "Y": 2.1772043704986572,
        "Z": 0.1498451679944992
    },
    "32": {
        "X": 0.38371238112449646,
        "Y": 2.1814992427825928,
        "Z": -0.07833003997802734
    }
}