{
    "0": {
        "X": 0.44581300020217896,
        "Y": 0.2524539530277252,
        "Z": -0.7091372609138489
    },
    "1": {
        "X": 0.47453564405441284,
        "Y": 0.21148338913917542,
        "Z": -0.6842369437217712
    },
    "2": {
        "X": 0.49224886298179626,
        "Y": 0.21316398680210114,
        "Z": -0.6841728091239929
    },
    "3": {
        "X": 0.5079022645950317,
        "Y": 0.21632128953933716,
        "Z": -0.6841744184494019
    },
    "4": {
        "X": 0.4333200454711914,
        "Y": 0.2113557606935501,
        "Z": -0.6794615983963013
    },
    "5": {
        "X": 0.42270341515541077,
        "Y": 0.2119656205177307,
        "Z": -0.6794124245643616
    },
    "6": {
        "X": 0.4141714572906494,
        "Y": 0.21309572458267212,
        "Z": -0.6798421144485474
    },
    "7": {
        "X": 0.539659857749939,
        "Y": 0.24862153828144073,
        "Z": -0.46158409118652344
    },
    "8": {
        "X": 0.4174272119998932,
        "Y": 0.24063438177108765,
        "Z": -0.42737430334091187
    },
    "9": {
        "X": 0.4805576205253601,
        "Y": 0.3109014928340912,
        "Z": -0.622250497341156
    },
    "10": {
        "X": 0.4282432496547699,
        "Y": 0.30923184752464294,
        "Z": -0.6118143796920776
    },
    "11": {
        "X": 0.6522737741470337,
        "Y": 0.5301024317741394,
        "Z": -0.31585028767585754
    },
    "12": {
        "X": 0.3213353753089905,
        "Y": 0.5130645036697388,
        "Z": -0.32723504304885864
    },
    "13": {
        "X": 0.6640216708183289,
        "Y": 0.875379741191864,
        "Z": -0.2359955608844757
    },
    "14": {
        "X": 0.2912678122520447,
        "Y": 0.8682230114936829,
        "Z": -0.20820489525794983
    },
    "15": {
        "X": 0.627139687538147,
        "Y": 1.1233067512512207,
        "Z": -0.45654234290122986
    },
    "16": {
        "X": 0.33944591879844666,
        "Y": 1.0941736698150635,
        "Z": -0.420868456363678
    },
    "17": {
        "X": 0.6323484778404236,
        "Y": 1.2175490856170654,
        "Z": -0.5234284996986389
    },
    "18": {
        "X": 0.332019180059433,
        "Y": 1.1901421546936035,
        "Z": -0.4901966154575348
    },
    "19": {
        "X": 0.6058381199836731,
        "Y": 1.191139578819275,
        "Z": -0.5809983611106873
    },
    "20": {
        "X": 0.3578394055366516,
        "Y": 1.1746602058410645,
        "Z": -0.5444558262825012
    },
    "21": {
        "X": 0.5975812077522278,
        "Y": 1.1521414518356323,
        "Z": -0.4862852096557617
    },
    "22": {
        "X": 0.36143195629119873,
        "Y": 1.13640558719635,
        "Z": -0.44813424348831177
    },
    "23": {
        "X": 0.5811370015144348,
        "Y": 1.0845134258270264,
        "Z": -0.016007009893655777
    },
    "24": {
        "X": 0.3715931475162506,
        "Y": 1.1047642230987549,
        "Z": 0.018006423488259315
    },
    "25": {
        "X": 0.5598465800285339,
        "Y": 1.5779742002487183,
        "Z": 0.04129444807767868
    },
    "26": {
        "X": 0.3645671308040619,
        "Y": 1.5671846866607666,
        "Z": 0.03468775004148483
    },
    "27": {
        "X": 0.5534888505935669,
        "Y": 1.9906941652297974,
        "Z": 0.5117692351341248
    },
    "28": {
        "X": 0.3748733401298523,
        "Y": 1.979453682899475,
        "Z": 0.35435521602630615
    },
    "29": {
        "X": 0.5592485666275024,
        "Y": 2.0519635677337646,
        "Z": 0.5391978025436401
    },
    "30": {
        "X": 0.3765775263309479,
        "Y": 2.037853717803955,
        "Z": 0.3751744031906128
    },
    "31": {
        "X": 0.5178835391998291,
        "Y": 2.12998628616333,
        "Z": 0.17379280924797058
    },
    "32": {
        "X": 0.3940219581127167,
        "Y": 2.120713233947754,
        "Z": -0.045019958168268204
    }
}