{
    "0": {
        "X": 0.4009036123752594,
        "Y": 0.260923832654953,
        "Z": -0.6015699505805969
    },
    "1": {
        "X": 0.42534250020980835,
        "Y": 0.21868403255939484,
        "Z": -0.6176938414573669
    },
    "2": {
        "X": 0.4374096989631653,
        "Y": 0.21851572394371033,
        "Z": -0.6174694299697876
    },
    "3": {
        "X": 0.45229727029800415,
        "Y": 0.2191302329301834,
        "Z": -0.6173890233039856
    },
    "4": {
        "X": 0.4050559103488922,
        "Y": 0.21852602064609528,
        "Z": -0.5820558071136475
    },
    "5": {
        "X": 0.4016057848930359,
        "Y": 0.2185383439064026,
        "Z": -0.5819236040115356
    },
    "6": {
        "X": 0.3982223570346832,
        "Y": 0.21875479817390442,
        "Z": -0.5824233293533325
    },
    "7": {
        "X": 0.5112427473068237,
        "Y": 0.24913229048252106,
        "Z": -0.5553165674209595
    },
    "8": {
        "X": 0.42425379157066345,
        "Y": 0.2450856864452362,
        "Z": -0.360983669757843
    },
    "9": {
        "X": 0.42677798867225647,
        "Y": 0.311503529548645,
        "Z": -0.5620576739311218
    },
    "10": {
        "X": 0.39967668056488037,
        "Y": 0.31297484040260315,
        "Z": -0.5109148025512695
    },
    "11": {
        "X": 0.6557326316833496,
        "Y": 0.5296143293380737,
        "Z": -0.38308626413345337
    },
    "12": {
        "X": 0.3232637345790863,
        "Y": 0.5108333826065063,
        "Z": -0.3037446141242981
    },
    "13": {
        "X": 0.6670785546302795,
        "Y": 0.8810967803001404,
        "Z": -0.27715593576431274
    },
    "14": {
        "X": 0.29069167375564575,
        "Y": 0.8613259792327881,
        "Z": -0.1699310839176178
    },
    "15": {
        "X": 0.643490195274353,
        "Y": 1.1491875648498535,
        "Z": -0.3340476453304291
    },
    "16": {
        "X": 0.33726513385772705,
        "Y": 1.1041208505630493,
        "Z": -0.32921266555786133
    },
    "17": {
        "X": 0.6441810727119446,
        "Y": 1.2326240539550781,
        "Z": -0.37724438309669495
    },
    "18": {
        "X": 0.328837513923645,
        "Y": 1.2060061693191528,
        "Z": -0.3748430609703064
    },
    "19": {
        "X": 0.6274028420448303,
        "Y": 1.226088285446167,
        "Z": -0.42648252844810486
    },
    "20": {
        "X": 0.35423895716667175,
        "Y": 1.1953468322753906,
        "Z": -0.43198925256729126
    },
    "21": {
        "X": 0.6169089078903198,
        "Y": 1.1860054731369019,
        "Z": -0.3571402132511139
    },
    "22": {
        "X": 0.36274880170822144,
        "Y": 1.1561933755874634,
        "Z": -0.3576774001121521
    },
    "23": {
        "X": 0.5905741453170776,
        "Y": 1.1255332231521606,
        "Z": -0.02996792271733284
    },
    "24": {
        "X": 0.37181976437568665,
        "Y": 1.112258791923523,
        "Z": 0.032318681478500366
    },
    "25": {
        "X": 0.5609838366508484,
        "Y": 1.5895696878433228,
        "Z": 0.004947522189468145
    },
    "26": {
        "X": 0.3647848963737488,
        "Y": 1.5772684812545776,
        "Z": 0.04945317283272743
    },
    "27": {
        "X": 0.5519726872444153,
        "Y": 2.0068063735961914,
        "Z": 0.4485897123813629
    },
    "28": {
        "X": 0.370473712682724,
        "Y": 1.9919050931930542,
        "Z": 0.345314085483551
    },
    "29": {
        "X": 0.5595177412033081,
        "Y": 2.0707027912139893,
        "Z": 0.47173041105270386
    },
    "30": {
        "X": 0.3724389672279358,
        "Y": 2.0525102615356445,
        "Z": 0.36453694105148315
    },
    "31": {
        "X": 0.5092567801475525,
        "Y": 2.142753839492798,
        "Z": 0.10634130239486694
    },
    "32": {
        "X": 0.3805573284626007,
        "Y": 2.132559299468994,
        "Z": -0.031047984957695007
    }
}