{
    "0": {
        "X": 0.4172390401363373,
        "Y": 0.2621399164199829,
        "Z": -0.9134097099304199
    },
    "1": {
        "X": 0.4450739324092865,
        "Y": 0.2202828824520111,
        "Z": -0.8907669186592102
    },
    "2": {
        "X": 0.4610570967197418,
        "Y": 0.2207467257976532,
        "Z": -0.8906965255737305
    },
    "3": {
        "X": 0.4771992564201355,
        "Y": 0.22177356481552124,
        "Z": -0.8907206654548645
    },
    "4": {
        "X": 0.4114765524864197,
        "Y": 0.2203664630651474,
        "Z": -0.8818748593330383
    },
    "5": {
        "X": 0.40347474813461304,
        "Y": 0.22021646797657013,
        "Z": -0.881981372833252
    },
    "6": {
        "X": 0.39574259519577026,
        "Y": 0.22028665244579315,
        "Z": -0.8824041485786438
    },
    "7": {
        "X": 0.5125590562820435,
        "Y": 0.25096413493156433,
        "Z": -0.6662251949310303
    },
    "8": {
        "X": 0.4121305048465729,
        "Y": 0.24366040527820587,
        "Z": -0.5962123870849609
    },
    "9": {
        "X": 0.44874677062034607,
        "Y": 0.311003178358078,
        "Z": -0.8151171803474426
    },
    "10": {
        "X": 0.4067937433719635,
        "Y": 0.31202587485313416,
        "Z": -0.7997372150421143
    },
    "11": {
        "X": 0.652765691280365,
        "Y": 0.5314813256263733,
        "Z": -0.4626319408416748
    },
    "12": {
        "X": 0.30959373712539673,
        "Y": 0.5202491879463196,
        "Z": -0.4570494592189789
    },
    "13": {
        "X": 0.657670795917511,
        "Y": 0.8874239325523376,
        "Z": -0.34455159306526184
    },
    "14": {
        "X": 0.28428032994270325,
        "Y": 0.8665971755981445,
        "Z": -0.31348055601119995
    },
    "15": {
        "X": 0.6320657730102539,
        "Y": 1.1620374917984009,
        "Z": -0.5083677172660828
    },
    "16": {
        "X": 0.32876166701316833,
        "Y": 1.1174196004867554,
        "Z": -0.5143234729766846
    },
    "17": {
        "X": 0.6391721367835999,
        "Y": 1.2645827531814575,
        "Z": -0.5616863965988159
    },
    "18": {
        "X": 0.32355448603630066,
        "Y": 1.209529995918274,
        "Z": -0.5859250426292419
    },
    "19": {
        "X": 0.6138620972633362,
        "Y": 1.2373243570327759,
        "Z": -0.6331905126571655
    },
    "20": {
        "X": 0.3438383936882019,
        "Y": 1.2056554555892944,
        "Z": -0.6408458352088928
    },
    "21": {
        "X": 0.6049611568450928,
        "Y": 1.1956541538238525,
        "Z": -0.5420140624046326
    },
    "22": {
        "X": 0.3537510931491852,
        "Y": 1.1667587757110596,
        "Z": -0.5428274273872375
    },
    "23": {
        "X": 0.5857701897621155,
        "Y": 1.1030948162078857,
        "Z": -0.03062676265835762
    },
    "24": {
        "X": 0.37276244163513184,
        "Y": 1.1142045259475708,
        "Z": 0.03223618119955063
    },
    "25": {
        "X": 0.5603660941123962,
        "Y": 1.6024426221847534,
        "Z": 0.026564737781882286
    },
    "26": {
        "X": 0.36473745107650757,
        "Y": 1.5913134813308716,
        "Z": 0.025768229737877846
    },
    "27": {
        "X": 0.552385151386261,
        "Y": 2.028820037841797,
        "Z": 0.4781864285469055
    },
    "28": {
        "X": 0.3716128170490265,
        "Y": 2.0257039070129395,
        "Z": 0.3139594793319702
    },
    "29": {
        "X": 0.5583184957504272,
        "Y": 2.090955972671509,
        "Z": 0.5026743412017822
    },
    "30": {
        "X": 0.374958336353302,
        "Y": 2.089364767074585,
        "Z": 0.328907310962677
    },
    "31": {
        "X": 0.5140341520309448,
        "Y": 2.1707746982574463,
        "Z": 0.11606276035308838
    },
    "32": {
        "X": 0.3828723728656769,
        "Y": 2.163151502609253,
        "Z": -0.0996338501572609
    }
}