{
    "0": {
        "X": 0.43343621492385864,
        "Y": 0.2655867636203766,
        "Z": -0.9140228033065796
    },
    "1": {
        "X": 0.4602486193180084,
        "Y": 0.22301620244979858,
        "Z": -0.8861367106437683
    },
    "2": {
        "X": 0.47672367095947266,
        "Y": 0.22387413680553436,
        "Z": -0.8861006498336792
    },
    "3": {
        "X": 0.49402761459350586,
        "Y": 0.22565187513828278,
        "Z": -0.8861014246940613
    },
    "4": {
        "X": 0.42471176385879517,
        "Y": 0.22363290190696716,
        "Z": -0.8798209428787231
    },
    "5": {
        "X": 0.41597723960876465,
        "Y": 0.22381845116615295,
        "Z": -0.8799054026603699
    },
    "6": {
        "X": 0.40730032324790955,
        "Y": 0.2245463877916336,
        "Z": -0.880419909954071
    },
    "7": {
        "X": 0.5291001796722412,
        "Y": 0.25163954496383667,
        "Z": -0.6216765642166138
    },
    "8": {
        "X": 0.41159743070602417,
        "Y": 0.24738594889640808,
        "Z": -0.5801234245300293
    },
    "9": {
        "X": 0.46786847710609436,
        "Y": 0.3171520531177521,
        "Z": -0.8102070689201355
    },
    "10": {
        "X": 0.4226873815059662,
        "Y": 0.3177785277366638,
        "Z": -0.7982321977615356
    },
    "11": {
        "X": 0.6541106700897217,
        "Y": 0.5374984741210938,
        "Z": -0.40900763869285583
    },
    "12": {
        "X": 0.3132869005203247,
        "Y": 0.5227150917053223,
        "Z": -0.4334205090999603
    },
    "13": {
        "X": 0.6624633073806763,
        "Y": 0.8897739052772522,
        "Z": -0.2936968207359314
    },
    "14": {
        "X": 0.28622013330459595,
        "Y": 0.8711703419685364,
        "Z": -0.29878389835357666
    },
    "15": {
        "X": 0.622603178024292,
        "Y": 1.146457552909851,
        "Z": -0.49565982818603516
    },
    "16": {
        "X": 0.33189091086387634,
        "Y": 1.1138261556625366,
        "Z": -0.536967396736145
    },
    "17": {
        "X": 0.6334491968154907,
        "Y": 1.2465287446975708,
        "Z": -0.5600899457931519
    },
    "18": {
        "X": 0.3290100693702698,
        "Y": 1.2090702056884766,
        "Z": -0.6139075756072998
    },
    "19": {
        "X": 0.5958402156829834,
        "Y": 1.2205537557601929,
        "Z": -0.6247174739837646
    },
    "20": {
        "X": 0.3498777747154236,
        "Y": 1.1976460218429565,
        "Z": -0.6793757677078247
    },
    "21": {
        "X": 0.5894067883491516,
        "Y": 1.178516149520874,
        "Z": -0.5270360708236694
    },
    "22": {
        "X": 0.35872137546539307,
        "Y": 1.158653736114502,
        "Z": -0.5687023401260376
    },
    "23": {
        "X": 0.5841562747955322,
        "Y": 1.1257436275482178,
        "Z": -0.02494911476969719
    },
    "24": {
        "X": 0.3810144066810608,
        "Y": 1.111121654510498,
        "Z": 0.026798849925398827
    },
    "25": {
        "X": 0.5548831224441528,
        "Y": 1.6006932258605957,
        "Z": 0.04371890798211098
    },
    "26": {
        "X": 0.3536924123764038,
        "Y": 1.5929044485092163,
        "Z": 0.04959537833929062
    },
    "27": {
        "X": 0.5358920693397522,
        "Y": 2.0241081714630127,
        "Z": 0.5332273840904236
    },
    "28": {
        "X": 0.3482273817062378,
        "Y": 2.0248610973358154,
        "Z": 0.3819301724433899
    },
    "29": {
        "X": 0.5404086112976074,
        "Y": 2.0855610370635986,
        "Z": 0.5606807470321655
    },
    "30": {
        "X": 0.3494201600551605,
        "Y": 2.0873239040374756,
        "Z": 0.4011906683444977
    },
    "31": {
        "X": 0.49623599648475647,
        "Y": 2.167372941970825,
        "Z": 0.16236309707164764
    },
    "32": {
        "X": 0.3594229519367218,
        "Y": 2.1662018299102783,
        "Z": -0.05217717960476875
    }
}