{
    "0": {
        "X": 0.4761616587638855,
        "Y": 0.2641064524650574,
        "Z": -1.00714910030365
    },
    "1": {
        "X": 0.5028018951416016,
        "Y": 0.22229818999767303,
        "Z": -0.9781054258346558
    },
    "2": {
        "X": 0.5167734622955322,
        "Y": 0.22295688092708588,
        "Z": -0.9780113101005554
    },
    "3": {
        "X": 0.5279437303543091,
        "Y": 0.22428655624389648,
        "Z": -0.9779952168464661
    },
    "4": {
        "X": 0.4566878378391266,
        "Y": 0.21951988339424133,
        "Z": -0.977822482585907
    },
    "5": {
        "X": 0.4411282539367676,
        "Y": 0.21890099346637726,
        "Z": -0.9778790473937988
    },
    "6": {
        "X": 0.428244411945343,
        "Y": 0.2192707508802414,
        "Z": -0.9783274531364441
    },
    "7": {
        "X": 0.5466183423995972,
        "Y": 0.2530563771724701,
        "Z": -0.6452838778495789
    },
    "8": {
        "X": 0.4145564138889313,
        "Y": 0.2416536509990692,
        "Z": -0.6909008622169495
    },
    "9": {
        "X": 0.5045111179351807,
        "Y": 0.3127703368663788,
        "Z": -0.8958479166030884
    },
    "10": {
        "X": 0.44761544466018677,
        "Y": 0.3129555583000183,
        "Z": -0.8937881588935852
    },
    "11": {
        "X": 0.654464602470398,
        "Y": 0.539658784866333,
        "Z": -0.40974560379981995
    },
    "12": {
        "X": 0.3139793872833252,
        "Y": 0.5183655023574829,
        "Z": -0.527540385723114
    },
    "13": {
        "X": 0.6613690257072449,
        "Y": 0.8925939202308655,
        "Z": -0.28979650139808655
    },
    "14": {
        "X": 0.2873741090297699,
        "Y": 0.8745835423469543,
        "Z": -0.39622071385383606
    },
    "15": {
        "X": 0.6241701245307922,
        "Y": 1.1563984155654907,
        "Z": -0.5586563348770142
    },
    "16": {
        "X": 0.32984548807144165,
        "Y": 1.1198508739471436,
        "Z": -0.6820186376571655
    },
    "17": {
        "X": 0.6333471536636353,
        "Y": 1.2585527896881104,
        "Z": -0.6404780149459839
    },
    "18": {
        "X": 0.32538262009620667,
        "Y": 1.213590383529663,
        "Z": -0.7726660966873169
    },
    "19": {
        "X": 0.5996828675270081,
        "Y": 1.233733892440796,
        "Z": -0.7152997255325317
    },
    "20": {
        "X": 0.34497344493865967,
        "Y": 1.1980880498886108,
        "Z": -0.8503472208976746
    },
    "21": {
        "X": 0.5918144583702087,
        "Y": 1.1913955211639404,
        "Z": -0.5972824692726135
    },
    "22": {
        "X": 0.355446994304657,
        "Y": 1.1587496995925903,
        "Z": -0.7194381952285767
    },
    "23": {
        "X": 0.5773877501487732,
        "Y": 1.1068471670150757,
        "Z": -0.020650295540690422
    },
    "24": {
        "X": 0.3789446949958801,
        "Y": 1.1079535484313965,
        "Z": 0.022654298692941666
    },
    "25": {
        "X": 0.5515828132629395,
        "Y": 1.5873043537139893,
        "Z": 0.059206269681453705
    },
    "26": {
        "X": 0.35376328229904175,
        "Y": 1.584086298942566,
        "Z": 0.05378025770187378
    },
    "27": {
        "X": 0.5339409708976746,
        "Y": 2.006709575653076,
        "Z": 0.5639336705207825
    },
    "28": {
        "X": 0.3524923026561737,
        "Y": 2.007290840148926,
        "Z": 0.40592432022094727
    },
    "29": {
        "X": 0.5383349061012268,
        "Y": 2.0667243003845215,
        "Z": 0.5913881063461304
    },
    "30": {
        "X": 0.35368967056274414,
        "Y": 2.0697684288024902,
        "Z": 0.4252980351448059
    },
    "31": {
        "X": 0.5010876059532166,
        "Y": 2.150364637374878,
        "Z": 0.17407849431037903
    },
    "32": {
        "X": 0.36231595277786255,
        "Y": 2.1425864696502686,
        "Z": -0.030794519931077957
    }
}