{
    "0": {
        "X": 0.38414090871810913,
        "Y": 0.26436087489128113,
        "Z": -0.8539780378341675
    },
    "1": {
        "X": 0.4107043147087097,
        "Y": 0.22213517129421234,
        "Z": -0.8599919080734253
    },
    "2": {
        "X": 0.42233729362487793,
        "Y": 0.22225727140903473,
        "Z": -0.8599106073379517
    },
    "3": {
        "X": 0.43586641550064087,
        "Y": 0.22292065620422363,
        "Z": -0.8598685264587402
    },
    "4": {
        "X": 0.39056462049484253,
        "Y": 0.22231563925743103,
        "Z": -0.838300883769989
    },
    "5": {
        "X": 0.38663381338119507,
        "Y": 0.22262798249721527,
        "Z": -0.8384221196174622
    },
    "6": {
        "X": 0.3829668164253235,
        "Y": 0.22337563335895538,
        "Z": -0.8389074206352234
    },
    "7": {
        "X": 0.4971030354499817,
        "Y": 0.2537871301174164,
        "Z": -0.7936792373657227
    },
    "8": {
        "X": 0.41360434889793396,
        "Y": 0.24947534501552582,
        "Z": -0.5813478231430054
    },
    "9": {
        "X": 0.410418838262558,
        "Y": 0.31169331073760986,
        "Z": -0.7852653861045837
    },
    "10": {
        "X": 0.3828011751174927,
        "Y": 0.3138357698917389,
        "Z": -0.7514286637306213
    },
    "11": {
        "X": 0.6518242359161377,
        "Y": 0.532375156879425,
        "Z": -0.5854433178901672
    },
    "12": {
        "X": 0.3103870451450348,
        "Y": 0.5195976495742798,
        "Z": -0.4666433334350586
    },
    "13": {
        "X": 0.6572962403297424,
        "Y": 0.8889533877372742,
        "Z": -0.4279932975769043
    },
    "14": {
        "X": 0.2830612063407898,
        "Y": 0.8632293343544006,
        "Z": -0.3136369585990906
    },
    "15": {
        "X": 0.6290809512138367,
        "Y": 1.182259440422058,
        "Z": -0.46018657088279724
    },
    "16": {
        "X": 0.32383015751838684,
        "Y": 1.123482584953308,
        "Z": -0.43553099036216736
    },
    "17": {
        "X": 0.632339596748352,
        "Y": 1.2706834077835083,
        "Z": -0.4940923750400543
    },
    "18": {
        "X": 0.3208661675453186,
        "Y": 1.219138503074646,
        "Z": -0.47569766640663147
    },
    "19": {
        "X": 0.6091176271438599,
        "Y": 1.2628519535064697,
        "Z": -0.54948890209198
    },
    "20": {
        "X": 0.3394044041633606,
        "Y": 1.2121278047561646,
        "Z": -0.5261080861091614
    },
    "21": {
        "X": 0.5999178886413574,
        "Y": 1.2206863164901733,
        "Z": -0.48336061835289
    },
    "22": {
        "X": 0.3490477204322815,
        "Y": 1.1732820272445679,
        "Z": -0.45958390831947327
    },
    "23": {
        "X": 0.582989513874054,
        "Y": 1.086686372756958,
        "Z": -0.030362147837877274
    },
    "24": {
        "X": 0.36980167031288147,
        "Y": 1.1134406328201294,
        "Z": 0.03205800801515579
    },
    "25": {
        "X": 0.5525404810905457,
        "Y": 1.6110221147537231,
        "Z": 0.0070624216459691525
    },
    "26": {
        "X": 0.35797396302223206,
        "Y": 1.5966435670852661,
        "Z": 0.046203188598155975
    },
    "27": {
        "X": 0.5416959524154663,
        "Y": 2.0369713306427,
        "Z": 0.45669427514076233
    },
    "28": {
        "X": 0.35651570558547974,
        "Y": 2.030665636062622,
        "Z": 0.3262787461280823
    },
    "29": {
        "X": 0.5479395985603333,
        "Y": 2.0977563858032227,
        "Z": 0.4823893904685974
    },
    "30": {
        "X": 0.3582724332809448,
        "Y": 2.0942580699920654,
        "Z": 0.3438624441623688
    },
    "31": {
        "X": 0.49768003821372986,
        "Y": 2.1819159984588623,
        "Z": 0.11476051807403564
    },
    "32": {
        "X": 0.3582708239555359,
        "Y": 2.174243211746216,
        "Z": -0.049942560493946075
    }
}