{
    "0": {
        "X": 0.49364328384399414,
        "Y": 0.2728959321975708,
        "Z": -1.0137971639633179
    },
    "1": {
        "X": 0.5166977643966675,
        "Y": 0.2278394103050232,
        "Z": -0.9741638898849487
    },
    "2": {
        "X": 0.5276857614517212,
        "Y": 0.23038250207901,
        "Z": -0.9741196632385254
    },
    "3": {
        "X": 0.5398941040039062,
        "Y": 0.23368225991725922,
        "Z": -0.9740599393844604
    },
    "4": {
        "X": 0.4751923084259033,
        "Y": 0.22300876677036285,
        "Z": -0.9862693548202515
    },
    "5": {
        "X": 0.46083980798721313,
        "Y": 0.22259654104709625,
        "Z": -0.9863404035568237
    },
    "6": {
        "X": 0.4471103250980377,
        "Y": 0.2224705070257187,
        "Z": -0.9867507815361023
    },
    "7": {
        "X": 0.5567517280578613,
        "Y": 0.2590639591217041,
        "Z": -0.6472395658493042
    },
    "8": {
        "X": 0.42545971274375916,
        "Y": 0.24550189077854156,
        "Z": -0.7013982534408569
    },
    "9": {
        "X": 0.5172145962715149,
        "Y": 0.32566115260124207,
        "Z": -0.8892853856086731
    },
    "10": {
        "X": 0.4644649922847748,
        "Y": 0.32240885496139526,
        "Z": -0.9023208618164062
    },
    "11": {
        "X": 0.6564642190933228,
        "Y": 0.5367568135261536,
        "Z": -0.398179829120636
    },
    "12": {
        "X": 0.31369730830192566,
        "Y": 0.5245129466056824,
        "Z": -0.5302644968032837
    },
    "13": {
        "X": 0.6621716618537903,
        "Y": 0.8846157789230347,
        "Z": -0.27162376046180725
    },
    "14": {
        "X": 0.28665846586227417,
        "Y": 0.8733862042427063,
        "Z": -0.39986565709114075
    },
    "15": {
        "X": 0.6302529573440552,
        "Y": 1.1257766485214233,
        "Z": -0.5745289325714111
    },
    "16": {
        "X": 0.3300403654575348,
        "Y": 1.1132270097732544,
        "Z": -0.6673805713653564
    },
    "17": {
        "X": 0.6367308497428894,
        "Y": 1.2276177406311035,
        "Z": -0.6597000956535339
    },
    "18": {
        "X": 0.32650741934776306,
        "Y": 1.206777572631836,
        "Z": -0.7566600441932678
    },
    "19": {
        "X": 0.6064728498458862,
        "Y": 1.197822093963623,
        "Z": -0.7399852275848389
    },
    "20": {
        "X": 0.35584503412246704,
        "Y": 1.190813422203064,
        "Z": -0.8350086212158203
    },
    "21": {
        "X": 0.5995194911956787,
        "Y": 1.1579619646072388,
        "Z": -0.6161285638809204
    },
    "22": {
        "X": 0.3567916750907898,
        "Y": 1.1506502628326416,
        "Z": -0.7042540311813354
    },
    "23": {
        "X": 0.5797059535980225,
        "Y": 1.0699292421340942,
        "Z": -0.002540048910304904
    },
    "24": {
        "X": 0.39192503690719604,
        "Y": 1.0727218389511108,
        "Z": 0.004406399093568325
    },
    "25": {
        "X": 0.5622810125350952,
        "Y": 1.5772489309310913,
        "Z": 0.09742914140224457
    },
    "26": {
        "X": 0.3618388772010803,
        "Y": 1.5755521059036255,
        "Z": 0.033216021955013275
    },
    "27": {
        "X": 0.5460968017578125,
        "Y": 1.9935991764068604,
        "Z": 0.6111164093017578
    },
    "28": {
        "X": 0.36238163709640503,
        "Y": 1.9918683767318726,
        "Z": 0.38591834902763367
    },
    "29": {
        "X": 0.5475755929946899,
        "Y": 2.0538489818573,
        "Z": 0.6413498520851135
    },
    "30": {
        "X": 0.3626614511013031,
        "Y": 2.052485704421997,
        "Z": 0.4044317305088043
    },
    "31": {
        "X": 0.5166457891464233,
        "Y": 2.1338133811950684,
        "Z": 0.2194032371044159
    },
    "32": {
        "X": 0.3799296021461487,
        "Y": 2.1257338523864746,
        "Z": -0.06284384429454803
    }
}