{
    "0": {
        "X": 0.4870753884315491,
        "Y": 0.2643110752105713,
        "Z": -0.8275035619735718
    },
    "1": {
        "X": 0.5098882913589478,
        "Y": 0.22163830697536469,
        "Z": -0.7815708518028259
    },
    "2": {
        "X": 0.5218058228492737,
        "Y": 0.2231876701116562,
        "Z": -0.7816540002822876
    },
    "3": {
        "X": 0.5343817472457886,
        "Y": 0.22427478432655334,
        "Z": -0.7815578579902649
    },
    "4": {
        "X": 0.4674418568611145,
        "Y": 0.21996468305587769,
        "Z": -0.7959814667701721
    },
    "5": {
        "X": 0.4527878761291504,
        "Y": 0.22057615220546722,
        "Z": -0.7960458397865295
    },
    "6": {
        "X": 0.43870240449905396,
        "Y": 0.22133654356002808,
        "Z": -0.7965191602706909
    },
    "7": {
        "X": 0.5536710619926453,
        "Y": 0.250664085149765,
        "Z": -0.4576056897640228
    },
    "8": {
        "X": 0.41952401399612427,
        "Y": 0.24527223408222198,
        "Z": -0.5287490487098694
    },
    "9": {
        "X": 0.5119270086288452,
        "Y": 0.3162198066711426,
        "Z": -0.7080889344215393
    },
    "10": {
        "X": 0.4585192799568176,
        "Y": 0.3173663020133972,
        "Z": -0.7262296676635742
    },
    "11": {
        "X": 0.6556248068809509,
        "Y": 0.5337395071983337,
        "Z": -0.25797539949417114
    },
    "12": {
        "X": 0.31740760803222656,
        "Y": 0.5246936082839966,
        "Z": -0.3858172595500946
    },
    "13": {
        "X": 0.6633410453796387,
        "Y": 0.8839580416679382,
        "Z": -0.17092671990394592
    },
    "14": {
        "X": 0.2876283824443817,
        "Y": 0.8737499117851257,
        "Z": -0.273784875869751
    },
    "15": {
        "X": 0.638160228729248,
        "Y": 1.1017614603042603,
        "Z": -0.4953877329826355
    },
    "16": {
        "X": 0.3271055817604065,
        "Y": 1.1192089319229126,
        "Z": -0.5413655042648315
    },
    "17": {
        "X": 0.6522377729415894,
        "Y": 1.2196705341339111,
        "Z": -0.5765693783760071
    },
    "18": {
        "X": 0.3221071660518646,
        "Y": 1.213326334953308,
        "Z": -0.6256226301193237
    },
    "19": {
        "X": 0.6217020750045776,
        "Y": 1.18784499168396,
        "Z": -0.6491875052452087
    },
    "20": {
        "X": 0.34734731912612915,
        "Y": 1.1985498666763306,
        "Z": -0.6957331895828247
    },
    "21": {
        "X": 0.6113238334655762,
        "Y": 1.148979902267456,
        "Z": -0.5331137180328369
    },
    "22": {
        "X": 0.35675328969955444,
        "Y": 1.1590601205825806,
        "Z": -0.5751529932022095
    },
    "23": {
        "X": 0.5818081498146057,
        "Y": 1.0708065032958984,
        "Z": 0.00010348764772061259
    },
    "24": {
        "X": 0.38477566838264465,
        "Y": 1.0854114294052124,
        "Z": 0.002100184094160795
    },
    "25": {
        "X": 0.5735775232315063,
        "Y": 1.5840102434158325,
        "Z": 0.07244604825973511
    },
    "26": {
        "X": 0.3737199902534485,
        "Y": 1.585147500038147,
        "Z": 0.016333339735865593
    },
    "27": {
        "X": 0.5631540417671204,
        "Y": 1.9991317987442017,
        "Z": 0.5411527752876282
    },
    "28": {
        "X": 0.3791850209236145,
        "Y": 1.995832085609436,
        "Z": 0.333846777677536
    },
    "29": {
        "X": 0.5661464929580688,
        "Y": 2.0619008541107178,
        "Z": 0.5661660432815552
    },
    "30": {
        "X": 0.3787228465080261,
        "Y": 2.056356191635132,
        "Z": 0.351738840341568
    },
    "31": {
        "X": 0.535861611366272,
        "Y": 2.1370279788970947,
        "Z": 0.19067203998565674
    },
    "32": {
        "X": 0.40409478545188904,
        "Y": 2.1297807693481445,
        "Z": -0.08202861249446869
    }
}