{
    "0": {
        "X": 0.4418880045413971,
        "Y": 0.29471105337142944,
        "Z": -0.7846437692642212
    },
    "1": {
        "X": 0.4629061818122864,
        "Y": 0.25884363055229187,
        "Z": -0.7755904197692871
    },
    "2": {
        "X": 0.4785735607147217,
        "Y": 0.25778934359550476,
        "Z": -0.7757011651992798
    },
    "3": {
        "X": 0.49688729643821716,
        "Y": 0.2565617859363556,
        "Z": -0.7756978869438171
    },
    "4": {
        "X": 0.4372580051422119,
        "Y": 0.26036351919174194,
        "Z": -0.7547269463539124
    },
    "5": {
        "X": 0.42999061942100525,
        "Y": 0.2607416808605194,
        "Z": -0.7549680471420288
    },
    "6": {
        "X": 0.42386680841445923,
        "Y": 0.26097923517227173,
        "Z": -0.7554922103881836
    },
    "7": {
        "X": 0.536444902420044,
        "Y": 0.2796592116355896,
        "Z": -0.5933507680892944
    },
    "8": {
        "X": 0.44375213980674744,
        "Y": 0.2795759439468384,
        "Z": -0.4848233163356781
    },
    "9": {
        "X": 0.46391981840133667,
        "Y": 0.33588263392448425,
        "Z": -0.7071572542190552
    },
    "10": {
        "X": 0.43507084250450134,
        "Y": 0.33453819155693054,
        "Z": -0.6773043870925903
    },
    "11": {
        "X": 0.6635928750038147,
        "Y": 0.49883511662483215,
        "Z": -0.401528537273407
    },
    "12": {
        "X": 0.3734329342842102,
        "Y": 0.513586699962616,
        "Z": -0.31433504819869995
    },
    "13": {
        "X": 0.7176136374473572,
        "Y": 0.7883040904998779,
        "Z": -0.32743901014328003
    },
    "14": {
        "X": 0.3401173949241638,
        "Y": 0.7922067642211914,
        "Z": -0.20933647453784943
    },
    "15": {
        "X": 0.6248565912246704,
        "Y": 1.0195132493972778,
        "Z": -0.4570086896419525
    },
    "16": {
        "X": 0.408653199672699,
        "Y": 1.0103576183319092,
        "Z": -0.4152391850948334
    },
    "17": {
        "X": 0.6138932108879089,
        "Y": 1.0834256410598755,
        "Z": -0.5189350843429565
    },
    "18": {
        "X": 0.40798133611679077,
        "Y": 1.0822588205337524,
        "Z": -0.48493075370788574
    },
    "19": {
        "X": 0.5816993117332458,
        "Y": 1.0644617080688477,
        "Z": -0.5493515729904175
    },
    "20": {
        "X": 0.44170546531677246,
        "Y": 1.0729178190231323,
        "Z": -0.5320361852645874
    },
    "21": {
        "X": 0.5807411074638367,
        "Y": 1.0350435972213745,
        "Z": -0.46889767050743103
    },
    "22": {
        "X": 0.44281595945358276,
        "Y": 1.0352222919464111,
        "Z": -0.4381084442138672
    },
    "23": {
        "X": 0.6016159653663635,
        "Y": 1.011891484260559,
        "Z": -0.061394982039928436
    },
    "24": {
        "X": 0.4194281995296478,
        "Y": 0.9915063977241516,
        "Z": 0.062298793345689774
    },
    "25": {
        "X": 0.5723074078559875,
        "Y": 1.4147965908050537,
        "Z": -0.1292627602815628
    },
    "26": {
        "X": 0.4071781039237976,
        "Y": 1.3960210084915161,
        "Z": 0.13732238113880157
    },
    "27": {
        "X": 0.581332266330719,
        "Y": 1.774786114692688,
        "Z": 0.30184316635131836
    },
    "28": {
        "X": 0.4138736128807068,
        "Y": 1.7647875547409058,
        "Z": 0.43551725149154663
    },
    "29": {
        "X": 0.5896995067596436,
        "Y": 1.8255479335784912,
        "Z": 0.32676875591278076
    },
    "30": {
        "X": 0.41770538687705994,
        "Y": 1.8173084259033203,
        "Z": 0.4566965699195862
    },
    "31": {
        "X": 0.545850396156311,
        "Y": 1.8988357782363892,
        "Z": -0.006063696928322315
    },
    "32": {
        "X": 0.4189246594905853,
        "Y": 1.8889424800872803,
        "Z": 0.13254956901073456
    }
}