{
    "0": {
        "X": 0.4244202673435211,
        "Y": 0.2944566011428833,
        "Z": -0.8283260464668274
    },
    "1": {
        "X": 0.44599828124046326,
        "Y": 0.25683945417404175,
        "Z": -0.8377801775932312
    },
    "2": {
        "X": 0.45751437544822693,
        "Y": 0.25537481904029846,
        "Z": -0.8377768397331238
    },
    "3": {
        "X": 0.4701341986656189,
        "Y": 0.2540697157382965,
        "Z": -0.837702751159668
    },
    "4": {
        "X": 0.4228653311729431,
        "Y": 0.2600685656070709,
        "Z": -0.8029277920722961
    },
    "5": {
        "X": 0.4167434275150299,
        "Y": 0.2612592279911041,
        "Z": -0.8031908273696899
    },
    "6": {
        "X": 0.4103929400444031,
        "Y": 0.26269015669822693,
        "Z": -0.8036965131759644
    },
    "7": {
        "X": 0.5220870971679688,
        "Y": 0.27879974246025085,
        "Z": -0.7136740684509277
    },
    "8": {
        "X": 0.4331725239753723,
        "Y": 0.28548336029052734,
        "Z": -0.544101357460022
    },
    "9": {
        "X": 0.4508134424686432,
        "Y": 0.3377648591995239,
        "Z": -0.7708978056907654
    },
    "10": {
        "X": 0.4234499931335449,
        "Y": 0.33807849884033203,
        "Z": -0.722610354423523
    },
    "11": {
        "X": 0.6674841642379761,
        "Y": 0.5107669830322266,
        "Z": -0.5034491419792175
    },
    "12": {
        "X": 0.36583632230758667,
        "Y": 0.5217987895011902,
        "Z": -0.3849097192287445
    },
    "13": {
        "X": 0.7107840180397034,
        "Y": 0.809737503528595,
        "Z": -0.412259966135025
    },
    "14": {
        "X": 0.33111482858657837,
        "Y": 0.8192869424819946,
        "Z": -0.23505306243896484
    },
    "15": {
        "X": 0.6222233772277832,
        "Y": 1.0214226245880127,
        "Z": -0.5200232267379761
    },
    "16": {
        "X": 0.4107082784175873,
        "Y": 1.020524024963379,
        "Z": -0.4249666631221771
    },
    "17": {
        "X": 0.6150345206260681,
        "Y": 1.100576639175415,
        "Z": -0.5803970098495483
    },
    "18": {
        "X": 0.41249266266822815,
        "Y": 1.1009701490402222,
        "Z": -0.48915213346481323
    },
    "19": {
        "X": 0.581277072429657,
        "Y": 1.0728150606155396,
        "Z": -0.6054996252059937
    },
    "20": {
        "X": 0.44509854912757874,
        "Y": 1.091029405593872,
        "Z": -0.5303114056587219
    },
    "21": {
        "X": 0.5826075077056885,
        "Y": 1.0389494895935059,
        "Z": -0.5293346047401428
    },
    "22": {
        "X": 0.44573307037353516,
        "Y": 1.050625205039978,
        "Z": -0.4452129304409027
    },
    "23": {
        "X": 0.6136389970779419,
        "Y": 1.0202069282531738,
        "Z": -0.05102664977312088
    },
    "24": {
        "X": 0.42203769087791443,
        "Y": 1.0433013439178467,
        "Z": 0.052560072392225266
    },
    "25": {
        "X": 0.5984508991241455,
        "Y": 1.4655117988586426,
        "Z": 0.007473520003259182
    },
    "26": {
        "X": 0.4174514412879944,
        "Y": 1.4577537775039673,
        "Z": 0.17267055809497833
    },
    "27": {
        "X": 0.6028761863708496,
        "Y": 1.8293211460113525,
        "Z": 0.4694909155368805
    },
    "28": {
        "X": 0.4326110780239105,
        "Y": 1.8279756307601929,
        "Z": 0.5488160848617554
    },
    "29": {
        "X": 0.6103807091712952,
        "Y": 1.8854395151138306,
        "Z": 0.5017519593238831
    },
    "30": {
        "X": 0.43652668595314026,
        "Y": 1.88420569896698,
        "Z": 0.5787994861602783
    },
    "31": {
        "X": 0.5687878131866455,
        "Y": 1.9578979015350342,
        "Z": 0.1488090455532074
    },
    "32": {
        "X": 0.449335515499115,
        "Y": 1.9582923650741577,
        "Z": 0.233621284365654
    }
}