{
    "0": {
        "X": 0.421359121799469,
        "Y": 0.2954263985157013,
        "Z": -0.648449182510376
    },
    "1": {
        "X": 0.44156843423843384,
        "Y": 0.25902441143989563,
        "Z": -0.6784352660179138
    },
    "2": {
        "X": 0.4521470069885254,
        "Y": 0.2580775320529938,
        "Z": -0.6785389184951782
    },
    "3": {
        "X": 0.46439671516418457,
        "Y": 0.25681158900260925,
        "Z": -0.6785262227058411
    },
    "4": {
        "X": 0.42274871468544006,
        "Y": 0.26133009791374207,
        "Z": -0.6264694929122925
    },
    "5": {
        "X": 0.41906625032424927,
        "Y": 0.26209715008735657,
        "Z": -0.626721978187561
    },
    "6": {
        "X": 0.41539040207862854,
        "Y": 0.26283520460128784,
        "Z": -0.6272552609443665
    },
    "7": {
        "X": 0.5207098722457886,
        "Y": 0.27919113636016846,
        "Z": -0.6402533054351807
    },
    "8": {
        "X": 0.4478996694087982,
        "Y": 0.28150826692581177,
        "Z": -0.3984350562095642
    },
    "9": {
        "X": 0.4464757442474365,
        "Y": 0.335622638463974,
        "Z": -0.6226580142974854
    },
    "10": {
        "X": 0.42500895261764526,
        "Y": 0.3347250521183014,
        "Z": -0.5519611239433289
    },
    "11": {
        "X": 0.6638391017913818,
        "Y": 0.49139684438705444,
        "Z": -0.4853528141975403
    },
    "12": {
        "X": 0.3726591169834137,
        "Y": 0.5125693082809448,
        "Z": -0.2553359866142273
    },
    "13": {
        "X": 0.7369158267974854,
        "Y": 0.7636576890945435,
        "Z": -0.4121299386024475
    },
    "14": {
        "X": 0.3395382761955261,
        "Y": 0.7950221300125122,
        "Z": -0.1028088927268982
    },
    "15": {
        "X": 0.6331108808517456,
        "Y": 1.0073802471160889,
        "Z": -0.4426491856575012
    },
    "16": {
        "X": 0.41079241037368774,
        "Y": 1.0153437852859497,
        "Z": -0.26602211594581604
    },
    "17": {
        "X": 0.6206058263778687,
        "Y": 1.073706030845642,
        "Z": -0.48789820075035095
    },
    "18": {
        "X": 0.41127118468284607,
        "Y": 1.0876781940460205,
        "Z": -0.3151913285255432
    },
    "19": {
        "X": 0.5915061235427856,
        "Y": 1.0610123872756958,
        "Z": -0.4988553524017334
    },
    "20": {
        "X": 0.44204482436180115,
        "Y": 1.081023097038269,
        "Z": -0.35802218317985535
    },
    "21": {
        "X": 0.591245710849762,
        "Y": 1.0279890298843384,
        "Z": -0.4435330927371979
    },
    "22": {
        "X": 0.4410861134529114,
        "Y": 1.0421178340911865,
        "Z": -0.2870763838291168
    },
    "23": {
        "X": 0.6054808497428894,
        "Y": 1.0065069198608398,
        "Z": -0.08970209211111069
    },
    "24": {
        "X": 0.42325839400291443,
        "Y": 1.0084564685821533,
        "Z": 0.09062930941581726
    },
    "25": {
        "X": 0.5752965211868286,
        "Y": 1.4116120338439941,
        "Z": -0.17001798748970032
    },
    "26": {
        "X": 0.41782626509666443,
        "Y": 1.401636004447937,
        "Z": 0.20947635173797607
    },
    "27": {
        "X": 0.5905172228813171,
        "Y": 1.7797883749008179,
        "Z": 0.27238786220550537
    },
    "28": {
        "X": 0.42754095792770386,
        "Y": 1.7742257118225098,
        "Z": 0.5387991666793823
    },
    "29": {
        "X": 0.5990645289421082,
        "Y": 1.8358367681503296,
        "Z": 0.30059343576431274
    },
    "30": {
        "X": 0.4311462342739105,
        "Y": 1.8274072408676147,
        "Z": 0.565019965171814
    },
    "31": {
        "X": 0.5553823709487915,
        "Y": 1.90157949924469,
        "Z": -0.024101510643959045
    },
    "32": {
        "X": 0.4328060746192932,
        "Y": 1.9001318216323853,
        "Z": 0.26418063044548035
    }
}