{
    "0": {
        "X": 0.41572222113609314,
        "Y": 0.28903964161872864,
        "Z": -0.5465756058692932
    },
    "1": {
        "X": 0.43513983488082886,
        "Y": 0.2520703971385956,
        "Z": -0.5881890654563904
    },
    "2": {
        "X": 0.4458800256252289,
        "Y": 0.2503645718097687,
        "Z": -0.5880500674247742
    },
    "3": {
        "X": 0.45743274688720703,
        "Y": 0.24875150620937347,
        "Z": -0.5880380868911743
    },
    "4": {
        "X": 0.4150312542915344,
        "Y": 0.25512760877609253,
        "Z": -0.530741810798645
    },
    "5": {
        "X": 0.41098374128341675,
        "Y": 0.2559763491153717,
        "Z": -0.5307270288467407
    },
    "6": {
        "X": 0.40704312920570374,
        "Y": 0.2570889890193939,
        "Z": -0.5311766862869263
    },
    "7": {
        "X": 0.511550784111023,
        "Y": 0.26963552832603455,
        "Z": -0.585475504398346
    },
    "8": {
        "X": 0.4417354166507721,
        "Y": 0.27873694896698,
        "Z": -0.3275267779827118
    },
    "9": {
        "X": 0.44102635979652405,
        "Y": 0.3268195688724518,
        "Z": -0.5384035706520081
    },
    "10": {
        "X": 0.4193797707557678,
        "Y": 0.32903480529785156,
        "Z": -0.4602065980434418
    },
    "11": {
        "X": 0.6675589084625244,
        "Y": 0.5213523507118225,
        "Z": -0.433502197265625
    },
    "12": {
        "X": 0.37119045853614807,
        "Y": 0.5152986645698547,
        "Z": -0.2239512950181961
    },
    "13": {
        "X": 0.7035191655158997,
        "Y": 0.8185863494873047,
        "Z": -0.2710503041744232
    },
    "14": {
        "X": 0.3375311493873596,
        "Y": 0.8050972819328308,
        "Z": -0.03626798838376999
    },
    "15": {
        "X": 0.6194199323654175,
        "Y": 1.0367015600204468,
        "Z": -0.214291051030159
    },
    "16": {
        "X": 0.40524905920028687,
        "Y": 1.0083250999450684,
        "Z": -0.1609654575586319
    },
    "17": {
        "X": 0.6114586591720581,
        "Y": 1.111020803451538,
        "Z": -0.23118600249290466
    },
    "18": {
        "X": 0.40800976753234863,
        "Y": 1.091943621635437,
        "Z": -0.2036058008670807
    },
    "19": {
        "X": 0.586408257484436,
        "Y": 1.0901820659637451,
        "Z": -0.26622265577316284
    },
    "20": {
        "X": 0.43624234199523926,
        "Y": 1.0810717344284058,
        "Z": -0.23975661396980286
    },
    "21": {
        "X": 0.5821381211280823,
        "Y": 1.0593862533569336,
        "Z": -0.221613809466362
    },
    "22": {
        "X": 0.4357159733772278,
        "Y": 1.042744517326355,
        "Z": -0.1805955022573471
    },
    "23": {
        "X": 0.6042118668556213,
        "Y": 1.0435549020767212,
        "Z": -0.052487827837467194
    },
    "24": {
        "X": 0.41342106461524963,
        "Y": 1.0074316263198853,
        "Z": 0.05388345196843147
    },
    "25": {
        "X": 0.5747082233428955,
        "Y": 1.4717882871627808,
        "Z": -0.0034976184833794832
    },
    "26": {
        "X": 0.40576085448265076,
        "Y": 1.4448351860046387,
        "Z": 0.12220589816570282
    },
    "27": {
        "X": 0.5778580904006958,
        "Y": 1.8382453918457031,
        "Z": 0.397688090801239
    },
    "28": {
        "X": 0.40965062379837036,
        "Y": 1.8201563358306885,
        "Z": 0.38463932275772095
    },
    "29": {
        "X": 0.5854907631874084,
        "Y": 1.888400912284851,
        "Z": 0.42090803384780884
    },
    "30": {
        "X": 0.4112307131290436,
        "Y": 1.8702741861343384,
        "Z": 0.404083788394928
    },
    "31": {
        "X": 0.53905189037323,
        "Y": 1.9608625173568726,
        "Z": 0.08757169544696808
    },
    "32": {
        "X": 0.415372759103775,
        "Y": 1.949259877204895,
        "Z": 0.07799133658409119
    }
}