{
    "0": {
        "X": 0.4958706796169281,
        "Y": 0.30036479234695435,
        "Z": -0.9008723497390747
    },
    "1": {
        "X": 0.5207985639572144,
        "Y": 0.2608198821544647,
        "Z": -0.8626865148544312
    },
    "2": {
        "X": 0.5356220006942749,
        "Y": 0.2625271677970886,
        "Z": -0.862625777721405
    },
    "3": {
        "X": 0.5483459234237671,
        "Y": 0.26494699716567993,
        "Z": -0.862676739692688
    },
    "4": {
        "X": 0.4787917733192444,
        "Y": 0.2613373100757599,
        "Z": -0.8709152340888977
    },
    "5": {
        "X": 0.46722325682640076,
        "Y": 0.26217636466026306,
        "Z": -0.8708533048629761
    },
    "6": {
        "X": 0.4586566388607025,
        "Y": 0.2638094425201416,
        "Z": -0.8711687922477722
    },
    "7": {
        "X": 0.5658890008926392,
        "Y": 0.29232165217399597,
        "Z": -0.5605913400650024
    },
    "8": {
        "X": 0.44834381341934204,
        "Y": 0.28729474544525146,
        "Z": -0.591171383857727
    },
    "9": {
        "X": 0.5273392200469971,
        "Y": 0.35021984577178955,
        "Z": -0.7864083051681519
    },
    "10": {
        "X": 0.4704855978488922,
        "Y": 0.3473403751850128,
        "Z": -0.7938791513442993
    },
    "11": {
        "X": 0.6621840000152588,
        "Y": 0.5357658863067627,
        "Z": -0.3425959050655365
    },
    "12": {
        "X": 0.36026573181152344,
        "Y": 0.512254536151886,
        "Z": -0.43869319558143616
    },
    "13": {
        "X": 0.7018917798995972,
        "Y": 0.8122007846832275,
        "Z": -0.23124487698078156
    },
    "14": {
        "X": 0.33318957686424255,
        "Y": 0.8008023500442505,
        "Z": -0.3011908531188965
    },
    "15": {
        "X": 0.617655873298645,
        "Y": 1.0307445526123047,
        "Z": -0.37439557909965515
    },
    "16": {
        "X": 0.39283496141433716,
        "Y": 1.018006682395935,
        "Z": -0.4797394275665283
    },
    "17": {
        "X": 0.6114470362663269,
        "Y": 1.1149380207061768,
        "Z": -0.4305652678012848
    },
    "18": {
        "X": 0.3899908661842346,
        "Y": 1.0939172506332397,
        "Z": -0.5537691712379456
    },
    "19": {
        "X": 0.5781194567680359,
        "Y": 1.0939751863479614,
        "Z": -0.47523340582847595
    },
    "20": {
        "X": 0.4122932553291321,
        "Y": 1.090830683708191,
        "Z": -0.6050472855567932
    },
    "21": {
        "X": 0.5758193731307983,
        "Y": 1.0506484508514404,
        "Z": -0.39793631434440613
    },
    "22": {
        "X": 0.4184034466743469,
        "Y": 1.0527589321136475,
        "Z": -0.5044971108436584
    },
    "23": {
        "X": 0.5914480686187744,
        "Y": 1.0375038385391235,
        "Z": -0.018410852178931236
    },
    "24": {
        "X": 0.4037703573703766,
        "Y": 1.0211364030838013,
        "Z": 0.020519819110631943
    },
    "25": {
        "X": 0.5829646587371826,
        "Y": 1.4837400913238525,
        "Z": 0.11016152054071426
    },
    "26": {
        "X": 0.3905673325061798,
        "Y": 1.4699331521987915,
        "Z": 0.08809658885002136
    },
    "27": {
        "X": 0.5723621249198914,
        "Y": 1.8587653636932373,
        "Z": 0.6279104948043823
    },
    "28": {
        "X": 0.3907547891139984,
        "Y": 1.8470643758773804,
        "Z": 0.47845664620399475
    },
    "29": {
        "X": 0.5751403570175171,
        "Y": 1.9145150184631348,
        "Z": 0.6596909761428833
    },
    "30": {
        "X": 0.3904258608818054,
        "Y": 1.9024107456207275,
        "Z": 0.5045103430747986
    },
    "31": {
        "X": 0.5398976802825928,
        "Y": 1.99138343334198,
        "Z": 0.26286202669143677
    },
    "32": {
        "X": 0.415196031332016,
        "Y": 1.977329134941101,
        "Z": 0.05843183398246765
    }
}