{
    "0": {
        "X": 0.47906821966171265,
        "Y": 0.3099254071712494,
        "Z": -0.5831893682479858
    },
    "1": {
        "X": 0.5033577680587769,
        "Y": 0.2657424509525299,
        "Z": -0.5567427277565002
    },
    "2": {
        "X": 0.5184458494186401,
        "Y": 0.2655147910118103,
        "Z": -0.5567980408668518
    },
    "3": {
        "X": 0.5329262614250183,
        "Y": 0.26613572239875793,
        "Z": -0.5566150546073914
    },
    "4": {
        "X": 0.4678681790828705,
        "Y": 0.26851946115493774,
        "Z": -0.5519145727157593
    },
    "5": {
        "X": 0.45830249786376953,
        "Y": 0.2695003151893616,
        "Z": -0.5518556237220764
    },
    "6": {
        "X": 0.44832128286361694,
        "Y": 0.2708393633365631,
        "Z": -0.5522851943969727
    },
    "7": {
        "X": 0.5586738586425781,
        "Y": 0.29270169138908386,
        "Z": -0.32497936487197876
    },
    "8": {
        "X": 0.439424604177475,
        "Y": 0.29460206627845764,
        "Z": -0.2866174876689911
    },
    "9": {
        "X": 0.5078246593475342,
        "Y": 0.35512644052505493,
        "Z": -0.495053768157959
    },
    "10": {
        "X": 0.4623628556728363,
        "Y": 0.35553213953971863,
        "Z": -0.4844761788845062
    },
    "11": {
        "X": 0.6611648797988892,
        "Y": 0.5095361471176147,
        "Z": -0.18337514996528625
    },
    "12": {
        "X": 0.3703225255012512,
        "Y": 0.5268679857254028,
        "Z": -0.19547533988952637
    },
    "13": {
        "X": 0.7111408114433289,
        "Y": 0.7984216213226318,
        "Z": -0.14976361393928528
    },
    "14": {
        "X": 0.34098634123802185,
        "Y": 0.8618364334106445,
        "Z": -0.4559842646121979
    },
    "15": {
        "X": 0.6427412033081055,
        "Y": 0.9982961416244507,
        "Z": -0.32117652893066406
    },
    "16": {
        "X": 0.4278523027896881,
        "Y": 0.633538544178009,
        "Z": -0.9644325375556946
    },
    "17": {
        "X": 0.6386135816574097,
        "Y": 1.0849609375,
        "Z": -0.35804346203804016
    },
    "18": {
        "X": 0.4437338709831238,
        "Y": 0.5732152462005615,
        "Z": -1.0636390447616577
    },
    "19": {
        "X": 0.6172105073928833,
        "Y": 1.0594838857650757,
        "Z": -0.3812717795372009
    },
    "20": {
        "X": 0.4313180446624756,
        "Y": 0.5375581979751587,
        "Z": -1.0424963235855103
    },
    "21": {
        "X": 0.6106976270675659,
        "Y": 1.0254051685333252,
        "Z": -0.33266767859458923
    },
    "22": {
        "X": 0.43198108673095703,
        "Y": 0.5613162517547607,
        "Z": -0.9656550288200378
    },
    "23": {
        "X": 0.6031443476676941,
        "Y": 1.0194251537322998,
        "Z": -0.012545233592391014
    },
    "24": {
        "X": 0.4054573178291321,
        "Y": 1.0490906238555908,
        "Z": 0.014417615719139576
    },
    "25": {
        "X": 0.5907207727432251,
        "Y": 1.4403891563415527,
        "Z": 0.0017363459337502718
    },
    "26": {
        "X": 0.4055253863334656,
        "Y": 1.436913013458252,
        "Z": 0.10899841785430908
    },
    "27": {
        "X": 0.581993579864502,
        "Y": 1.8053367137908936,
        "Z": 0.36251145601272583
    },
    "28": {
        "X": 0.4015926420688629,
        "Y": 1.8059430122375488,
        "Z": 0.37970685958862305
    },
    "29": {
        "X": 0.586333155632019,
        "Y": 1.8520941734313965,
        "Z": 0.38398826122283936
    },
    "30": {
        "X": 0.4001021385192871,
        "Y": 1.857512354850769,
        "Z": 0.3994463086128235
    },
    "31": {
        "X": 0.556420624256134,
        "Y": 1.934753656387329,
        "Z": 0.042580798268318176
    },
    "32": {
        "X": 0.4169527590274811,
        "Y": 1.9264320135116577,
        "Z": 0.039766281843185425
    }
}