{
    "0": {
        "X": 0.4843469262123108,
        "Y": 0.2977561950683594,
        "Z": -0.9350865483283997
    },
    "1": {
        "X": 0.5099676847457886,
        "Y": 0.25800663232803345,
        "Z": -0.907554030418396
    },
    "2": {
        "X": 0.5262022018432617,
        "Y": 0.2576943039894104,
        "Z": -0.9076388478279114
    },
    "3": {
        "X": 0.5401772856712341,
        "Y": 0.2585541605949402,
        "Z": -0.9075747728347778
    },
    "4": {
        "X": 0.46788087487220764,
        "Y": 0.2614027261734009,
        "Z": -0.905282199382782
    },
    "5": {
        "X": 0.4571174085140228,
        "Y": 0.2628191113471985,
        "Z": -0.9055077433586121
    },
    "6": {
        "X": 0.4479207396507263,
        "Y": 0.2646956443786621,
        "Z": -0.9059710502624512
    },
    "7": {
        "X": 0.5616724491119385,
        "Y": 0.2851886749267578,
        "Z": -0.6469420194625854
    },
    "8": {
        "X": 0.43798208236694336,
        "Y": 0.29116204380989075,
        "Z": -0.6292675733566284
    },
    "9": {
        "X": 0.5189226865768433,
        "Y": 0.34502550959587097,
        "Z": -0.8308140635490417
    },
    "10": {
        "X": 0.46491605043411255,
        "Y": 0.3427750766277313,
        "Z": -0.826200008392334
    },
    "11": {
        "X": 0.6644486784934998,
        "Y": 0.5207725167274475,
        "Z": -0.40224069356918335
    },
    "12": {
        "X": 0.3709646463394165,
        "Y": 0.5177873969078064,
        "Z": -0.43097057938575745
    },
    "13": {
        "X": 0.7063454985618591,
        "Y": 0.8186567425727844,
        "Z": -0.307563841342926
    },
    "14": {
        "X": 0.32830482721328735,
        "Y": 0.8189226388931274,
        "Z": -0.317107617855072
    },
    "15": {
        "X": 0.6141754388809204,
        "Y": 1.0339637994766235,
        "Z": -0.5010625720024109
    },
    "16": {
        "X": 0.40999096632003784,
        "Y": 1.0245054960250854,
        "Z": -0.5396906733512878
    },
    "17": {
        "X": 0.6086167693138123,
        "Y": 1.1127989292144775,
        "Z": -0.5730754137039185
    },
    "18": {
        "X": 0.41316428780555725,
        "Y": 1.1124861240386963,
        "Z": -0.6182903051376343
    },
    "19": {
        "X": 0.5759363770484924,
        "Y": 1.0890008211135864,
        "Z": -0.6147103905677795
    },
    "20": {
        "X": 0.4446728825569153,
        "Y": 1.0984042882919312,
        "Z": -0.6643012762069702
    },
    "21": {
        "X": 0.5762355923652649,
        "Y": 1.0515656471252441,
        "Z": -0.5218659043312073
    },
    "22": {
        "X": 0.44583645462989807,
        "Y": 1.0573809146881104,
        "Z": -0.5613342523574829
    },
    "23": {
        "X": 0.6080825924873352,
        "Y": 1.0242105722427368,
        "Z": -0.03184714913368225
    },
    "24": {
        "X": 0.41630762815475464,
        "Y": 1.0266393423080444,
        "Z": 0.033229779452085495
    },
    "25": {
        "X": 0.5854088068008423,
        "Y": 1.455170750617981,
        "Z": -0.023093022406101227
    },
    "26": {
        "X": 0.40626993775367737,
        "Y": 1.4478771686553955,
        "Z": 0.04746830463409424
    },
    "27": {
        "X": 0.5831444263458252,
        "Y": 1.8278543949127197,
        "Z": 0.3485400378704071
    },
    "28": {
        "X": 0.41237378120422363,
        "Y": 1.8242061138153076,
        "Z": 0.29034847021102905
    },
    "29": {
        "X": 0.5855855941772461,
        "Y": 1.8841443061828613,
        "Z": 0.3732646107673645
    },
    "30": {
        "X": 0.41503453254699707,
        "Y": 1.880337119102478,
        "Z": 0.302374929189682
    },
    "31": {
        "X": 0.5562561750411987,
        "Y": 1.954889178276062,
        "Z": 0.0010555944172665477
    },
    "32": {
        "X": 0.42967119812965393,
        "Y": 1.9512532949447632,
        "Z": -0.06599745899438858
    }
}