{
    "0": {
        "X": 0.4909619688987732,
        "Y": 0.2973797917366028,
        "Z": -0.7507340312004089
    },
    "1": {
        "X": 0.5154416561126709,
        "Y": 0.25968918204307556,
        "Z": -0.7282129526138306
    },
    "2": {
        "X": 0.5302972793579102,
        "Y": 0.26058563590049744,
        "Z": -0.7280564308166504
    },
    "3": {
        "X": 0.543786883354187,
        "Y": 0.2623797059059143,
        "Z": -0.7281014919281006
    },
    "4": {
        "X": 0.47499972581863403,
        "Y": 0.2610127031803131,
        "Z": -0.728451132774353
    },
    "5": {
        "X": 0.46435266733169556,
        "Y": 0.26218944787979126,
        "Z": -0.728321373462677
    },
    "6": {
        "X": 0.4552372395992279,
        "Y": 0.2635433077812195,
        "Z": -0.728557288646698
    },
    "7": {
        "X": 0.5618563890457153,
        "Y": 0.2914397120475769,
        "Z": -0.4901556074619293
    },
    "8": {
        "X": 0.4474096894264221,
        "Y": 0.28842538595199585,
        "Z": -0.478809118270874
    },
    "9": {
        "X": 0.5242556929588318,
        "Y": 0.3477160632610321,
        "Z": -0.6547590494155884
    },
    "10": {
        "X": 0.4688169062137604,
        "Y": 0.3448423445224762,
        "Z": -0.6518806219100952
    },
    "11": {
        "X": 0.6630386710166931,
        "Y": 0.534672737121582,
        "Z": -0.3107534646987915
    },
    "12": {
        "X": 0.3636520206928253,
        "Y": 0.5159689784049988,
        "Z": -0.3368373513221741
    },
    "13": {
        "X": 0.7017896771430969,
        "Y": 0.8058257699012756,
        "Z": -0.17569783329963684
    },
    "14": {
        "X": 0.3396156430244446,
        "Y": 0.7949557900428772,
        "Z": -0.16412031650543213
    },
    "15": {
        "X": 0.6227311491966248,
        "Y": 1.019773244857788,
        "Z": -0.23574551939964294
    },
    "16": {
        "X": 0.39644065499305725,
        "Y": 1.0068004131317139,
        "Z": -0.2795995771884918
    },
    "17": {
        "X": 0.6160144805908203,
        "Y": 1.103432297706604,
        "Z": -0.2743200659751892
    },
    "18": {
        "X": 0.39950162172317505,
        "Y": 1.0873361825942993,
        "Z": -0.33291709423065186
    },
    "19": {
        "X": 0.588348925113678,
        "Y": 1.0895063877105713,
        "Z": -0.3079688251018524
    },
    "20": {
        "X": 0.42877769470214844,
        "Y": 1.0791763067245483,
        "Z": -0.3753710389137268
    },
    "21": {
        "X": 0.5849750638008118,
        "Y": 1.049532175064087,
        "Z": -0.2515926659107208
    },
    "22": {
        "X": 0.4269029200077057,
        "Y": 1.0354197025299072,
        "Z": -0.2996708154678345
    },
    "23": {
        "X": 0.5963369011878967,
        "Y": 1.036312222480774,
        "Z": -0.015472953207790852
    },
    "24": {
        "X": 0.4032023549079895,
        "Y": 1.0442568063735962,
        "Z": 0.017612066119909286
    },
    "25": {
        "X": 0.5828304290771484,
        "Y": 1.4876092672348022,
        "Z": 0.10281374305486679
    },
    "26": {
        "X": 0.39572158455848694,
        "Y": 1.471048355102539,
        "Z": 0.08250323683023453
    },
    "27": {
        "X": 0.5708421468734741,
        "Y": 1.8657002449035645,
        "Z": 0.5573009252548218
    },
    "28": {
        "X": 0.39589083194732666,
        "Y": 1.8492393493652344,
        "Z": 0.4209190905094147
    },
    "29": {
        "X": 0.573961615562439,
        "Y": 1.9210848808288574,
        "Z": 0.5848736763000488
    },
    "30": {
        "X": 0.3957437574863434,
        "Y": 1.9022794961929321,
        "Z": 0.4419982433319092
    },
    "31": {
        "X": 0.5376213788986206,
        "Y": 1.9966713190078735,
        "Z": 0.21860472857952118
    },
    "32": {
        "X": 0.42108219861984253,
        "Y": 1.9846843481063843,
        "Z": 0.026041224598884583
    }
}