{
    "0": {
        "X": 0.4566022753715515,
        "Y": 0.297548770904541,
        "Z": -0.483401358127594
    },
    "1": {
        "X": 0.48197126388549805,
        "Y": 0.26059073209762573,
        "Z": -0.4858469069004059
    },
    "2": {
        "X": 0.49853020906448364,
        "Y": 0.2605365216732025,
        "Z": -0.48563846945762634
    },
    "3": {
        "X": 0.5159785747528076,
        "Y": 0.261391818523407,
        "Z": -0.48569631576538086
    },
    "4": {
        "X": 0.45078176259994507,
        "Y": 0.2614288926124573,
        "Z": -0.4615771770477295
    },
    "5": {
        "X": 0.4430557191371918,
        "Y": 0.2619355022907257,
        "Z": -0.46128982305526733
    },
    "6": {
        "X": 0.4363211989402771,
        "Y": 0.2627289891242981,
        "Z": -0.4615737497806549
    },
    "7": {
        "X": 0.5501810312271118,
        "Y": 0.29099351167678833,
        "Z": -0.3681824207305908
    },
    "8": {
        "X": 0.44685497879981995,
        "Y": 0.28584757447242737,
        "Z": -0.24201159179210663
    },
    "9": {
        "X": 0.4834812581539154,
        "Y": 0.34571531414985657,
        "Z": -0.4323410391807556
    },
    "10": {
        "X": 0.4458755552768707,
        "Y": 0.3421935439109802,
        "Z": -0.39623382687568665
    },
    "11": {
        "X": 0.6626705527305603,
        "Y": 0.537914514541626,
        "Z": -0.2586171329021454
    },
    "12": {
        "X": 0.36670032143592834,
        "Y": 0.514564573764801,
        "Z": -0.15639600157737732
    },
    "13": {
        "X": 0.705775797367096,
        "Y": 0.7996006011962891,
        "Z": -0.10524605214595795
    },
    "14": {
        "X": 0.3463866114616394,
        "Y": 0.785350501537323,
        "Z": 0.0687338262796402
    },
    "15": {
        "X": 0.6200235486030579,
        "Y": 1.0243868827819824,
        "Z": 0.016596827656030655
    },
    "16": {
        "X": 0.3919984698295593,
        "Y": 0.9830712676048279,
        "Z": 0.06614157557487488
    },
    "17": {
        "X": 0.6159572601318359,
        "Y": 1.1173871755599976,
        "Z": 0.017613645642995834
    },
    "18": {
        "X": 0.39134538173675537,
        "Y": 1.0870846509933472,
        "Z": 0.04337038844823837
    },
    "19": {
        "X": 0.5804988145828247,
        "Y": 1.085273265838623,
        "Z": -0.0018274268368259072
    },
    "20": {
        "X": 0.4102899432182312,
        "Y": 1.075784683227539,
        "Z": 0.007467719726264477
    },
    "21": {
        "X": 0.5808936357498169,
        "Y": 1.0451050996780396,
        "Z": 0.012227484956383705
    },
    "22": {
        "X": 0.4146718382835388,
        "Y": 1.041711688041687,
        "Z": 0.04837659001350403
    },
    "23": {
        "X": 0.5940777063369751,
        "Y": 1.041506052017212,
        "Z": -0.04273137077689171
    },
    "24": {
        "X": 0.4013785719871521,
        "Y": 1.048009991645813,
        "Z": 0.04479783773422241
    },
    "25": {
        "X": 0.5807906985282898,
        "Y": 1.4906293153762817,
        "Z": 0.03422378748655319
    },
    "26": {
        "X": 0.40004557371139526,
        "Y": 1.4690383672714233,
        "Z": 0.10071615874767303
    },
    "27": {
        "X": 0.5691717267036438,
        "Y": 1.8690168857574463,
        "Z": 0.459772527217865
    },
    "28": {
        "X": 0.3948163688182831,
        "Y": 1.8484824895858765,
        "Z": 0.40517982840538025
    },
    "29": {
        "X": 0.5752655267715454,
        "Y": 1.9237438440322876,
        "Z": 0.48467308282852173
    },
    "30": {
        "X": 0.394015371799469,
        "Y": 1.9027135372161865,
        "Z": 0.42511415481567383
    },
    "31": {
        "X": 0.530385434627533,
        "Y": 1.9988974332809448,
        "Z": 0.13773967325687408
    },
    "32": {
        "X": 0.40993982553482056,
        "Y": 1.9840378761291504,
        "Z": 0.0524645559489727
    }
}