{
    "0": {
        "X": 0.4464899003505707,
        "Y": 0.3046080470085144,
        "Z": -0.6028438806533813
    },
    "1": {
        "X": 0.4674144685268402,
        "Y": 0.26562827825546265,
        "Z": -0.6099194288253784
    },
    "2": {
        "X": 0.4817848205566406,
        "Y": 0.2648853063583374,
        "Z": -0.6098657846450806
    },
    "3": {
        "X": 0.49876514077186584,
        "Y": 0.2645891010761261,
        "Z": -0.6098542213439941
    },
    "4": {
        "X": 0.44098028540611267,
        "Y": 0.2668832540512085,
        "Z": -0.584115207195282
    },
    "5": {
        "X": 0.4342729151248932,
        "Y": 0.267371267080307,
        "Z": -0.5840755105018616
    },
    "6": {
        "X": 0.4280196726322174,
        "Y": 0.26796770095825195,
        "Z": -0.5844922661781311
    },
    "7": {
        "X": 0.5446272492408752,
        "Y": 0.28986743092536926,
        "Z": -0.5030961036682129
    },
    "8": {
        "X": 0.44367942214012146,
        "Y": 0.28828251361846924,
        "Z": -0.36759328842163086
    },
    "9": {
        "X": 0.4725720286369324,
        "Y": 0.349711149930954,
        "Z": -0.5523207783699036
    },
    "10": {
        "X": 0.44123467803001404,
        "Y": 0.34928789734840393,
        "Z": -0.514762282371521
    },
    "11": {
        "X": 0.66547030210495,
        "Y": 0.5192047357559204,
        "Z": -0.3464467525482178
    },
    "12": {
        "X": 0.3705206513404846,
        "Y": 0.5191506147384644,
        "Z": -0.26895907521247864
    },
    "13": {
        "X": 0.7293407320976257,
        "Y": 0.7778580188751221,
        "Z": -0.19745072722434998
    },
    "14": {
        "X": 0.33853453397750854,
        "Y": 0.8006109595298767,
        "Z": -0.11103162914514542
    },
    "15": {
        "X": 0.6288674473762512,
        "Y": 1.0125430822372437,
        "Z": -0.17172273993492126
    },
    "16": {
        "X": 0.4049740433692932,
        "Y": 1.008719801902771,
        "Z": -0.23390594124794006
    },
    "17": {
        "X": 0.6167285442352295,
        "Y": 1.0901471376419067,
        "Z": -0.19134768843650818
    },
    "18": {
        "X": 0.4046669006347656,
        "Y": 1.0821421146392822,
        "Z": -0.27872204780578613
    },
    "19": {
        "X": 0.5888592004776001,
        "Y": 1.0684301853179932,
        "Z": -0.2220298796892166
    },
    "20": {
        "X": 0.43248409032821655,
        "Y": 1.0732043981552124,
        "Z": -0.31482642889022827
    },
    "21": {
        "X": 0.589405357837677,
        "Y": 1.023136019706726,
        "Z": -0.18052414059638977
    },
    "22": {
        "X": 0.4322264790534973,
        "Y": 1.0295723676681519,
        "Z": -0.25195756554603577
    },
    "23": {
        "X": 0.6015836000442505,
        "Y": 1.012984037399292,
        "Z": -0.035576123744249344
    },
    "24": {
        "X": 0.4105101227760315,
        "Y": 1.0005390644073486,
        "Z": 0.0370643250644207
    },
    "25": {
        "X": 0.5829389691352844,
        "Y": 1.4623509645462036,
        "Z": 0.028049275279045105
    },
    "26": {
        "X": 0.4066101908683777,
        "Y": 1.4410680532455444,
        "Z": 0.0759502425789833
    },
    "27": {
        "X": 0.5847724676132202,
        "Y": 1.8292006254196167,
        "Z": 0.42022013664245605
    },
    "28": {
        "X": 0.4099249243736267,
        "Y": 1.8148305416107178,
        "Z": 0.32968011498451233
    },
    "29": {
        "X": 0.5916908383369446,
        "Y": 1.8814448118209839,
        "Z": 0.4431028366088867
    },
    "30": {
        "X": 0.4108736515045166,
        "Y": 1.8676166534423828,
        "Z": 0.34702447056770325
    },
    "31": {
        "X": 0.5521889328956604,
        "Y": 1.9569727182388306,
        "Z": 0.12016383558511734
    },
    "32": {
        "X": 0.427379846572876,
        "Y": 1.9451793432235718,
        "Z": -0.0015862721484154463
    }
}