{
    "0": {
        "X": 0.5009192228317261,
        "Y": 0.3045053482055664,
        "Z": -0.9210842251777649
    },
    "1": {
        "X": 0.5219560265541077,
        "Y": 0.2629085183143616,
        "Z": -0.8897658586502075
    },
    "2": {
        "X": 0.5365849137306213,
        "Y": 0.2634965181350708,
        "Z": -0.8899017572402954
    },
    "3": {
        "X": 0.5489640235900879,
        "Y": 0.2650141716003418,
        "Z": -0.8898216485977173
    },
    "4": {
        "X": 0.482006698846817,
        "Y": 0.26502105593681335,
        "Z": -0.8935902714729309
    },
    "5": {
        "X": 0.4704083502292633,
        "Y": 0.2662090063095093,
        "Z": -0.893855094909668
    },
    "6": {
        "X": 0.4614830017089844,
        "Y": 0.267551988363266,
        "Z": -0.8943707346916199
    },
    "7": {
        "X": 0.5690448880195618,
        "Y": 0.2920437157154083,
        "Z": -0.6188565492630005
    },
    "8": {
        "X": 0.4504576325416565,
        "Y": 0.29278871417045593,
        "Z": -0.6264932155609131
    },
    "9": {
        "X": 0.5307981371879578,
        "Y": 0.3518223464488983,
        "Z": -0.8122998476028442
    },
    "10": {
        "X": 0.47882524132728577,
        "Y": 0.3501628041267395,
        "Z": -0.8155169486999512
    },
    "11": {
        "X": 0.6613291501998901,
        "Y": 0.5189123749732971,
        "Z": -0.39112478494644165
    },
    "12": {
        "X": 0.36611607670783997,
        "Y": 0.5201700329780579,
        "Z": -0.43911904096603394
    },
    "13": {
        "X": 0.7035757303237915,
        "Y": 0.7914139032363892,
        "Z": -0.27551016211509705
    },
    "14": {
        "X": 0.33609455823898315,
        "Y": 0.8021491765975952,
        "Z": -0.35732537508010864
    },
    "15": {
        "X": 0.6336908936500549,
        "Y": 1.0262459516525269,
        "Z": -0.45759066939353943
    },
    "16": {
        "X": 0.4125383794307709,
        "Y": 1.0237334966659546,
        "Z": -0.5314451456069946
    },
    "17": {
        "X": 0.6250801682472229,
        "Y": 1.1098239421844482,
        "Z": -0.525793194770813
    },
    "18": {
        "X": 0.4125734269618988,
        "Y": 1.097184419631958,
        "Z": -0.607367992401123
    },
    "19": {
        "X": 0.5960144996643066,
        "Y": 1.0860675573349,
        "Z": -0.5709884166717529
    },
    "20": {
        "X": 0.441871702671051,
        "Y": 1.093625783920288,
        "Z": -0.662511944770813
    },
    "21": {
        "X": 0.5915645360946655,
        "Y": 1.0524771213531494,
        "Z": -0.4799039959907532
    },
    "22": {
        "X": 0.4434908926486969,
        "Y": 1.0537755489349365,
        "Z": -0.5553061962127686
    },
    "23": {
        "X": 0.5981829762458801,
        "Y": 1.0050350427627563,
        "Z": -0.01982990652322769
    },
    "24": {
        "X": 0.4167558252811432,
        "Y": 1.0096039772033691,
        "Z": 0.02083912491798401
    },
    "25": {
        "X": 0.5709294080734253,
        "Y": 1.4089359045028687,
        "Z": -0.06313277035951614
    },
    "26": {
        "X": 0.39905014634132385,
        "Y": 1.4005579948425293,
        "Z": 0.10929545015096664
    },
    "27": {
        "X": 0.569301426410675,
        "Y": 1.7687255144119263,
        "Z": 0.342989981174469
    },
    "28": {
        "X": 0.40258970856666565,
        "Y": 1.7683547735214233,
        "Z": 0.4285239577293396
    },
    "29": {
        "X": 0.5702942609786987,
        "Y": 1.816662311553955,
        "Z": 0.36617058515548706
    },
    "30": {
        "X": 0.40501028299331665,
        "Y": 1.821785807609558,
        "Z": 0.4497314989566803
    },
    "31": {
        "X": 0.5443168878555298,
        "Y": 1.8980944156646729,
        "Z": 0.023019734770059586
    },
    "32": {
        "X": 0.41775378584861755,
        "Y": 1.8888640403747559,
        "Z": 0.08858881890773773
    }
}