{
    "0": {
        "X": 0.4572945237159729,
        "Y": 0.29318082332611084,
        "Z": -0.522142767906189
    },
    "1": {
        "X": 0.48288416862487793,
        "Y": 0.2562516927719116,
        "Z": -0.5193443298339844
    },
    "2": {
        "X": 0.4995454251766205,
        "Y": 0.2557872235774994,
        "Z": -0.5192087888717651
    },
    "3": {
        "X": 0.5167481303215027,
        "Y": 0.2563163936138153,
        "Z": -0.5192455649375916
    },
    "4": {
        "X": 0.45060721039772034,
        "Y": 0.2581753134727478,
        "Z": -0.49916306138038635
    },
    "5": {
        "X": 0.44254937767982483,
        "Y": 0.25885167717933655,
        "Z": -0.49894437193870544
    },
    "6": {
        "X": 0.4355575442314148,
        "Y": 0.25968170166015625,
        "Z": -0.4992913603782654
    },
    "7": {
        "X": 0.5502296686172485,
        "Y": 0.28751689195632935,
        "Z": -0.3766999840736389
    },
    "8": {
        "X": 0.44485774636268616,
        "Y": 0.28224271535873413,
        "Z": -0.26739174127578735
    },
    "9": {
        "X": 0.48458829522132874,
        "Y": 0.3390550911426544,
        "Z": -0.46042805910110474
    },
    "10": {
        "X": 0.4469027519226074,
        "Y": 0.3368597626686096,
        "Z": -0.43012627959251404
    },
    "11": {
        "X": 0.6677834391593933,
        "Y": 0.5327312350273132,
        "Z": -0.25235864520072937
    },
    "12": {
        "X": 0.3675251305103302,
        "Y": 0.5085970163345337,
        "Z": -0.1875116229057312
    },
    "13": {
        "X": 0.7033423781394958,
        "Y": 0.8094632029533386,
        "Z": -0.12215308845043182
    },
    "14": {
        "X": 0.34784403443336487,
        "Y": 0.7854785919189453,
        "Z": -0.04134177416563034
    },
    "15": {
        "X": 0.6194040775299072,
        "Y": 1.020999550819397,
        "Z": -0.10814175754785538
    },
    "16": {
        "X": 0.4018056392669678,
        "Y": 0.9928006529808044,
        "Z": -0.13409027457237244
    },
    "17": {
        "X": 0.6136397123336792,
        "Y": 1.0989973545074463,
        "Z": -0.13006846606731415
    },
    "18": {
        "X": 0.40314698219299316,
        "Y": 1.0629945993423462,
        "Z": -0.1754041612148285
    },
    "19": {
        "X": 0.5842262506484985,
        "Y": 1.0791457891464233,
        "Z": -0.15144146978855133
    },
    "20": {
        "X": 0.43517357110977173,
        "Y": 1.057955265045166,
        "Z": -0.2089526653289795
    },
    "21": {
        "X": 0.5784289240837097,
        "Y": 1.037319540977478,
        "Z": -0.1162923127412796
    },
    "22": {
        "X": 0.4337875247001648,
        "Y": 1.0190690755844116,
        "Z": -0.151933491230011
    },
    "23": {
        "X": 0.5977500677108765,
        "Y": 1.0340008735656738,
        "Z": -0.03525770083069801
    },
    "24": {
        "X": 0.40884071588516235,
        "Y": 1.0441282987594604,
        "Z": 0.037221383303403854
    },
    "25": {
        "X": 0.5910106897354126,
        "Y": 1.470700979232788,
        "Z": 0.058064837008714676
    },
    "26": {
        "X": 0.40947574377059937,
        "Y": 1.4561092853546143,
        "Z": 0.10266216099262238
    },
    "27": {
        "X": 0.5823045372962952,
        "Y": 1.8432942628860474,
        "Z": 0.4941423535346985
    },
    "28": {
        "X": 0.40875548124313354,
        "Y": 1.8303486108779907,
        "Z": 0.41531381011009216
    },
    "29": {
        "X": 0.5876506567001343,
        "Y": 1.8969266414642334,
        "Z": 0.521203875541687
    },
    "30": {
        "X": 0.40821966528892517,
        "Y": 1.8838982582092285,
        "Z": 0.43845778703689575
    },
    "31": {
        "X": 0.5453945398330688,
        "Y": 1.9725955724716187,
        "Z": 0.17866036295890808
    },
    "32": {
        "X": 0.4282246232032776,
        "Y": 1.9608904123306274,
        "Z": 0.06396041065454483
    }
}