{
    "0": {
        "X": 0.5063709020614624,
        "Y": 0.2951856553554535,
        "Z": -0.8484603762626648
    },
    "1": {
        "X": 0.5292140245437622,
        "Y": 0.25468507409095764,
        "Z": -0.8160239458084106
    },
    "2": {
        "X": 0.5431213974952698,
        "Y": 0.25645825266838074,
        "Z": -0.8159721493721008
    },
    "3": {
        "X": 0.5532507300376892,
        "Y": 0.25945737957954407,
        "Z": -0.8159527778625488
    },
    "4": {
        "X": 0.4874277114868164,
        "Y": 0.2563164532184601,
        "Z": -0.8230623006820679
    },
    "5": {
        "X": 0.47434765100479126,
        "Y": 0.25789812207221985,
        "Z": -0.8231358528137207
    },
    "6": {
        "X": 0.4644779562950134,
        "Y": 0.2599971890449524,
        "Z": -0.8235340118408203
    },
    "7": {
        "X": 0.5711225271224976,
        "Y": 0.28924718499183655,
        "Z": -0.5827094316482544
    },
    "8": {
        "X": 0.45329660177230835,
        "Y": 0.2860787510871887,
        "Z": -0.5765038728713989
    },
    "9": {
        "X": 0.5355928540229797,
        "Y": 0.3451857268810272,
        "Z": -0.7459543347358704
    },
    "10": {
        "X": 0.4803285002708435,
        "Y": 0.34286174178123474,
        "Z": -0.7526189684867859
    },
    "11": {
        "X": 0.6658010482788086,
        "Y": 0.5324838161468506,
        "Z": -0.3715531527996063
    },
    "12": {
        "X": 0.36013180017471313,
        "Y": 0.5246779322624207,
        "Z": -0.4403173327445984
    },
    "13": {
        "X": 0.7067205905914307,
        "Y": 0.8129602670669556,
        "Z": -0.22981615364551544
    },
    "14": {
        "X": 0.3274076581001282,
        "Y": 0.8281106948852539,
        "Z": -0.33131587505340576
    },
    "15": {
        "X": 0.6204632520675659,
        "Y": 1.0363459587097168,
        "Z": -0.34050190448760986
    },
    "16": {
        "X": 0.39258140325546265,
        "Y": 1.0223251581192017,
        "Z": -0.49532562494277954
    },
    "17": {
        "X": 0.6199556589126587,
        "Y": 1.129676103591919,
        "Z": -0.39501267671585083
    },
    "18": {
        "X": 0.39501455426216125,
        "Y": 1.1223597526550293,
        "Z": -0.563325822353363
    },
    "19": {
        "X": 0.5854325890541077,
        "Y": 1.1135692596435547,
        "Z": -0.434889018535614
    },
    "20": {
        "X": 0.4240686297416687,
        "Y": 1.1035443544387817,
        "Z": -0.6099913716316223
    },
    "21": {
        "X": 0.5861784219741821,
        "Y": 1.0765612125396729,
        "Z": -0.361633837223053
    },
    "22": {
        "X": 0.4237446188926697,
        "Y": 1.067163348197937,
        "Z": -0.5170394778251648
    },
    "23": {
        "X": 0.59312903881073,
        "Y": 1.032550573348999,
        "Z": -0.008416073396801949
    },
    "24": {
        "X": 0.4028869569301605,
        "Y": 1.0288481712341309,
        "Z": 0.009942787699401379
    },
    "25": {
        "X": 0.5764920711517334,
        "Y": 1.4756709337234497,
        "Z": 0.04239509999752045
    },
    "26": {
        "X": 0.3878067433834076,
        "Y": 1.4636609554290771,
        "Z": 0.034926243126392365
    },
    "27": {
        "X": 0.5654447078704834,
        "Y": 1.847994089126587,
        "Z": 0.4531378149986267
    },
    "28": {
        "X": 0.38760906457901,
        "Y": 1.8350417613983154,
        "Z": 0.30601274967193604
    },
    "29": {
        "X": 0.5662267208099365,
        "Y": 1.8997876644134521,
        "Z": 0.47573867440223694
    },
    "30": {
        "X": 0.3867482542991638,
        "Y": 1.8852721452713013,
        "Z": 0.32097285985946655
    },
    "31": {
        "X": 0.5418411493301392,
        "Y": 1.9806462526321411,
        "Z": 0.12441259622573853
    },
    "32": {
        "X": 0.408221960067749,
        "Y": 1.9646209478378296,
        "Z": -0.06671541929244995
    }
}