{
    "0": {
        "X": 0.5026822090148926,
        "Y": 0.29661890864372253,
        "Z": -0.756129801273346
    },
    "1": {
        "X": 0.5247709155082703,
        "Y": 0.25792184472084045,
        "Z": -0.7281858325004578
    },
    "2": {
        "X": 0.5387476682662964,
        "Y": 0.25909650325775146,
        "Z": -0.7281354069709778
    },
    "3": {
        "X": 0.550311803817749,
        "Y": 0.2612706422805786,
        "Z": -0.7281930446624756
    },
    "4": {
        "X": 0.48400798439979553,
        "Y": 0.25923871994018555,
        "Z": -0.7351176738739014
    },
    "5": {
        "X": 0.47217807173728943,
        "Y": 0.26037490367889404,
        "Z": -0.735038161277771
    },
    "6": {
        "X": 0.4630761742591858,
        "Y": 0.26197585463523865,
        "Z": -0.7353695631027222
    },
    "7": {
        "X": 0.5650960206985474,
        "Y": 0.2892210781574249,
        "Z": -0.4739919602870941
    },
    "8": {
        "X": 0.4508400559425354,
        "Y": 0.28776660561561584,
        "Z": -0.4899168908596039
    },
    "9": {
        "X": 0.5316339731216431,
        "Y": 0.3450344502925873,
        "Z": -0.6524409055709839
    },
    "10": {
        "X": 0.47693490982055664,
        "Y": 0.34512022137641907,
        "Z": -0.6584564447402954
    },
    "11": {
        "X": 0.6600785851478577,
        "Y": 0.5307502150535583,
        "Z": -0.2865971624851227
    },
    "12": {
        "X": 0.3658277690410614,
        "Y": 0.5180712938308716,
        "Z": -0.3435927927494049
    },
    "13": {
        "X": 0.7045162916183472,
        "Y": 0.7993482947349548,
        "Z": -0.14837206900119781
    },
    "14": {
        "X": 0.34634166955947876,
        "Y": 0.7902407050132751,
        "Z": -0.14869758486747742
    },
    "15": {
        "X": 0.62209153175354,
        "Y": 1.0145081281661987,
        "Z": -0.22214798629283905
    },
    "16": {
        "X": 0.39814332127571106,
        "Y": 0.9932138919830322,
        "Z": -0.19688013195991516
    },
    "17": {
        "X": 0.6147791743278503,
        "Y": 1.100314974784851,
        "Z": -0.2630859613418579
    },
    "18": {
        "X": 0.40131062269210815,
        "Y": 1.0668362379074097,
        "Z": -0.23834006488323212
    },
    "19": {
        "X": 0.5874511003494263,
        "Y": 1.0835856199264526,
        "Z": -0.3034052848815918
    },
    "20": {
        "X": 0.4293437898159027,
        "Y": 1.0570769309997559,
        "Z": -0.2851615846157074
    },
    "21": {
        "X": 0.5829712152481079,
        "Y": 1.0285077095031738,
        "Z": -0.2411424219608307
    },
    "22": {
        "X": 0.4270419478416443,
        "Y": 1.0175602436065674,
        "Z": -0.21687929332256317
    },
    "23": {
        "X": 0.5922154784202576,
        "Y": 1.0316519737243652,
        "Z": -0.010489572770893574
    },
    "24": {
        "X": 0.4047977328300476,
        "Y": 1.0005918741226196,
        "Z": 0.012447548098862171
    },
    "25": {
        "X": 0.5829867124557495,
        "Y": 1.4683688879013062,
        "Z": 0.08505979925394058
    },
    "26": {
        "X": 0.39721912145614624,
        "Y": 1.4552780389785767,
        "Z": 0.07100604474544525
    },
    "27": {
        "X": 0.5719321966171265,
        "Y": 1.8399395942687988,
        "Z": 0.5276099443435669
    },
    "28": {
        "X": 0.39392417669296265,
        "Y": 1.8290448188781738,
        "Z": 0.37514790892601013
    },
    "29": {
        "X": 0.5745101571083069,
        "Y": 1.8935528993606567,
        "Z": 0.5542780756950378
    },
    "30": {
        "X": 0.39292246103286743,
        "Y": 1.8836743831634521,
        "Z": 0.3946167826652527
    },
    "31": {
        "X": 0.5414638519287109,
        "Y": 1.9710891246795654,
        "Z": 0.20468123257160187
    },
    "32": {
        "X": 0.41423898935317993,
        "Y": 1.9581149816513062,
        "Z": 0.0033115155529230833
    }
}