{
    "0": {
        "X": 0.5047622919082642,
        "Y": 0.294301837682724,
        "Z": -0.8257150650024414
    },
    "1": {
        "X": 0.5265594720840454,
        "Y": 0.25656387209892273,
        "Z": -0.7894704341888428
    },
    "2": {
        "X": 0.5403074026107788,
        "Y": 0.2567477822303772,
        "Z": -0.789570689201355
    },
    "3": {
        "X": 0.5515714883804321,
        "Y": 0.2584306001663208,
        "Z": -0.7895999550819397
    },
    "4": {
        "X": 0.48489946126937866,
        "Y": 0.25854310393333435,
        "Z": -0.8004792332649231
    },
    "5": {
        "X": 0.47261109948158264,
        "Y": 0.25959524512290955,
        "Z": -0.8004822731018066
    },
    "6": {
        "X": 0.4634168744087219,
        "Y": 0.2612118124961853,
        "Z": -0.8008936047554016
    },
    "7": {
        "X": 0.5643814206123352,
        "Y": 0.28844213485717773,
        "Z": -0.4908559322357178
    },
    "8": {
        "X": 0.4474307894706726,
        "Y": 0.2863142192363739,
        "Z": -0.5325605273246765
    },
    "9": {
        "X": 0.5341476798057556,
        "Y": 0.3437718152999878,
        "Z": -0.7087257504463196
    },
    "10": {
        "X": 0.47801804542541504,
        "Y": 0.343147337436676,
        "Z": -0.7203763723373413
    },
    "11": {
        "X": 0.6609152555465698,
        "Y": 0.530105471611023,
        "Z": -0.25467756390571594
    },
    "12": {
        "X": 0.3616933226585388,
        "Y": 0.5128527283668518,
        "Z": -0.36639970541000366
    },
    "13": {
        "X": 0.7078992128372192,
        "Y": 0.7826011776924133,
        "Z": -0.14991074800491333
    },
    "14": {
        "X": 0.3408615291118622,
        "Y": 0.7952597141265869,
        "Z": -0.2419932633638382
    },
    "15": {
        "X": 0.6195736527442932,
        "Y": 1.0054150819778442,
        "Z": -0.3196583390235901
    },
    "16": {
        "X": 0.4054495692253113,
        "Y": 0.9997366070747375,
        "Z": -0.4212961196899414
    },
    "17": {
        "X": 0.6065052151679993,
        "Y": 1.0806503295898438,
        "Z": -0.3760361671447754
    },
    "18": {
        "X": 0.4054805636405945,
        "Y": 1.0690540075302124,
        "Z": -0.49413663148880005
    },
    "19": {
        "X": 0.5743104815483093,
        "Y": 1.04965341091156,
        "Z": -0.4207335412502289
    },
    "20": {
        "X": 0.4385048449039459,
        "Y": 1.0614808797836304,
        "Z": -0.5444775223731995
    },
    "21": {
        "X": 0.5728901624679565,
        "Y": 1.019059658050537,
        "Z": -0.34187889099121094
    },
    "22": {
        "X": 0.4347757399082184,
        "Y": 1.0256640911102295,
        "Z": -0.4454215466976166
    },
    "23": {
        "X": 0.5956448316574097,
        "Y": 1.0292856693267822,
        "Z": -0.005623428616672754
    },
    "24": {
        "X": 0.40966400504112244,
        "Y": 1.0025036334991455,
        "Z": 0.0074563585221767426
    },
    "25": {
        "X": 0.5901941061019897,
        "Y": 1.4598028659820557,
        "Z": 0.1066519021987915
    },
    "26": {
        "X": 0.4008926451206207,
        "Y": 1.446850061416626,
        "Z": 0.07697625458240509
    },
    "27": {
        "X": 0.5832940340042114,
        "Y": 1.826961874961853,
        "Z": 0.5603089332580566
    },
    "28": {
        "X": 0.4019789695739746,
        "Y": 1.817568302154541,
        "Z": 0.40260377526283264
    },
    "29": {
        "X": 0.5864953398704529,
        "Y": 1.8814125061035156,
        "Z": 0.5884586572647095
    },
    "30": {
        "X": 0.40080899000167847,
        "Y": 1.8723725080490112,
        "Z": 0.42343997955322266
    },
    "31": {
        "X": 0.5539630651473999,
        "Y": 1.956886649131775,
        "Z": 0.23738262057304382
    },
    "32": {
        "X": 0.4276542663574219,
        "Y": 1.9425040483474731,
        "Z": 0.024372171610593796
    }
}