{
    "0": {
        "X": 0.48376789689064026,
        "Y": 0.29741910099983215,
        "Z": -0.9009566307067871
    },
    "1": {
        "X": 0.5078919529914856,
        "Y": 0.2601805329322815,
        "Z": -0.8687416315078735
    },
    "2": {
        "X": 0.524089515209198,
        "Y": 0.25998252630233765,
        "Z": -0.8688687086105347
    },
    "3": {
        "X": 0.5388587713241577,
        "Y": 0.2603644132614136,
        "Z": -0.8688589930534363
    },
    "4": {
        "X": 0.4691585898399353,
        "Y": 0.261223703622818,
        "Z": -0.8690119981765747
    },
    "5": {
        "X": 0.4601603150367737,
        "Y": 0.2614973187446594,
        "Z": -0.8693178296089172
    },
    "6": {
        "X": 0.45246487855911255,
        "Y": 0.2618793547153473,
        "Z": -0.869837760925293
    },
    "7": {
        "X": 0.5626055002212524,
        "Y": 0.2849635183811188,
        "Z": -0.5900650024414062
    },
    "8": {
        "X": 0.4503408372402191,
        "Y": 0.2850583791732788,
        "Z": -0.587097704410553
    },
    "9": {
        "X": 0.5159273147583008,
        "Y": 0.34233829379081726,
        "Z": -0.7918699979782104
    },
    "10": {
        "X": 0.466086208820343,
        "Y": 0.3412293791770935,
        "Z": -0.7902003526687622
    },
    "11": {
        "X": 0.6650280356407166,
        "Y": 0.5045319199562073,
        "Z": -0.32083842158317566
    },
    "12": {
        "X": 0.3741733729839325,
        "Y": 0.5213651061058044,
        "Z": -0.4023224711418152
    },
    "13": {
        "X": 0.7118915915489197,
        "Y": 0.8029842376708984,
        "Z": -0.25566157698631287
    },
    "14": {
        "X": 0.3387250602245331,
        "Y": 0.8039665222167969,
        "Z": -0.3047894537448883
    },
    "15": {
        "X": 0.6218810677528381,
        "Y": 1.0276401042938232,
        "Z": -0.48145198822021484
    },
    "16": {
        "X": 0.40909862518310547,
        "Y": 1.0215047597885132,
        "Z": -0.5255326628684998
    },
    "17": {
        "X": 0.6116650700569153,
        "Y": 1.0947387218475342,
        "Z": -0.5608712434768677
    },
    "18": {
        "X": 0.4088127017021179,
        "Y": 1.101464867591858,
        "Z": -0.6078388690948486
    },
    "19": {
        "X": 0.5795880556106567,
        "Y": 1.0749163627624512,
        "Z": -0.6056683659553528
    },
    "20": {
        "X": 0.4422641694545746,
        "Y": 1.092820644378662,
        "Z": -0.6551702618598938
    },
    "21": {
        "X": 0.5788049697875977,
        "Y": 1.0422531366348267,
        "Z": -0.5036112070083618
    },
    "22": {
        "X": 0.4440340995788574,
        "Y": 1.0516122579574585,
        "Z": -0.5470843315124512
    },
    "23": {
        "X": 0.60246741771698,
        "Y": 1.0131325721740723,
        "Z": -0.017106633633375168
    },
    "24": {
        "X": 0.42168623208999634,
        "Y": 0.9981027245521545,
        "Z": 0.01813957281410694
    },
    "25": {
        "X": 0.5769321322441101,
        "Y": 1.4176154136657715,
        "Z": -0.0681372880935669
    },
    "26": {
        "X": 0.40559378266334534,
        "Y": 1.4005107879638672,
        "Z": 0.049291107803583145
    },
    "27": {
        "X": 0.5768638253211975,
        "Y": 1.776522159576416,
        "Z": 0.3756527304649353
    },
    "28": {
        "X": 0.40712055563926697,
        "Y": 1.770358681678772,
        "Z": 0.34040409326553345
    },
    "29": {
        "X": 0.5799033641815186,
        "Y": 1.8236980438232422,
        "Z": 0.4034392833709717
    },
    "30": {
        "X": 0.4096713662147522,
        "Y": 1.8233227729797363,
        "Z": 0.35796231031417847
    },
    "31": {
        "X": 0.5455461144447327,
        "Y": 1.9071428775787354,
        "Z": 0.07631292194128036
    },
    "32": {
        "X": 0.419020414352417,
        "Y": 1.893992304801941,
        "Z": 0.026350315660238266
    }
}