{
    "0": {
        "X": 0.41284409165382385,
        "Y": 0.2918893098831177,
        "Z": -0.5148473978042603
    },
    "1": {
        "X": 0.43545031547546387,
        "Y": 0.2547822594642639,
        "Z": -0.5456693768501282
    },
    "2": {
        "X": 0.4468042850494385,
        "Y": 0.25333571434020996,
        "Z": -0.5454993844032288
    },
    "3": {
        "X": 0.4586002826690674,
        "Y": 0.2520848512649536,
        "Z": -0.5455411672592163
    },
    "4": {
        "X": 0.4152853488922119,
        "Y": 0.257189005613327,
        "Z": -0.4944683909416199
    },
    "5": {
        "X": 0.4113994240760803,
        "Y": 0.257665753364563,
        "Z": -0.49425238370895386
    },
    "6": {
        "X": 0.4080571234226227,
        "Y": 0.2582854926586151,
        "Z": -0.49457889795303345
    },
    "7": {
        "X": 0.5110472440719604,
        "Y": 0.2731263339519501,
        "Z": -0.5552293658256531
    },
    "8": {
        "X": 0.4441295266151428,
        "Y": 0.27823835611343384,
        "Z": -0.2693600356578827
    },
    "9": {
        "X": 0.438483327627182,
        "Y": 0.33011379837989807,
        "Z": -0.48998337984085083
    },
    "10": {
        "X": 0.4154619574546814,
        "Y": 0.33086007833480835,
        "Z": -0.4211813807487488
    },
    "11": {
        "X": 0.6651880741119385,
        "Y": 0.5308400988578796,
        "Z": -0.43443065881729126
    },
    "12": {
        "X": 0.36619800329208374,
        "Y": 0.5122016668319702,
        "Z": -0.16745181381702423
    },
    "13": {
        "X": 0.6997402906417847,
        "Y": 0.8203969597816467,
        "Z": -0.28914937376976013
    },
    "14": {
        "X": 0.3408791422843933,
        "Y": 0.7962366342544556,
        "Z": 0.05089128017425537
    },
    "15": {
        "X": 0.619873583316803,
        "Y": 1.0343011617660522,
        "Z": -0.15186384320259094
    },
    "16": {
        "X": 0.4017912447452545,
        "Y": 1.007745385169983,
        "Z": -0.041266195476055145
    },
    "17": {
        "X": 0.6179150342941284,
        "Y": 1.1169342994689941,
        "Z": -0.15365254878997803
    },
    "18": {
        "X": 0.40050560235977173,
        "Y": 1.0924017429351807,
        "Z": -0.07027549296617508
    },
    "19": {
        "X": 0.5870720744132996,
        "Y": 1.0986555814743042,
        "Z": -0.15009677410125732
    },
    "20": {
        "X": 0.4305335581302643,
        "Y": 1.0757032632827759,
        "Z": -0.11192822456359863
    },
    "21": {
        "X": 0.5839714407920837,
        "Y": 1.0627211332321167,
        "Z": -0.14588209986686707
    },
    "22": {
        "X": 0.4217628836631775,
        "Y": 1.036358118057251,
        "Z": -0.0638996809720993
    },
    "23": {
        "X": 0.6005427241325378,
        "Y": 1.040613055229187,
        "Z": -0.09335234016180038
    },
    "24": {
        "X": 0.4136371612548828,
        "Y": 1.0508038997650146,
        "Z": 0.09531179815530777
    },
    "25": {
        "X": 0.5860200524330139,
        "Y": 1.5035197734832764,
        "Z": 0.010051382705569267
    },
    "26": {
        "X": 0.41486549377441406,
        "Y": 1.4856840372085571,
        "Z": 0.2032351940870285
    },
    "27": {
        "X": 0.5886014699935913,
        "Y": 1.8858084678649902,
        "Z": 0.5119180083274841
    },
    "28": {
        "X": 0.42441901564598083,
        "Y": 1.870857834815979,
        "Z": 0.5535654425621033
    },
    "29": {
        "X": 0.5982025861740112,
        "Y": 1.942586064338684,
        "Z": 0.5452011227607727
    },
    "30": {
        "X": 0.42834949493408203,
        "Y": 1.924777626991272,
        "Z": 0.5823441743850708
    },
    "31": {
        "X": 0.5457988381385803,
        "Y": 2.011321783065796,
        "Z": 0.1778065711259842
    },
    "32": {
        "X": 0.43100085854530334,
        "Y": 2.005618095397949,
        "Z": 0.217250794172287
    }
}