{
    "0": {
        "X": 0.45992159843444824,
        "Y": 0.2991943359375,
        "Z": -0.7497848272323608
    },
    "1": {
        "X": 0.48279792070388794,
        "Y": 0.26147451996803284,
        "Z": -0.7332803606987
    },
    "2": {
        "X": 0.4991548955440521,
        "Y": 0.2616094946861267,
        "Z": -0.7333732843399048
    },
    "3": {
        "X": 0.5165558457374573,
        "Y": 0.26222798228263855,
        "Z": -0.7332839369773865
    },
    "4": {
        "X": 0.45415082573890686,
        "Y": 0.2619266211986542,
        "Z": -0.7199125289916992
    },
    "5": {
        "X": 0.44650426506996155,
        "Y": 0.262264609336853,
        "Z": -0.7200413942337036
    },
    "6": {
        "X": 0.43968600034713745,
        "Y": 0.2627726197242737,
        "Z": -0.7206238508224487
    },
    "7": {
        "X": 0.5524623394012451,
        "Y": 0.2876991331577301,
        "Z": -0.5391651391983032
    },
    "8": {
        "X": 0.44988203048706055,
        "Y": 0.28701531887054443,
        "Z": -0.463174968957901
    },
    "9": {
        "X": 0.48616862297058105,
        "Y": 0.34540215134620667,
        "Z": -0.6691251397132874
    },
    "10": {
        "X": 0.45288270711898804,
        "Y": 0.3437374532222748,
        "Z": -0.6491156816482544
    },
    "11": {
        "X": 0.668641209602356,
        "Y": 0.5248345732688904,
        "Z": -0.3472457230091095
    },
    "12": {
        "X": 0.37163031101226807,
        "Y": 0.523983359336853,
        "Z": -0.3313272297382355
    },
    "13": {
        "X": 0.7093026638031006,
        "Y": 0.8163353800773621,
        "Z": -0.2620697319507599
    },
    "14": {
        "X": 0.33823472261428833,
        "Y": 0.806125283241272,
        "Z": -0.23427781462669373
    },
    "15": {
        "X": 0.6151833534240723,
        "Y": 1.0338934659957886,
        "Z": -0.390299916267395
    },
    "16": {
        "X": 0.41064366698265076,
        "Y": 1.0208370685577393,
        "Z": -0.4391961991786957
    },
    "17": {
        "X": 0.6070411801338196,
        "Y": 1.1091406345367432,
        "Z": -0.4465373158454895
    },
    "18": {
        "X": 0.4096749722957611,
        "Y": 1.101470947265625,
        "Z": -0.510377049446106
    },
    "19": {
        "X": 0.5759050250053406,
        "Y": 1.0805182456970215,
        "Z": -0.47769102454185486
    },
    "20": {
        "X": 0.4428492486476898,
        "Y": 1.0924321413040161,
        "Z": -0.5524555444717407
    },
    "21": {
        "X": 0.5750695466995239,
        "Y": 1.0452824831008911,
        "Z": -0.40433597564697266
    },
    "22": {
        "X": 0.4442949891090393,
        "Y": 1.0512934923171997,
        "Z": -0.4604741036891937
    },
    "23": {
        "X": 0.6023686528205872,
        "Y": 1.0178228616714478,
        "Z": -0.029518386349081993
    },
    "24": {
        "X": 0.41590699553489685,
        "Y": 0.9962009191513062,
        "Z": 0.0315188430249691
    },
    "25": {
        "X": 0.5826721787452698,
        "Y": 1.434578776359558,
        "Z": -0.04183372110128403
    },
    "26": {
        "X": 0.3998486399650574,
        "Y": 1.418479323387146,
        "Z": 0.09558290988206863
    },
    "27": {
        "X": 0.5764464139938354,
        "Y": 1.7963111400604248,
        "Z": 0.31405147910118103
    },
    "28": {
        "X": 0.4039744734764099,
        "Y": 1.7884938716888428,
        "Z": 0.3735223114490509
    },
    "29": {
        "X": 0.5824407339096069,
        "Y": 1.8485013246536255,
        "Z": 0.33204108476638794
    },
    "30": {
        "X": 0.4049832224845886,
        "Y": 1.8436492681503296,
        "Z": 0.3884473443031311
    },
    "31": {
        "X": 0.5377260446548462,
        "Y": 1.9244929552078247,
        "Z": -0.002183901611715555
    },
    "32": {
        "X": 0.4211370348930359,
        "Y": 1.9145699739456177,
        "Z": 0.05429388955235481
    }
}