{
    "0": {
        "X": 0.49834561347961426,
        "Y": 0.2945503294467926,
        "Z": -0.8590432405471802
    },
    "1": {
        "X": 0.5202533006668091,
        "Y": 0.25598645210266113,
        "Z": -0.8294879794120789
    },
    "2": {
        "X": 0.5345531702041626,
        "Y": 0.2571960389614105,
        "Z": -0.829511821269989
    },
    "3": {
        "X": 0.5468875169754028,
        "Y": 0.259459912776947,
        "Z": -0.8295314908027649
    },
    "4": {
        "X": 0.47995394468307495,
        "Y": 0.25899162888526917,
        "Z": -0.8345149159431458
    },
    "5": {
        "X": 0.4685097634792328,
        "Y": 0.2614544630050659,
        "Z": -0.8347634077072144
    },
    "6": {
        "X": 0.4597622752189636,
        "Y": 0.26431500911712646,
        "Z": -0.8352667093276978
    },
    "7": {
        "X": 0.5638180375099182,
        "Y": 0.28874334692955017,
        "Z": -0.599096417427063
    },
    "8": {
        "X": 0.4496828615665436,
        "Y": 0.291373610496521,
        "Z": -0.6206585168838501
    },
    "9": {
        "X": 0.5299561619758606,
        "Y": 0.34403151273727417,
        "Z": -0.7682569026947021
    },
    "10": {
        "X": 0.4749027192592621,
        "Y": 0.3431859314441681,
        "Z": -0.7726273536682129
    },
    "11": {
        "X": 0.6658899784088135,
        "Y": 0.5331977605819702,
        "Z": -0.37092310190200806
    },
    "12": {
        "X": 0.35983172059059143,
        "Y": 0.5218091607093811,
        "Z": -0.44846153259277344
    },
    "13": {
        "X": 0.693543553352356,
        "Y": 0.8200586438179016,
        "Z": -0.2555902600288391
    },
    "14": {
        "X": 0.34016183018684387,
        "Y": 0.8067547678947449,
        "Z": -0.359048992395401
    },
    "15": {
        "X": 0.606932520866394,
        "Y": 1.039799451828003,
        "Z": -0.35940760374069214
    },
    "16": {
        "X": 0.4040369987487793,
        "Y": 1.018986701965332,
        "Z": -0.5016815066337585
    },
    "17": {
        "X": 0.6013491749763489,
        "Y": 1.110999345779419,
        "Z": -0.40584978461265564
    },
    "18": {
        "X": 0.40453118085861206,
        "Y": 1.089508295059204,
        "Z": -0.5657497644424438
    },
    "19": {
        "X": 0.5715934634208679,
        "Y": 1.0907496213912964,
        "Z": -0.45037001371383667
    },
    "20": {
        "X": 0.4331100583076477,
        "Y": 1.0791261196136475,
        "Z": -0.6048705577850342
    },
    "21": {
        "X": 0.5679641366004944,
        "Y": 1.0528931617736816,
        "Z": -0.3791312575340271
    },
    "22": {
        "X": 0.4320945739746094,
        "Y": 1.0440484285354614,
        "Z": -0.5201959609985352
    },
    "23": {
        "X": 0.5919531583786011,
        "Y": 1.0215259790420532,
        "Z": -0.007809259928762913
    },
    "24": {
        "X": 0.4064251780509949,
        "Y": 0.9943690896034241,
        "Z": 0.00910046137869358
    },
    "25": {
        "X": 0.5693725347518921,
        "Y": 1.433210849761963,
        "Z": 0.04959843307733536
    },
    "26": {
        "X": 0.39079487323760986,
        "Y": 1.4174872636795044,
        "Z": 0.0592210479080677
    },
    "27": {
        "X": 0.563348650932312,
        "Y": 1.7913756370544434,
        "Z": 0.40835103392601013
    },
    "28": {
        "X": 0.39196258783340454,
        "Y": 1.7838350534439087,
        "Z": 0.3009151518344879
    },
    "29": {
        "X": 0.5659788846969604,
        "Y": 1.840708613395691,
        "Z": 0.4295760691165924
    },
    "30": {
        "X": 0.3923390507698059,
        "Y": 1.8378883600234985,
        "Z": 0.3136638402938843
    },
    "31": {
        "X": 0.5345242619514465,
        "Y": 1.9182182550430298,
        "Z": 0.1207277774810791
    },
    "32": {
        "X": 0.4071592390537262,
        "Y": 1.903560757637024,
        "Z": -0.029484206810593605
    }
}