{
    "0": {
        "X": 0.4138719141483307,
        "Y": 0.28883954882621765,
        "Z": -0.4288444519042969
    },
    "1": {
        "X": 0.4354472756385803,
        "Y": 0.25316545367240906,
        "Z": -0.4603975713253021
    },
    "2": {
        "X": 0.44608086347579956,
        "Y": 0.2522844970226288,
        "Z": -0.46020588278770447
    },
    "3": {
        "X": 0.45773786306381226,
        "Y": 0.2512916922569275,
        "Z": -0.4603312611579895
    },
    "4": {
        "X": 0.41599592566490173,
        "Y": 0.25506892800331116,
        "Z": -0.4097367823123932
    },
    "5": {
        "X": 0.41253480315208435,
        "Y": 0.25556039810180664,
        "Z": -0.4096331000328064
    },
    "6": {
        "X": 0.40945371985435486,
        "Y": 0.2561737596988678,
        "Z": -0.4099770188331604
    },
    "7": {
        "X": 0.5092840790748596,
        "Y": 0.2714071273803711,
        "Z": -0.4502248764038086
    },
    "8": {
        "X": 0.44419947266578674,
        "Y": 0.27620989084243774,
        "Z": -0.2086934596300125
    },
    "9": {
        "X": 0.43888649344444275,
        "Y": 0.3286511301994324,
        "Z": -0.41465654969215393
    },
    "10": {
        "X": 0.4170371890068054,
        "Y": 0.3280843496322632,
        "Z": -0.34463560581207275
    },
    "11": {
        "X": 0.6711705327033997,
        "Y": 0.5300819277763367,
        "Z": -0.3472732901573181
    },
    "12": {
        "X": 0.3675166964530945,
        "Y": 0.5013935565948486,
        "Z": -0.13617345690727234
    },
    "13": {
        "X": 0.6992724537849426,
        "Y": 0.8341978788375854,
        "Z": -0.2227100133895874
    },
    "14": {
        "X": 0.3483700454235077,
        "Y": 0.7893036603927612,
        "Z": 0.052593015134334564
    },
    "15": {
        "X": 0.6059244871139526,
        "Y": 1.0451396703720093,
        "Z": -0.1281842142343521
    },
    "16": {
        "X": 0.397413432598114,
        "Y": 0.997771143913269,
        "Z": -0.011319165118038654
    },
    "17": {
        "X": 0.6002405881881714,
        "Y": 1.1253788471221924,
        "Z": -0.13641297817230225
    },
    "18": {
        "X": 0.39463770389556885,
        "Y": 1.0708476305007935,
        "Z": -0.03822147846221924
    },
    "19": {
        "X": 0.5692812204360962,
        "Y": 1.1016545295715332,
        "Z": -0.16309820115566254
    },
    "20": {
        "X": 0.423713356256485,
        "Y": 1.0671995878219604,
        "Z": -0.07438616454601288
    },
    "21": {
        "X": 0.5689440965652466,
        "Y": 1.0606763362884521,
        "Z": -0.1334623545408249
    },
    "22": {
        "X": 0.40152254700660706,
        "Y": 1.0375553369522095,
        "Z": -0.032269470393657684
    },
    "23": {
        "X": 0.5951865911483765,
        "Y": 1.041233777999878,
        "Z": -0.06645543873310089
    },
    "24": {
        "X": 0.40748676657676697,
        "Y": 1.0075829029083252,
        "Z": 0.06838741898536682
    },
    "25": {
        "X": 0.5731145143508911,
        "Y": 1.478087306022644,
        "Z": 0.00830659456551075
    },
    "26": {
        "X": 0.40412837266921997,
        "Y": 1.4490636587142944,
        "Z": 0.12139137089252472
    },
    "27": {
        "X": 0.5753608345985413,
        "Y": 1.8493351936340332,
        "Z": 0.41777223348617554
    },
    "28": {
        "X": 0.40640297532081604,
        "Y": 1.8264625072479248,
        "Z": 0.3788774609565735
    },
    "29": {
        "X": 0.5860251784324646,
        "Y": 1.9043669700622559,
        "Z": 0.4438211917877197
    },
    "30": {
        "X": 0.4075399935245514,
        "Y": 1.8810973167419434,
        "Z": 0.3962770104408264
    },
    "31": {
        "X": 0.5304692387580872,
        "Y": 1.9708976745605469,
        "Z": 0.12589427828788757
    },
    "32": {
        "X": 0.4094197750091553,
        "Y": 1.9555280208587646,
        "Z": 0.06339077651500702
    }
}