{
    "0": {
        "X": 0.3945780098438263,
        "Y": 0.36769622564315796,
        "Z": -0.38610437512397766
    },
    "1": {
        "X": 0.425046443939209,
        "Y": 0.31963175535202026,
        "Z": -0.42741718888282776
    },
    "2": {
        "X": 0.4348521828651428,
        "Y": 0.32015693187713623,
        "Z": -0.42728838324546814
    },
    "3": {
        "X": 0.4443795680999756,
        "Y": 0.321381539106369,
        "Z": -0.42757290601730347
    },
    "4": {
        "X": 0.411249577999115,
        "Y": 0.3179672062397003,
        "Z": -0.36271291971206665
    },
    "5": {
        "X": 0.41048693656921387,
        "Y": 0.3170665204524994,
        "Z": -0.3623760938644409
    },
    "6": {
        "X": 0.40999364852905273,
        "Y": 0.31624090671539307,
        "Z": -0.3627997636795044
    },
    "7": {
        "X": 0.5042846202850342,
        "Y": 0.3521251082420349,
        "Z": -0.4485456943511963
    },
    "8": {
        "X": 0.44948452711105347,
        "Y": 0.34015390276908875,
        "Z": -0.12435100972652435
    },
    "9": {
        "X": 0.41464704275131226,
        "Y": 0.4107079803943634,
        "Z": -0.3803942799568176
    },
    "10": {
        "X": 0.3950693607330322,
        "Y": 0.41091156005859375,
        "Z": -0.28835171461105347
    },
    "11": {
        "X": 0.6621395349502563,
        "Y": 0.614882230758667,
        "Z": -0.35534191131591797
    },
    "12": {
        "X": 0.35186466574668884,
        "Y": 0.5941902995109558,
        "Z": -0.06884129345417023
    },
    "13": {
        "X": 0.7188057899475098,
        "Y": 0.9150269627571106,
        "Z": -0.2967335283756256
    },
    "14": {
        "X": 0.286413311958313,
        "Y": 0.9133771061897278,
        "Z": 0.0894312933087349
    },
    "15": {
        "X": 0.7212477326393127,
        "Y": 1.186095118522644,
        "Z": -0.30573245882987976
    },
    "16": {
        "X": 0.3169824481010437,
        "Y": 1.1509302854537964,
        "Z": -0.09970419108867645
    },
    "17": {
        "X": 0.7413309812545776,
        "Y": 1.2580970525741577,
        "Z": -0.35910332202911377
    },
    "18": {
        "X": 0.30773404240608215,
        "Y": 1.2300219535827637,
        "Z": -0.15073776245117188
    },
    "19": {
        "X": 0.7094407081604004,
        "Y": 1.2505561113357544,
        "Z": -0.3964642286300659
    },
    "20": {
        "X": 0.33407920598983765,
        "Y": 1.2163827419281006,
        "Z": -0.2126932144165039
    },
    "21": {
        "X": 0.6955080032348633,
        "Y": 1.221569538116455,
        "Z": -0.32476282119750977
    },
    "22": {
        "X": 0.34301966428756714,
        "Y": 1.1872044801712036,
        "Z": -0.13666506111621857
    },
    "23": {
        "X": 0.5947283506393433,
        "Y": 1.2523019313812256,
        "Z": -0.10006548464298248
    },
    "24": {
        "X": 0.37868064641952515,
        "Y": 1.2337614297866821,
        "Z": 0.10357348620891571
    },
    "25": {
        "X": 0.5734411478042603,
        "Y": 1.7540477514266968,
        "Z": -0.08262542635202408
    },
    "26": {
        "X": 0.38360515236854553,
        "Y": 1.7310681343078613,
        "Z": 0.12663021683692932
    },
    "27": {
        "X": 0.5708919167518616,
        "Y": 2.2145943641662598,
        "Z": 0.3669174909591675
    },
    "28": {
        "X": 0.3808039128780365,
        "Y": 2.1925482749938965,
        "Z": 0.4140506684780121
    },
    "29": {
        "X": 0.5798348188400269,
        "Y": 2.283323049545288,
        "Z": 0.38989728689193726
    },
    "30": {
        "X": 0.3800657391548157,
        "Y": 2.261704683303833,
        "Z": 0.43409472703933716
    },
    "31": {
        "X": 0.5167748928070068,
        "Y": 2.342219591140747,
        "Z": 0.0028002059552818537
    },
    "32": {
        "X": 0.3804241716861725,
        "Y": 2.324730396270752,
        "Z": 0.024433458223938942
    }
}