{
    "0": {
        "X": 0.4295058846473694,
        "Y": 0.36103561520576477,
        "Z": -0.4495895802974701
    },
    "1": {
        "X": 0.4581238329410553,
        "Y": 0.3146149218082428,
        "Z": -0.46700310707092285
    },
    "2": {
        "X": 0.4726789891719818,
        "Y": 0.31518155336380005,
        "Z": -0.46690791845321655
    },
    "3": {
        "X": 0.48839816451072693,
        "Y": 0.31712642312049866,
        "Z": -0.46707844734191895
    },
    "4": {
        "X": 0.43331146240234375,
        "Y": 0.316081702709198,
        "Z": -0.4194006025791168
    },
    "5": {
        "X": 0.42731183767318726,
        "Y": 0.31646937131881714,
        "Z": -0.4190516471862793
    },
    "6": {
        "X": 0.4211275577545166,
        "Y": 0.31675970554351807,
        "Z": -0.41945725679397583
    },
    "7": {
        "X": 0.539680004119873,
        "Y": 0.3504663109779358,
        "Z": -0.40540212392807007
    },
    "8": {
        "X": 0.44283246994018555,
        "Y": 0.33840295672416687,
        "Z": -0.1640566885471344
    },
    "9": {
        "X": 0.4536289572715759,
        "Y": 0.408121794462204,
        "Z": -0.4167355000972748
    },
    "10": {
        "X": 0.4213504195213318,
        "Y": 0.4084315896034241,
        "Z": -0.34807664155960083
    },
    "11": {
        "X": 0.6683687567710876,
        "Y": 0.6190054416656494,
        "Z": -0.28977274894714355
    },
    "12": {
        "X": 0.3499716520309448,
        "Y": 0.589976966381073,
        "Z": -0.11451274156570435
    },
    "13": {
        "X": 0.7161120772361755,
        "Y": 0.9217784404754639,
        "Z": -0.2384290248155594
    },
    "14": {
        "X": 0.2948707044124603,
        "Y": 0.9203794002532959,
        "Z": -0.0011474087368696928
    },
    "15": {
        "X": 0.7017200589179993,
        "Y": 1.1903553009033203,
        "Z": -0.2950350344181061
    },
    "16": {
        "X": 0.3317156434059143,
        "Y": 1.1557884216308594,
        "Z": -0.21673908829689026
    },
    "17": {
        "X": 0.7150970101356506,
        "Y": 1.2705421447753906,
        "Z": -0.34996551275253296
    },
    "18": {
        "X": 0.3212963044643402,
        "Y": 1.243434190750122,
        "Z": -0.27509787678718567
    },
    "19": {
        "X": 0.6787562966346741,
        "Y": 1.2583199739456177,
        "Z": -0.38228482007980347
    },
    "20": {
        "X": 0.3514312505722046,
        "Y": 1.2347347736358643,
        "Z": -0.3301498293876648
    },
    "21": {
        "X": 0.6684922575950623,
        "Y": 1.2231743335723877,
        "Z": -0.3135811388492584
    },
    "22": {
        "X": 0.3612416982650757,
        "Y": 1.2006407976150513,
        "Z": -0.250451922416687
    },
    "23": {
        "X": 0.592522382736206,
        "Y": 1.2485953569412231,
        "Z": -0.07422789931297302
    },
    "24": {
        "X": 0.3752160966396332,
        "Y": 1.227487325668335,
        "Z": 0.07765798270702362
    },
    "25": {
        "X": 0.5701979994773865,
        "Y": 1.7428553104400635,
        "Z": -0.036429017782211304
    },
    "26": {
        "X": 0.37537992000579834,
        "Y": 1.7217952013015747,
        "Z": 0.11989615857601166
    },
    "27": {
        "X": 0.5608173608779907,
        "Y": 2.1906678676605225,
        "Z": 0.40890732407569885
    },
    "28": {
        "X": 0.37008216977119446,
        "Y": 2.1716113090515137,
        "Z": 0.40805572271347046
    },
    "29": {
        "X": 0.5697832703590393,
        "Y": 2.2601864337921143,
        "Z": 0.43235141038894653
    },
    "30": {
        "X": 0.36853522062301636,
        "Y": 2.242908000946045,
        "Z": 0.42762288451194763
    },
    "31": {
        "X": 0.5084170699119568,
        "Y": 2.3287928104400635,
        "Z": 0.0523659773170948
    },
    "32": {
        "X": 0.3777177929878235,
        "Y": 2.312077283859253,
        "Z": 0.02503829263150692
    }
}