{
    "0": {
        "X": 0.39568063616752625,
        "Y": 0.3591097295284271,
        "Z": -0.3679947853088379
    },
    "1": {
        "X": 0.4276095926761627,
        "Y": 0.31296080350875854,
        "Z": -0.4133400022983551
    },
    "2": {
        "X": 0.43643617630004883,
        "Y": 0.31388917565345764,
        "Z": -0.41318899393081665
    },
    "3": {
        "X": 0.4449784755706787,
        "Y": 0.31567108631134033,
        "Z": -0.4134178161621094
    },
    "4": {
        "X": 0.41568344831466675,
        "Y": 0.31306368112564087,
        "Z": -0.3401767313480377
    },
    "5": {
        "X": 0.4158097207546234,
        "Y": 0.3141031265258789,
        "Z": -0.339861124753952
    },
    "6": {
        "X": 0.41609421372413635,
        "Y": 0.31483596563339233,
        "Z": -0.34030410647392273
    },
    "7": {
        "X": 0.5041927099227905,
        "Y": 0.3466944992542267,
        "Z": -0.44869422912597656
    },
    "8": {
        "X": 0.44890904426574707,
        "Y": 0.34114569425582886,
        "Z": -0.10499479621648788
    },
    "9": {
        "X": 0.4135380685329437,
        "Y": 0.40590253472328186,
        "Z": -0.37358638644218445
    },
    "10": {
        "X": 0.39645951986312866,
        "Y": 0.40646782517433167,
        "Z": -0.27199360728263855
    },
    "11": {
        "X": 0.667377233505249,
        "Y": 0.6222687363624573,
        "Z": -0.3682844936847687
    },
    "12": {
        "X": 0.3493034243583679,
        "Y": 0.6012860536575317,
        "Z": -0.04915466159582138
    },
    "13": {
        "X": 0.717262864112854,
        "Y": 0.921813428401947,
        "Z": -0.3012831211090088
    },
    "14": {
        "X": 0.2912517488002777,
        "Y": 0.9250468015670776,
        "Z": 0.11815574020147324
    },
    "15": {
        "X": 0.7099725008010864,
        "Y": 1.1993510723114014,
        "Z": -0.27807796001434326
    },
    "16": {
        "X": 0.32987937331199646,
        "Y": 1.160136103630066,
        "Z": -0.06160540506243706
    },
    "17": {
        "X": 0.7265369296073914,
        "Y": 1.2756364345550537,
        "Z": -0.3271571397781372
    },
    "18": {
        "X": 0.3226839005947113,
        "Y": 1.2422446012496948,
        "Z": -0.10791470855474472
    },
    "19": {
        "X": 0.6926860809326172,
        "Y": 1.2668967247009277,
        "Z": -0.36444902420043945
    },
    "20": {
        "X": 0.3490665555000305,
        "Y": 1.2263741493225098,
        "Z": -0.16945989429950714
    },
    "21": {
        "X": 0.6814854741096497,
        "Y": 1.2347832918167114,
        "Z": -0.2927249073982239
    },
    "22": {
        "X": 0.35696905851364136,
        "Y": 1.1945751905441284,
        "Z": -0.09868229925632477
    },
    "23": {
        "X": 0.6004709601402283,
        "Y": 1.2587531805038452,
        "Z": -0.10381700098514557
    },
    "24": {
        "X": 0.3832625150680542,
        "Y": 1.2390961647033691,
        "Z": 0.10745348781347275
    },
    "25": {
        "X": 0.577951192855835,
        "Y": 1.7626112699508667,
        "Z": -0.08070118725299835
    },
    "26": {
        "X": 0.3881537616252899,
        "Y": 1.7358671426773071,
        "Z": 0.13047519326210022
    },
    "27": {
        "X": 0.5733972787857056,
        "Y": 2.221662998199463,
        "Z": 0.3768484890460968
    },
    "28": {
        "X": 0.3855089545249939,
        "Y": 2.1963717937469482,
        "Z": 0.4157125949859619
    },
    "29": {
        "X": 0.5826520919799805,
        "Y": 2.292009115219116,
        "Z": 0.3997276723384857
    },
    "30": {
        "X": 0.3852697014808655,
        "Y": 2.267436981201172,
        "Z": 0.43514132499694824
    },
    "31": {
        "X": 0.5167684555053711,
        "Y": 2.3475658893585205,
        "Z": 0.011958302929997444
    },
    "32": {
        "X": 0.38242384791374207,
        "Y": 2.3290679454803467,
        "Z": 0.029538657516241074
    }
}