{
    "0": {
        "X": 0.5008962154388428,
        "Y": 0.3595704138278961,
        "Z": -0.5475566387176514
    },
    "1": {
        "X": 0.5172147750854492,
        "Y": 0.3147048354148865,
        "Z": -0.5109971165657043
    },
    "2": {
        "X": 0.5306310653686523,
        "Y": 0.31552568078041077,
        "Z": -0.5110234022140503
    },
    "3": {
        "X": 0.541178286075592,
        "Y": 0.316825270652771,
        "Z": -0.5111685395240784
    },
    "4": {
        "X": 0.4783412516117096,
        "Y": 0.31553661823272705,
        "Z": -0.5244699716567993
    },
    "5": {
        "X": 0.4643649160861969,
        "Y": 0.31620004773139954,
        "Z": -0.5242229700088501
    },
    "6": {
        "X": 0.45051050186157227,
        "Y": 0.31809571385383606,
        "Z": -0.5246068239212036
    },
    "7": {
        "X": 0.555213987827301,
        "Y": 0.3432597815990448,
        "Z": -0.2544454038143158
    },
    "8": {
        "X": 0.4397236704826355,
        "Y": 0.3453702926635742,
        "Z": -0.29643917083740234
    },
    "9": {
        "X": 0.5277838706970215,
        "Y": 0.4075452983379364,
        "Z": -0.4456873834133148
    },
    "10": {
        "X": 0.47479256987571716,
        "Y": 0.4077985882759094,
        "Z": -0.45845556259155273
    },
    "11": {
        "X": 0.6614765524864197,
        "Y": 0.6129342317581177,
        "Z": -0.06494511663913727
    },
    "12": {
        "X": 0.3418150544166565,
        "Y": 0.5994282364845276,
        "Z": -0.25607913732528687
    },
    "13": {
        "X": 0.7210774421691895,
        "Y": 0.9026098847389221,
        "Z": -0.033452026546001434
    },
    "14": {
        "X": 0.28464433550834656,
        "Y": 0.9262872338294983,
        "Z": -0.20428451895713806
    },
    "15": {
        "X": 0.6964493989944458,
        "Y": 1.1195201873779297,
        "Z": -0.2725553810596466
    },
    "16": {
        "X": 0.3146425187587738,
        "Y": 1.1791857481002808,
        "Z": -0.429598867893219
    },
    "17": {
        "X": 0.6964373588562012,
        "Y": 1.2230499982833862,
        "Z": -0.3515772521495819
    },
    "18": {
        "X": 0.3020169138908386,
        "Y": 1.2663604021072388,
        "Z": -0.5088614821434021
    },
    "19": {
        "X": 0.6733896732330322,
        "Y": 1.227539300918579,
        "Z": -0.39607781171798706
    },
    "20": {
        "X": 0.33730050921440125,
        "Y": 1.263645887374878,
        "Z": -0.5673519372940063
    },
    "21": {
        "X": 0.6643403768539429,
        "Y": 1.1966326236724854,
        "Z": -0.30740854144096375
    },
    "22": {
        "X": 0.3481587767601013,
        "Y": 1.2284198999404907,
        "Z": -0.45986318588256836
    },
    "23": {
        "X": 0.593378484249115,
        "Y": 1.2329422235488892,
        "Z": 0.01302182488143444
    },
    "24": {
        "X": 0.37681591510772705,
        "Y": 1.2311122417449951,
        "Z": -0.010043058544397354
    },
    "25": {
        "X": 0.5813912153244019,
        "Y": 1.729790449142456,
        "Z": 0.0174547266215086
    },
    "26": {
        "X": 0.382485568523407,
        "Y": 1.7259726524353027,
        "Z": -0.03361969441175461
    },
    "27": {
        "X": 0.5757161974906921,
        "Y": 2.1802895069122314,
        "Z": 0.41684699058532715
    },
    "28": {
        "X": 0.3794005811214447,
        "Y": 2.1734793186187744,
        "Z": 0.2104460895061493
    },
    "29": {
        "X": 0.5782785415649414,
        "Y": 2.246877431869507,
        "Z": 0.4360247254371643
    },
    "30": {
        "X": 0.3747572600841522,
        "Y": 2.2435483932495117,
        "Z": 0.22287027537822723
    },
    "31": {
        "X": 0.5441384315490723,
        "Y": 2.3245131969451904,
        "Z": 0.058755673468112946
    },
    "32": {
        "X": 0.4052673280239105,
        "Y": 2.30757737159729,
        "Z": -0.20855200290679932
    }
}