{
    "0": {
        "X": 0.39406731724739075,
        "Y": 0.368168443441391,
        "Z": -0.3845728933811188
    },
    "1": {
        "X": 0.42419466376304626,
        "Y": 0.3200043737888336,
        "Z": -0.419921338558197
    },
    "2": {
        "X": 0.4338514804840088,
        "Y": 0.3205190598964691,
        "Z": -0.4198334813117981
    },
    "3": {
        "X": 0.4433533549308777,
        "Y": 0.32163527607917786,
        "Z": -0.42011356353759766
    },
    "4": {
        "X": 0.41116437315940857,
        "Y": 0.3183116316795349,
        "Z": -0.3594726622104645
    },
    "5": {
        "X": 0.4107236862182617,
        "Y": 0.3174644112586975,
        "Z": -0.3591507375240326
    },
    "6": {
        "X": 0.41064968705177307,
        "Y": 0.31660905480384827,
        "Z": -0.35958337783813477
    },
    "7": {
        "X": 0.5037630200386047,
        "Y": 0.3512665629386902,
        "Z": -0.4565938115119934
    },
    "8": {
        "X": 0.4501282274723053,
        "Y": 0.3406534790992737,
        "Z": -0.1248779445886612
    },
    "9": {
        "X": 0.4145685136318207,
        "Y": 0.4111228287220001,
        "Z": -0.37143561244010925
    },
    "10": {
        "X": 0.39544159173965454,
        "Y": 0.41131648421287537,
        "Z": -0.2879362404346466
    },
    "11": {
        "X": 0.6636523008346558,
        "Y": 0.6173544526100159,
        "Z": -0.35802462697029114
    },
    "12": {
        "X": 0.3513445258140564,
        "Y": 0.5960498452186584,
        "Z": -0.07092125713825226
    },
    "13": {
        "X": 0.7187867164611816,
        "Y": 0.9182050824165344,
        "Z": -0.2887158691883087
    },
    "14": {
        "X": 0.28694555163383484,
        "Y": 0.9201651811599731,
        "Z": 0.08953534811735153
    },
    "15": {
        "X": 0.7218115329742432,
        "Y": 1.189291000366211,
        "Z": -0.2739466428756714
    },
    "16": {
        "X": 0.32500526309013367,
        "Y": 1.1575103998184204,
        "Z": -0.08968828618526459
    },
    "17": {
        "X": 0.7330218553543091,
        "Y": 1.2555581331253052,
        "Z": -0.32038214802742004
    },
    "18": {
        "X": 0.3196345865726471,
        "Y": 1.238529086112976,
        "Z": -0.13701467216014862
    },
    "19": {
        "X": 0.7105840444564819,
        "Y": 1.2508695125579834,
        "Z": -0.3645080029964447
    },
    "20": {
        "X": 0.3462155759334564,
        "Y": 1.2220897674560547,
        "Z": -0.19728149473667145
    },
    "21": {
        "X": 0.6971721649169922,
        "Y": 1.2229430675506592,
        "Z": -0.2942797541618347
    },
    "22": {
        "X": 0.3535946309566498,
        "Y": 1.1923617124557495,
        "Z": -0.12582150101661682
    },
    "23": {
        "X": 0.5957125425338745,
        "Y": 1.255125880241394,
        "Z": -0.09771940112113953
    },
    "24": {
        "X": 0.37930482625961304,
        "Y": 1.2357983589172363,
        "Z": 0.1011965423822403
    },
    "25": {
        "X": 0.5724263191223145,
        "Y": 1.7562140226364136,
        "Z": -0.08104981482028961
    },
    "26": {
        "X": 0.38284832239151,
        "Y": 1.7318278551101685,
        "Z": 0.11864747852087021
    },
    "27": {
        "X": 0.5682456493377686,
        "Y": 2.2179837226867676,
        "Z": 0.35032373666763306
    },
    "28": {
        "X": 0.3785286247730255,
        "Y": 2.19427490234375,
        "Z": 0.4022676944732666
    },
    "29": {
        "X": 0.5772234201431274,
        "Y": 2.2864274978637695,
        "Z": 0.3706374168395996
    },
    "30": {
        "X": 0.37791574001312256,
        "Y": 2.262791395187378,
        "Z": 0.42129141092300415
    },
    "31": {
        "X": 0.5125387907028198,
        "Y": 2.344482898712158,
        "Z": -0.012634905986487865
    },
    "32": {
        "X": 0.3753421902656555,
        "Y": 2.326831102371216,
        "Z": 0.0133897066116333
    }
}