{
    "0": {
        "X": 0.48583346605300903,
        "Y": 0.35710403323173523,
        "Z": -0.8400716781616211
    },
    "1": {
        "X": 0.5050462484359741,
        "Y": 0.31186214089393616,
        "Z": -0.8015753626823425
    },
    "2": {
        "X": 0.5195287466049194,
        "Y": 0.3122677803039551,
        "Z": -0.8017520904541016
    },
    "3": {
        "X": 0.5306974053382874,
        "Y": 0.3135356307029724,
        "Z": -0.8018156886100769
    },
    "4": {
        "X": 0.4645448327064514,
        "Y": 0.3139992952346802,
        "Z": -0.8082238435745239
    },
    "5": {
        "X": 0.451030433177948,
        "Y": 0.3163514733314514,
        "Z": -0.8081677556037903
    },
    "6": {
        "X": 0.44011011719703674,
        "Y": 0.31958091259002686,
        "Z": -0.8087387084960938
    },
    "7": {
        "X": 0.5526741147041321,
        "Y": 0.3384902775287628,
        "Z": -0.49431219696998596
    },
    "8": {
        "X": 0.42960992455482483,
        "Y": 0.34387215971946716,
        "Z": -0.5144006013870239
    },
    "9": {
        "X": 0.514415442943573,
        "Y": 0.40429675579071045,
        "Z": -0.7184431552886963
    },
    "10": {
        "X": 0.46168380975723267,
        "Y": 0.4076736569404602,
        "Z": -0.7244306802749634
    },
    "11": {
        "X": 0.6604568958282471,
        "Y": 0.6083074808120728,
        "Z": -0.24452164769172668
    },
    "12": {
        "X": 0.3410239815711975,
        "Y": 0.5946308374404907,
        "Z": -0.3346163034439087
    },
    "13": {
        "X": 0.7076373100280762,
        "Y": 0.908943772315979,
        "Z": -0.19551649689674377
    },
    "14": {
        "X": 0.29050546884536743,
        "Y": 0.9209992289543152,
        "Z": -0.2674812078475952
    },
    "15": {
        "X": 0.669173538684845,
        "Y": 1.1233662366867065,
        "Z": -0.5065735578536987
    },
    "16": {
        "X": 0.34193772077560425,
        "Y": 1.1048530340194702,
        "Z": -0.5982291102409363
    },
    "17": {
        "X": 0.6702799797058105,
        "Y": 1.2388561964035034,
        "Z": -0.5908169746398926
    },
    "18": {
        "X": 0.34762001037597656,
        "Y": 1.1891599893569946,
        "Z": -0.7029805183410645
    },
    "19": {
        "X": 0.6387821435928345,
        "Y": 1.2224774360656738,
        "Z": -0.6454465985298157
    },
    "20": {
        "X": 0.37127572298049927,
        "Y": 1.1698040962219238,
        "Z": -0.7883763909339905
    },
    "21": {
        "X": 0.632180392742157,
        "Y": 1.1825839281082153,
        "Z": -0.5398995876312256
    },
    "22": {
        "X": 0.3745022714138031,
        "Y": 1.1357964277267456,
        "Z": -0.6383652091026306
    },
    "23": {
        "X": 0.585866391658783,
        "Y": 1.2134438753128052,
        "Z": -0.00639167707413435
    },
    "24": {
        "X": 0.3719307482242584,
        "Y": 1.209110975265503,
        "Z": 0.009657705202698708
    },
    "25": {
        "X": 0.5687223672866821,
        "Y": 1.6761791706085205,
        "Z": -0.052041612565517426
    },
    "26": {
        "X": 0.36239057779312134,
        "Y": 1.66582190990448,
        "Z": -0.12753517925739288
    },
    "27": {
        "X": 0.5518328547477722,
        "Y": 2.0977885723114014,
        "Z": 0.3266322910785675
    },
    "28": {
        "X": 0.351371705532074,
        "Y": 2.0939648151397705,
        "Z": 0.1082453578710556
    },
    "29": {
        "X": 0.5548211336135864,
        "Y": 2.1645002365112305,
        "Z": 0.34039801359176636
    },
    "30": {
        "X": 0.3509881794452667,
        "Y": 2.166977643966675,
        "Z": 0.11426224559545517
    },
    "31": {
        "X": 0.5081890821456909,
        "Y": 2.2404165267944336,
        "Z": -0.08787243068218231
    },
    "32": {
        "X": 0.36907267570495605,
        "Y": 2.2230801582336426,
        "Z": -0.3548954725265503
    }
}