{
    "0": {
        "X": 0.49681752920150757,
        "Y": 0.35941991209983826,
        "Z": -0.5732794404029846
    },
    "1": {
        "X": 0.5135435461997986,
        "Y": 0.3142063319683075,
        "Z": -0.5427122712135315
    },
    "2": {
        "X": 0.52728670835495,
        "Y": 0.314466267824173,
        "Z": -0.542746901512146
    },
    "3": {
        "X": 0.5384324789047241,
        "Y": 0.3152298331260681,
        "Z": -0.5427878499031067
    },
    "4": {
        "X": 0.4751970171928406,
        "Y": 0.3171500265598297,
        "Z": -0.5501474738121033
    },
    "5": {
        "X": 0.4619615077972412,
        "Y": 0.3184591233730316,
        "Z": -0.5499292612075806
    },
    "6": {
        "X": 0.44943052530288696,
        "Y": 0.31955698132514954,
        "Z": -0.5503702759742737
    },
    "7": {
        "X": 0.5568796992301941,
        "Y": 0.3389628231525421,
        "Z": -0.28953635692596436
    },
    "8": {
        "X": 0.43993186950683594,
        "Y": 0.3457309603691101,
        "Z": -0.3149656653404236
    },
    "9": {
        "X": 0.5255247354507446,
        "Y": 0.40767890214920044,
        "Z": -0.4763367176055908
    },
    "10": {
        "X": 0.4733462333679199,
        "Y": 0.4099912941455841,
        "Z": -0.47998762130737305
    },
    "11": {
        "X": 0.6674439311027527,
        "Y": 0.610786497592926,
        "Z": -0.09852787852287292
    },
    "12": {
        "X": 0.34931984543800354,
        "Y": 0.5964897871017456,
        "Z": -0.24774524569511414
    },
    "13": {
        "X": 0.7171264290809631,
        "Y": 0.9079847931861877,
        "Z": -0.07099715620279312
    },
    "14": {
        "X": 0.29306966066360474,
        "Y": 0.9187313318252563,
        "Z": -0.19402466714382172
    },
    "15": {
        "X": 0.6728259325027466,
        "Y": 1.1114087104797363,
        "Z": -0.3364695608615875
    },
    "16": {
        "X": 0.3534127175807953,
        "Y": 1.1546661853790283,
        "Z": -0.43093857169151306
    },
    "17": {
        "X": 0.6810585260391235,
        "Y": 1.2276947498321533,
        "Z": -0.4170719087123871
    },
    "18": {
        "X": 0.3511555790901184,
        "Y": 1.245239496231079,
        "Z": -0.5112090110778809
    },
    "19": {
        "X": 0.6488261222839355,
        "Y": 1.2123602628707886,
        "Z": -0.46058186888694763
    },
    "20": {
        "X": 0.3844926059246063,
        "Y": 1.2342363595962524,
        "Z": -0.5627893805503845
    },
    "21": {
        "X": 0.6419268846511841,
        "Y": 1.17887282371521,
        "Z": -0.3685722053050995
    },
    "22": {
        "X": 0.3910101056098938,
        "Y": 1.1969770193099976,
        "Z": -0.4591386914253235
    },
    "23": {
        "X": 0.6023541688919067,
        "Y": 1.2193797826766968,
        "Z": 0.008084802888333797
    },
    "24": {
        "X": 0.3872835338115692,
        "Y": 1.2215304374694824,
        "Z": -0.00502969603985548
    },
    "25": {
        "X": 0.594939649105072,
        "Y": 1.698446273803711,
        "Z": 0.026818055659532547
    },
    "26": {
        "X": 0.3948449492454529,
        "Y": 1.6982001066207886,
        "Z": -0.024862417951226234
    },
    "27": {
        "X": 0.5904017090797424,
        "Y": 2.1362991333007812,
        "Z": 0.42870059609413147
    },
    "28": {
        "X": 0.3965950906276703,
        "Y": 2.1319499015808105,
        "Z": 0.2312220335006714
    },
    "29": {
        "X": 0.5933843851089478,
        "Y": 2.2024459838867188,
        "Z": 0.4477108418941498
    },
    "30": {
        "X": 0.3935767412185669,
        "Y": 2.2016775608062744,
        "Z": 0.2440837323665619
    },
    "31": {
        "X": 0.5545253157615662,
        "Y": 2.2802062034606934,
        "Z": 0.0664350762963295
    },
    "32": {
        "X": 0.41901153326034546,
        "Y": 2.2643349170684814,
        "Z": -0.17985504865646362
    }
}