{
    "0": {
        "X": 0.49067574739456177,
        "Y": 0.35776272416114807,
        "Z": -0.5197561979293823
    },
    "1": {
        "X": 0.5104601979255676,
        "Y": 0.31363990902900696,
        "Z": -0.49507108330726624
    },
    "2": {
        "X": 0.5246885418891907,
        "Y": 0.31508785486221313,
        "Z": -0.49497190117836
    },
    "3": {
        "X": 0.5372549295425415,
        "Y": 0.31703758239746094,
        "Z": -0.4950949549674988
    },
    "4": {
        "X": 0.4702593684196472,
        "Y": 0.31443607807159424,
        "Z": -0.4947877824306488
    },
    "5": {
        "X": 0.4562581479549408,
        "Y": 0.31549498438835144,
        "Z": -0.49441275000572205
    },
    "6": {
        "X": 0.443988561630249,
        "Y": 0.3161188066005707,
        "Z": -0.49468177556991577
    },
    "7": {
        "X": 0.555365800857544,
        "Y": 0.3450215756893158,
        "Z": -0.26764512062072754
    },
    "8": {
        "X": 0.438542902469635,
        "Y": 0.33905351161956787,
        "Z": -0.2627023756504059
    },
    "9": {
        "X": 0.5193425416946411,
        "Y": 0.40682876110076904,
        "Z": -0.4353182911872864
    },
    "10": {
        "X": 0.4648374021053314,
        "Y": 0.40572690963745117,
        "Z": -0.4294363558292389
    },
    "11": {
        "X": 0.6648164987564087,
        "Y": 0.6189472079277039,
        "Z": -0.11759654432535172
    },
    "12": {
        "X": 0.34373170137405396,
        "Y": 0.5972005128860474,
        "Z": -0.21967366337776184
    },
    "13": {
        "X": 0.7218801379203796,
        "Y": 0.9181981682777405,
        "Z": -0.10218433290719986
    },
    "14": {
        "X": 0.29163530468940735,
        "Y": 0.9214794635772705,
        "Z": -0.1600063145160675
    },
    "15": {
        "X": 0.696051299571991,
        "Y": 1.1719138622283936,
        "Z": -0.3178643584251404
    },
    "16": {
        "X": 0.33991628885269165,
        "Y": 1.1646361351013184,
        "Z": -0.37516722083091736
    },
    "17": {
        "X": 0.6976064443588257,
        "Y": 1.2554901838302612,
        "Z": -0.3889235258102417
    },
    "18": {
        "X": 0.3348163366317749,
        "Y": 1.2504312992095947,
        "Z": -0.4473372995853424
    },
    "19": {
        "X": 0.661069393157959,
        "Y": 1.23774254322052,
        "Z": -0.4209969639778137
    },
    "20": {
        "X": 0.3670652508735657,
        "Y": 1.2439006567001343,
        "Z": -0.4963665008544922
    },
    "21": {
        "X": 0.6548303365707397,
        "Y": 1.2046984434127808,
        "Z": -0.3416144847869873
    },
    "22": {
        "X": 0.3742765784263611,
        "Y": 1.2106598615646362,
        "Z": -0.402484267950058
    },
    "23": {
        "X": 0.5990608930587769,
        "Y": 1.2375975847244263,
        "Z": -0.012431537732481956
    },
    "24": {
        "X": 0.38043272495269775,
        "Y": 1.2342994213104248,
        "Z": 0.015462296083569527
    },
    "25": {
        "X": 0.5847980380058289,
        "Y": 1.7320733070373535,
        "Z": 0.020006105303764343
    },
    "26": {
        "X": 0.3853076100349426,
        "Y": 1.730291485786438,
        "Z": 0.015435680747032166
    },
    "27": {
        "X": 0.578323483467102,
        "Y": 2.184990644454956,
        "Z": 0.42577773332595825
    },
    "28": {
        "X": 0.3818179965019226,
        "Y": 2.1793465614318848,
        "Z": 0.25884684920310974
    },
    "29": {
        "X": 0.5817810297012329,
        "Y": 2.252533435821533,
        "Z": 0.44664162397384644
    },
    "30": {
        "X": 0.37908703088760376,
        "Y": 2.248626232147217,
        "Z": 0.27327725291252136
    },
    "31": {
        "X": 0.5475242733955383,
        "Y": 2.33223032951355,
        "Z": 0.07809294760227203
    },
    "32": {
        "X": 0.40645164251327515,
        "Y": 2.3199212551116943,
        "Z": -0.14664170145988464
    }
}