{
    "0": {
        "X": 0.4356493055820465,
        "Y": 0.36174994707107544,
        "Z": -0.47974032163619995
    },
    "1": {
        "X": 0.46532291173934937,
        "Y": 0.3158667981624603,
        "Z": -0.4818747937679291
    },
    "2": {
        "X": 0.48072656989097595,
        "Y": 0.316679984331131,
        "Z": -0.4817520081996918
    },
    "3": {
        "X": 0.4964228570461273,
        "Y": 0.31873705983161926,
        "Z": -0.4819580614566803
    },
    "4": {
        "X": 0.4369523525238037,
        "Y": 0.316705584526062,
        "Z": -0.4495834410190582
    },
    "5": {
        "X": 0.4301925599575043,
        "Y": 0.31734001636505127,
        "Z": -0.44922560453414917
    },
    "6": {
        "X": 0.4227249026298523,
        "Y": 0.31873762607574463,
        "Z": -0.4496065676212311
    },
    "7": {
        "X": 0.5413037538528442,
        "Y": 0.3481864035129547,
        "Z": -0.3684181571006775
    },
    "8": {
        "X": 0.4348765015602112,
        "Y": 0.3414023220539093,
        "Z": -0.19025883078575134
    },
    "9": {
        "X": 0.4609825611114502,
        "Y": 0.4087367057800293,
        "Z": -0.4267801344394684
    },
    "10": {
        "X": 0.42504769563674927,
        "Y": 0.40760061144828796,
        "Z": -0.3782481551170349
    },
    "11": {
        "X": 0.6629835367202759,
        "Y": 0.6169226765632629,
        "Z": -0.24489834904670715
    },
    "12": {
        "X": 0.3386607766151428,
        "Y": 0.5973208546638489,
        "Z": -0.15019311010837555
    },
    "13": {
        "X": 0.7198828458786011,
        "Y": 0.9198082089424133,
        "Z": -0.21368256211280823
    },
    "14": {
        "X": 0.28952401876449585,
        "Y": 0.9250286817550659,
        "Z": -0.046406667679548264
    },
    "15": {
        "X": 0.6965914964675903,
        "Y": 1.1902834177017212,
        "Z": -0.3079449534416199
    },
    "16": {
        "X": 0.3204738199710846,
        "Y": 1.1680742502212524,
        "Z": -0.25650110840797424
    },
    "17": {
        "X": 0.7063730955123901,
        "Y": 1.2738546133041382,
        "Z": -0.3653591275215149
    },
    "18": {
        "X": 0.3070058524608612,
        "Y": 1.2576264142990112,
        "Z": -0.3168930411338806
    },
    "19": {
        "X": 0.662455677986145,
        "Y": 1.2597825527191162,
        "Z": -0.3890097737312317
    },
    "20": {
        "X": 0.338184654712677,
        "Y": 1.2536041736602783,
        "Z": -0.3783509433269501
    },
    "21": {
        "X": 0.6543604135513306,
        "Y": 1.2245279550552368,
        "Z": -0.32549530267715454
    },
    "22": {
        "X": 0.34951716661453247,
        "Y": 1.2192184925079346,
        "Z": -0.29140931367874146
    },
    "23": {
        "X": 0.5961721539497375,
        "Y": 1.2504936456680298,
        "Z": -0.059450097382068634
    },
    "24": {
        "X": 0.37485045194625854,
        "Y": 1.2363345623016357,
        "Z": 0.06282437592744827
    },
    "25": {
        "X": 0.5751994848251343,
        "Y": 1.7474616765975952,
        "Z": -0.0243188738822937
    },
    "26": {
        "X": 0.36864393949508667,
        "Y": 1.7338746786117554,
        "Z": 0.0881144180893898
    },
    "27": {
        "X": 0.5595661401748657,
        "Y": 2.2019755840301514,
        "Z": 0.40283888578414917
    },
    "28": {
        "X": 0.36022019386291504,
        "Y": 2.187908887863159,
        "Z": 0.3606488108634949
    },
    "29": {
        "X": 0.5655683279037476,
        "Y": 2.271040201187134,
        "Z": 0.4259273111820221
    },
    "30": {
        "X": 0.356976717710495,
        "Y": 2.2585489749908447,
        "Z": 0.3788938820362091
    },
    "31": {
        "X": 0.5114577412605286,
        "Y": 2.346256732940674,
        "Z": 0.051935065537691116
    },
    "32": {
        "X": 0.37872594594955444,
        "Y": 2.3321926593780518,
        "Z": -0.03680344671010971
    }
}