{
    "0": {
        "X": 0.4916159510612488,
        "Y": 0.35513588786125183,
        "Z": -0.6238982677459717
    },
    "1": {
        "X": 0.5102449655532837,
        "Y": 0.3116951882839203,
        "Z": -0.5974331498146057
    },
    "2": {
        "X": 0.5239362120628357,
        "Y": 0.3127785325050354,
        "Z": -0.5975214838981628
    },
    "3": {
        "X": 0.5335695743560791,
        "Y": 0.31474509835243225,
        "Z": -0.5976006388664246
    },
    "4": {
        "X": 0.4697116017341614,
        "Y": 0.31187620759010315,
        "Z": -0.5964155793190002
    },
    "5": {
        "X": 0.45569977164268494,
        "Y": 0.31252148747444153,
        "Z": -0.5962098836898804
    },
    "6": {
        "X": 0.44241467118263245,
        "Y": 0.3134399950504303,
        "Z": -0.5966955423355103
    },
    "7": {
        "X": 0.5525474548339844,
        "Y": 0.3429882228374481,
        "Z": -0.31512051820755005
    },
    "8": {
        "X": 0.43732112646102905,
        "Y": 0.3369990587234497,
        "Z": -0.35004451870918274
    },
    "9": {
        "X": 0.5197879672050476,
        "Y": 0.4036485552787781,
        "Z": -0.5305259823799133
    },
    "10": {
        "X": 0.46589165925979614,
        "Y": 0.40402859449386597,
        "Z": -0.5263276696205139
    },
    "11": {
        "X": 0.6614550948143005,
        "Y": 0.608614981174469,
        "Z": -0.1260891556739807
    },
    "12": {
        "X": 0.34317612648010254,
        "Y": 0.5945419073104858,
        "Z": -0.2662695050239563
    },
    "13": {
        "X": 0.7147535681724548,
        "Y": 0.9140302538871765,
        "Z": -0.10923566669225693
    },
    "14": {
        "X": 0.2918218970298767,
        "Y": 0.9232942461967468,
        "Z": -0.21193170547485352
    },
    "15": {
        "X": 0.6790375709533691,
        "Y": 1.1231292486190796,
        "Z": -0.3903738260269165
    },
    "16": {
        "X": 0.34043076634407043,
        "Y": 1.1346267461776733,
        "Z": -0.4622357487678528
    },
    "17": {
        "X": 0.6894707083702087,
        "Y": 1.2289276123046875,
        "Z": -0.4664429724216461
    },
    "18": {
        "X": 0.34141185879707336,
        "Y": 1.2184770107269287,
        "Z": -0.5415129065513611
    },
    "19": {
        "X": 0.6552200317382812,
        "Y": 1.2129154205322266,
        "Z": -0.5055255889892578
    },
    "20": {
        "X": 0.3717094361782074,
        "Y": 1.208732008934021,
        "Z": -0.5943490266799927
    },
    "21": {
        "X": 0.6456358432769775,
        "Y": 1.1800552606582642,
        "Z": -0.41714200377464294
    },
    "22": {
        "X": 0.3760480284690857,
        "Y": 1.1730780601501465,
        "Z": -0.49232587218284607
    },
    "23": {
        "X": 0.5938555002212524,
        "Y": 1.2234729528427124,
        "Z": 0.0025556746404618025
    },
    "24": {
        "X": 0.3773147165775299,
        "Y": 1.2169628143310547,
        "Z": 0.0005377167253755033
    },
    "25": {
        "X": 0.584273099899292,
        "Y": 1.6975939273834229,
        "Z": 0.02272459864616394
    },
    "26": {
        "X": 0.38237661123275757,
        "Y": 1.6926361322402954,
        "Z": -0.0270011518150568
    },
    "27": {
        "X": 0.5757390260696411,
        "Y": 2.1282339096069336,
        "Z": 0.4417412281036377
    },
    "28": {
        "X": 0.3825344443321228,
        "Y": 2.126715898513794,
        "Z": 0.22800156474113464
    },
    "29": {
        "X": 0.5803110003471375,
        "Y": 2.1942684650421143,
        "Z": 0.46230024099349976
    },
    "30": {
        "X": 0.381093829870224,
        "Y": 2.1969172954559326,
        "Z": 0.23897115886211395
    },
    "31": {
        "X": 0.5353906750679016,
        "Y": 2.2733967304229736,
        "Z": 0.07847876846790314
    },
    "32": {
        "X": 0.402980238199234,
        "Y": 2.2593820095062256,
        "Z": -0.18113639950752258
    }
}