{
    "0": {
        "X": 0.43315809965133667,
        "Y": 0.36062872409820557,
        "Z": -0.4693022668361664
    },
    "1": {
        "X": 0.4627397656440735,
        "Y": 0.31483688950538635,
        "Z": -0.48162975907325745
    },
    "2": {
        "X": 0.477748304605484,
        "Y": 0.31528380513191223,
        "Z": -0.4814983904361725
    },
    "3": {
        "X": 0.49409475922584534,
        "Y": 0.3167307674884796,
        "Z": -0.48152345418930054
    },
    "4": {
        "X": 0.4377979338169098,
        "Y": 0.31708037853240967,
        "Z": -0.4442458152770996
    },
    "5": {
        "X": 0.432506263256073,
        "Y": 0.31839510798454285,
        "Z": -0.4439640939235687
    },
    "6": {
        "X": 0.42658695578575134,
        "Y": 0.31950363516807556,
        "Z": -0.44436487555503845
    },
    "7": {
        "X": 0.5450716018676758,
        "Y": 0.34699922800064087,
        "Z": -0.38899388909339905
    },
    "8": {
        "X": 0.4412232041358948,
        "Y": 0.3425384759902954,
        "Z": -0.21186451613903046
    },
    "9": {
        "X": 0.45817580819129944,
        "Y": 0.40793195366859436,
        "Z": -0.42969465255737305
    },
    "10": {
        "X": 0.4272848665714264,
        "Y": 0.40917491912841797,
        "Z": -0.37546879053115845
    },
    "11": {
        "X": 0.6677599549293518,
        "Y": 0.612789511680603,
        "Z": -0.24061870574951172
    },
    "12": {
        "X": 0.34847432374954224,
        "Y": 0.592278778553009,
        "Z": -0.16644124686717987
    },
    "13": {
        "X": 0.7169986963272095,
        "Y": 0.9128381013870239,
        "Z": -0.16820409893989563
    },
    "14": {
        "X": 0.2955933213233948,
        "Y": 0.9117230176925659,
        "Z": -0.04183041304349899
    },
    "15": {
        "X": 0.6746339201927185,
        "Y": 1.1400370597839355,
        "Z": -0.2400130331516266
    },
    "16": {
        "X": 0.3627190589904785,
        "Y": 1.1151593923568726,
        "Z": -0.22143737971782684
    },
    "17": {
        "X": 0.6817096471786499,
        "Y": 1.2345178127288818,
        "Z": -0.29137200117111206
    },
    "18": {
        "X": 0.3601412773132324,
        "Y": 1.1993215084075928,
        "Z": -0.2754015028476715
    },
    "19": {
        "X": 0.6480644941329956,
        "Y": 1.2167091369628906,
        "Z": -0.3228662610054016
    },
    "20": {
        "X": 0.38663530349731445,
        "Y": 1.1877155303955078,
        "Z": -0.32698801159858704
    },
    "21": {
        "X": 0.6411687731742859,
        "Y": 1.1810226440429688,
        "Z": -0.25895535945892334
    },
    "22": {
        "X": 0.3939058482646942,
        "Y": 1.1537960767745972,
        "Z": -0.250996470451355
    },
    "23": {
        "X": 0.5947844386100769,
        "Y": 1.2207162380218506,
        "Z": -0.031041070818901062
    },
    "24": {
        "X": 0.3809613883495331,
        "Y": 1.2107295989990234,
        "Z": 0.03415542468428612
    },
    "25": {
        "X": 0.5736037492752075,
        "Y": 1.6955400705337524,
        "Z": -0.03205644339323044
    },
    "26": {
        "X": 0.3801301419734955,
        "Y": 1.6836541891098022,
        "Z": 0.044204942882061005
    },
    "27": {
        "X": 0.5664505362510681,
        "Y": 2.1343016624450684,
        "Z": 0.3431228995323181
    },
    "28": {
        "X": 0.3717726767063141,
        "Y": 2.118941068649292,
        "Z": 0.30790379643440247
    },
    "29": {
        "X": 0.5722070336341858,
        "Y": 2.201861619949341,
        "Z": 0.35709017515182495
    },
    "30": {
        "X": 0.36889687180519104,
        "Y": 2.189282178878784,
        "Z": 0.3250499367713928
    },
    "31": {
        "X": 0.5230147242546082,
        "Y": 2.2730560302734375,
        "Z": 0.013116898015141487
    },
    "32": {
        "X": 0.38791030645370483,
        "Y": 2.2521607875823975,
        "Z": -0.0668170154094696
    }
}