{
    "0": {
        "X": 0.3939165472984314,
        "Y": 0.3683517277240753,
        "Z": -0.419647753238678
    },
    "1": {
        "X": 0.423452228307724,
        "Y": 0.31952017545700073,
        "Z": -0.4570766091346741
    },
    "2": {
        "X": 0.43269285559654236,
        "Y": 0.31948548555374146,
        "Z": -0.45701488852500916
    },
    "3": {
        "X": 0.4418630599975586,
        "Y": 0.3200928866863251,
        "Z": -0.457179456949234
    },
    "4": {
        "X": 0.41060104966163635,
        "Y": 0.3186787962913513,
        "Z": -0.3950026035308838
    },
    "5": {
        "X": 0.4102804660797119,
        "Y": 0.31804370880126953,
        "Z": -0.3947073817253113
    },
    "6": {
        "X": 0.4101538062095642,
        "Y": 0.3179856538772583,
        "Z": -0.3951962888240814
    },
    "7": {
        "X": 0.5034462213516235,
        "Y": 0.34799808263778687,
        "Z": -0.4581944942474365
    },
    "8": {
        "X": 0.4439719617366791,
        "Y": 0.3402632772922516,
        "Z": -0.15694017708301544
    },
    "9": {
        "X": 0.4149637818336487,
        "Y": 0.4102693200111389,
        "Z": -0.40863722562789917
    },
    "10": {
        "X": 0.39650166034698486,
        "Y": 0.41088855266571045,
        "Z": -0.3217243254184723
    },
    "11": {
        "X": 0.663395881652832,
        "Y": 0.6108190417289734,
        "Z": -0.34358423948287964
    },
    "12": {
        "X": 0.35540732741355896,
        "Y": 0.5876101851463318,
        "Z": -0.09579569101333618
    },
    "13": {
        "X": 0.7185050845146179,
        "Y": 0.9193613529205322,
        "Z": -0.28543737530708313
    },
    "14": {
        "X": 0.29082995653152466,
        "Y": 0.9122418165206909,
        "Z": 0.03406747430562973
    },
    "15": {
        "X": 0.7015460133552551,
        "Y": 1.1403653621673584,
        "Z": -0.29988592863082886
    },
    "16": {
        "X": 0.3346741199493408,
        "Y": 1.1310608386993408,
        "Z": -0.17982859909534454
    },
    "17": {
        "X": 0.719907283782959,
        "Y": 1.2394558191299438,
        "Z": -0.3394227623939514
    },
    "18": {
        "X": 0.3288729786872864,
        "Y": 1.2111985683441162,
        "Z": -0.23223063349723816
    },
    "19": {
        "X": 0.6878217458724976,
        "Y": 1.224753975868225,
        "Z": -0.36847904324531555
    },
    "20": {
        "X": 0.35494381189346313,
        "Y": 1.194343090057373,
        "Z": -0.2853674590587616
    },
    "21": {
        "X": 0.6765952706336975,
        "Y": 1.197364330291748,
        "Z": -0.31222158670425415
    },
    "22": {
        "X": 0.3624357581138611,
        "Y": 1.1642011404037476,
        "Z": -0.21198976039886475
    },
    "23": {
        "X": 0.5958082675933838,
        "Y": 1.2361195087432861,
        "Z": -0.0873550996184349
    },
    "24": {
        "X": 0.3795125484466553,
        "Y": 1.2220035791397095,
        "Z": 0.09073445945978165
    },
    "25": {
        "X": 0.5719649195671082,
        "Y": 1.7265161275863647,
        "Z": -0.0690295621752739
    },
    "26": {
        "X": 0.3750351369380951,
        "Y": 1.7057745456695557,
        "Z": 0.12221871316432953
    },
    "27": {
        "X": 0.5626686215400696,
        "Y": 2.172811269760132,
        "Z": 0.3635551333427429
    },
    "28": {
        "X": 0.37861114740371704,
        "Y": 2.147824764251709,
        "Z": 0.41605862975120544
    },
    "29": {
        "X": 0.5717012286186218,
        "Y": 2.2405054569244385,
        "Z": 0.38603922724723816
    },
    "30": {
        "X": 0.3802028000354767,
        "Y": 2.2148616313934326,
        "Z": 0.43743687868118286
    },
    "31": {
        "X": 0.5120932459831238,
        "Y": 2.3053154945373535,
        "Z": 0.003942032344639301
    },
    "32": {
        "X": 0.3844962418079376,
        "Y": 2.2845616340637207,
        "Z": 0.0393974669277668
    }
}