{
    "0": {
        "X": 0.3965008854866028,
        "Y": 0.3618229627609253,
        "Z": -0.4203973412513733
    },
    "1": {
        "X": 0.4264473021030426,
        "Y": 0.3164093792438507,
        "Z": -0.4611801505088806
    },
    "2": {
        "X": 0.4346769452095032,
        "Y": 0.3169521391391754,
        "Z": -0.46114033460617065
    },
    "3": {
        "X": 0.44314804673194885,
        "Y": 0.3182923197746277,
        "Z": -0.46130189299583435
    },
    "4": {
        "X": 0.4150938391685486,
        "Y": 0.3152591586112976,
        "Z": -0.39748045802116394
    },
    "5": {
        "X": 0.4153907299041748,
        "Y": 0.3149356245994568,
        "Z": -0.3972237706184387
    },
    "6": {
        "X": 0.4157513678073883,
        "Y": 0.3153187036514282,
        "Z": -0.3977518677711487
    },
    "7": {
        "X": 0.5027263164520264,
        "Y": 0.3466053009033203,
        "Z": -0.4763062596321106
    },
    "8": {
        "X": 0.4495876431465149,
        "Y": 0.3383905589580536,
        "Z": -0.17000456154346466
    },
    "9": {
        "X": 0.4144556522369385,
        "Y": 0.4050543010234833,
        "Z": -0.4142095148563385
    },
    "10": {
        "X": 0.3979744613170624,
        "Y": 0.405647337436676,
        "Z": -0.32591643929481506
    },
    "11": {
        "X": 0.6615437269210815,
        "Y": 0.6094119548797607,
        "Z": -0.3672812581062317
    },
    "12": {
        "X": 0.3578125536441803,
        "Y": 0.5866739749908447,
        "Z": -0.10469124466180801
    },
    "13": {
        "X": 0.7162094712257385,
        "Y": 0.9166014194488525,
        "Z": -0.3108614683151245
    },
    "14": {
        "X": 0.29319292306900024,
        "Y": 0.9149574637413025,
        "Z": 0.01904810406267643
    },
    "15": {
        "X": 0.7053974866867065,
        "Y": 1.1562323570251465,
        "Z": -0.3152207136154175
    },
    "16": {
        "X": 0.3443911671638489,
        "Y": 1.1220715045928955,
        "Z": -0.1991332769393921
    },
    "17": {
        "X": 0.7161379456520081,
        "Y": 1.2327667474746704,
        "Z": -0.3767603039741516
    },
    "18": {
        "X": 0.34318193793296814,
        "Y": 1.2034969329833984,
        "Z": -0.24957557022571564
    },
    "19": {
        "X": 0.6848664283752441,
        "Y": 1.2179183959960938,
        "Z": -0.4076569676399231
    },
    "20": {
        "X": 0.3666912913322449,
        "Y": 1.186462640762329,
        "Z": -0.29978862404823303
    },
    "21": {
        "X": 0.674929678440094,
        "Y": 1.1885762214660645,
        "Z": -0.33677732944488525
    },
    "22": {
        "X": 0.3718804717063904,
        "Y": 1.1551295518875122,
        "Z": -0.2316083014011383
    },
    "23": {
        "X": 0.5967527627944946,
        "Y": 1.2321854829788208,
        "Z": -0.08685557544231415
    },
    "24": {
        "X": 0.3805261254310608,
        "Y": 1.2173142433166504,
        "Z": 0.09033265709877014
    },
    "25": {
        "X": 0.5744611024856567,
        "Y": 1.7185251712799072,
        "Z": -0.06822240352630615
    },
    "26": {
        "X": 0.3799399137496948,
        "Y": 1.6969125270843506,
        "Z": 0.10773803293704987
    },
    "27": {
        "X": 0.5645512342453003,
        "Y": 2.1595983505249023,
        "Z": 0.35427895188331604
    },
    "28": {
        "X": 0.3757411241531372,
        "Y": 2.135206699371338,
        "Z": 0.3984478712081909
    },
    "29": {
        "X": 0.5743885040283203,
        "Y": 2.227461099624634,
        "Z": 0.3765464425086975
    },
    "30": {
        "X": 0.37613627314567566,
        "Y": 2.2027554512023926,
        "Z": 0.41951099038124084
    },
    "31": {
        "X": 0.509769082069397,
        "Y": 2.290066957473755,
        "Z": -0.003453394863754511
    },
    "32": {
        "X": 0.379810631275177,
        "Y": 2.2713773250579834,
        "Z": 0.0236392579972744
    }
}