{
    "0": {
        "X": 0.4571060538291931,
        "Y": 0.3585642874240875,
        "Z": -0.5414609313011169
    },
    "1": {
        "X": 0.4823586046695709,
        "Y": 0.312804639339447,
        "Z": -0.5247701406478882
    },
    "2": {
        "X": 0.4982472062110901,
        "Y": 0.3139050602912903,
        "Z": -0.5247737169265747
    },
    "3": {
        "X": 0.5128164291381836,
        "Y": 0.31572356820106506,
        "Z": -0.5248421430587769
    },
    "4": {
        "X": 0.4440731406211853,
        "Y": 0.3117406964302063,
        "Z": -0.5166462063789368
    },
    "5": {
        "X": 0.43364405632019043,
        "Y": 0.31169256567955017,
        "Z": -0.5164747834205627
    },
    "6": {
        "X": 0.4258155822753906,
        "Y": 0.3121303617954254,
        "Z": -0.5169389247894287
    },
    "7": {
        "X": 0.5428653359413147,
        "Y": 0.3475126326084137,
        "Z": -0.36026161909103394
    },
    "8": {
        "X": 0.4432242810726166,
        "Y": 0.33720046281814575,
        "Z": -0.2793117165565491
    },
    "9": {
        "X": 0.48752665519714355,
        "Y": 0.4059130549430847,
        "Z": -0.4620383381843567
    },
    "10": {
        "X": 0.43734651803970337,
        "Y": 0.4056943655014038,
        "Z": -0.4467647969722748
    },
    "11": {
        "X": 0.664671778678894,
        "Y": 0.6099209189414978,
        "Z": -0.18449857831001282
    },
    "12": {
        "X": 0.3540005087852478,
        "Y": 0.5893074870109558,
        "Z": -0.2115727961063385
    },
    "13": {
        "X": 0.719305157661438,
        "Y": 0.9167340993881226,
        "Z": -0.1486811339855194
    },
    "14": {
        "X": 0.28881487250328064,
        "Y": 0.9153527617454529,
        "Z": -0.1454388052225113
    },
    "15": {
        "X": 0.6955644488334656,
        "Y": 1.1445963382720947,
        "Z": -0.30433934926986694
    },
    "16": {
        "X": 0.3460880219936371,
        "Y": 1.1278361082077026,
        "Z": -0.3586830794811249
    },
    "17": {
        "X": 0.7005758881568909,
        "Y": 1.2269474267959595,
        "Z": -0.34009140729904175
    },
    "18": {
        "X": 0.34756189584732056,
        "Y": 1.2142119407653809,
        "Z": -0.42423510551452637
    },
    "19": {
        "X": 0.6654876470565796,
        "Y": 1.2116179466247559,
        "Z": -0.374836802482605
    },
    "20": {
        "X": 0.37772780656814575,
        "Y": 1.1982399225234985,
        "Z": -0.4681585431098938
    },
    "21": {
        "X": 0.659050703048706,
        "Y": 1.184041976928711,
        "Z": -0.31642618775367737
    },
    "22": {
        "X": 0.3826519548892975,
        "Y": 1.1645913124084473,
        "Z": -0.38280588388442993
    },
    "23": {
        "X": 0.6003557443618774,
        "Y": 1.2347476482391357,
        "Z": -0.028602968901395798
    },
    "24": {
        "X": 0.3828941583633423,
        "Y": 1.2250137329101562,
        "Z": 0.03156077489256859
    },
    "25": {
        "X": 0.5817517042160034,
        "Y": 1.7169324159622192,
        "Z": 0.0024524894542992115
    },
    "26": {
        "X": 0.3814893364906311,
        "Y": 1.7060925960540771,
        "Z": 0.04928027093410492
    },
    "27": {
        "X": 0.5750921368598938,
        "Y": 2.1538732051849365,
        "Z": 0.40343576669692993
    },
    "28": {
        "X": 0.37705105543136597,
        "Y": 2.1406471729278564,
        "Z": 0.3136979639530182
    },
    "29": {
        "X": 0.5812705755233765,
        "Y": 2.2219929695129395,
        "Z": 0.42512577772140503
    },
    "30": {
        "X": 0.37417104840278625,
        "Y": 2.2095611095428467,
        "Z": 0.33066779375076294
    },
    "31": {
        "X": 0.52611243724823,
        "Y": 2.2967007160186768,
        "Z": 0.0727132111787796
    },
    "32": {
        "X": 0.39137524366378784,
        "Y": 2.279212713241577,
        "Z": -0.0631742998957634
    }
}