{
    "0": {
        "X": 0.4310590624809265,
        "Y": 0.35519295930862427,
        "Z": -0.4682639241218567
    },
    "1": {
        "X": 0.45903366804122925,
        "Y": 0.31189313530921936,
        "Z": -0.4803801476955414
    },
    "2": {
        "X": 0.4738863408565521,
        "Y": 0.3128597140312195,
        "Z": -0.48042312264442444
    },
    "3": {
        "X": 0.4899902939796448,
        "Y": 0.3146204948425293,
        "Z": -0.4805484414100647
    },
    "4": {
        "X": 0.4342222809791565,
        "Y": 0.31187066435813904,
        "Z": -0.4366074502468109
    },
    "5": {
        "X": 0.4292377829551697,
        "Y": 0.3121393024921417,
        "Z": -0.43629923462867737
    },
    "6": {
        "X": 0.4236856997013092,
        "Y": 0.3121042549610138,
        "Z": -0.43675559759140015
    },
    "7": {
        "X": 0.5382195115089417,
        "Y": 0.34668484330177307,
        "Z": -0.39381295442581177
    },
    "8": {
        "X": 0.4404778480529785,
        "Y": 0.33512964844703674,
        "Z": -0.18219390511512756
    },
    "9": {
        "X": 0.4537007212638855,
        "Y": 0.40385040640830994,
        "Z": -0.4294295310974121
    },
    "10": {
        "X": 0.4233316481113434,
        "Y": 0.4036622643470764,
        "Z": -0.3677295744419098
    },
    "11": {
        "X": 0.6616385579109192,
        "Y": 0.6100006699562073,
        "Z": -0.29839420318603516
    },
    "12": {
        "X": 0.3484262526035309,
        "Y": 0.5943677425384521,
        "Z": -0.10198090970516205
    },
    "13": {
        "X": 0.7130210399627686,
        "Y": 0.9124080538749695,
        "Z": -0.27088281512260437
    },
    "14": {
        "X": 0.29297927021980286,
        "Y": 0.9210976362228394,
        "Z": -0.019408192485570908
    },
    "15": {
        "X": 0.6853460669517517,
        "Y": 1.129997730255127,
        "Z": -0.3307390511035919
    },
    "16": {
        "X": 0.364576518535614,
        "Y": 1.0935653448104858,
        "Z": -0.3011804223060608
    },
    "17": {
        "X": 0.6961685419082642,
        "Y": 1.2194998264312744,
        "Z": -0.38536331057548523
    },
    "18": {
        "X": 0.37232083082199097,
        "Y": 1.176757574081421,
        "Z": -0.366948664188385
    },
    "19": {
        "X": 0.6607540249824524,
        "Y": 1.194154977798462,
        "Z": -0.41175103187561035
    },
    "20": {
        "X": 0.39880988001823425,
        "Y": 1.1531466245651245,
        "Z": -0.405092716217041
    },
    "21": {
        "X": 0.6466077566146851,
        "Y": 1.1449012756347656,
        "Z": -0.3450796604156494
    },
    "22": {
        "X": 0.40004763007164,
        "Y": 1.1198444366455078,
        "Z": -0.32921260595321655
    },
    "23": {
        "X": 0.5971635580062866,
        "Y": 1.2321934700012207,
        "Z": -0.07381094247102737
    },
    "24": {
        "X": 0.3772665560245514,
        "Y": 1.220204472541809,
        "Z": 0.07757845520973206
    },
    "25": {
        "X": 0.583493709564209,
        "Y": 1.7086634635925293,
        "Z": -0.10728670656681061
    },
    "26": {
        "X": 0.37748128175735474,
        "Y": 1.696736216545105,
        "Z": 0.12321790307760239
    },
    "27": {
        "X": 0.5717766284942627,
        "Y": 2.146468162536621,
        "Z": 0.27721893787384033
    },
    "28": {
        "X": 0.37529152631759644,
        "Y": 2.129978656768799,
        "Z": 0.38035744428634644
    },
    "29": {
        "X": 0.5785456299781799,
        "Y": 2.2174415588378906,
        "Z": 0.29426103830337524
    },
    "30": {
        "X": 0.37401023507118225,
        "Y": 2.201716661453247,
        "Z": 0.3960091769695282
    },
    "31": {
        "X": 0.5264238119125366,
        "Y": 2.2865331172943115,
        "Z": -0.09728091210126877
    },
    "32": {
        "X": 0.3925226330757141,
        "Y": 2.2695088386535645,
        "Z": 0.0032957294024527073
    }
}