{
    "0": {
        "X": 0.4289673864841461,
        "Y": 0.3604463040828705,
        "Z": -0.44373172521591187
    },
    "1": {
        "X": 0.45700207352638245,
        "Y": 0.31410476565361023,
        "Z": -0.4627772271633148
    },
    "2": {
        "X": 0.47126197814941406,
        "Y": 0.31484800577163696,
        "Z": -0.4626322388648987
    },
    "3": {
        "X": 0.48674336075782776,
        "Y": 0.31699836254119873,
        "Z": -0.46281471848487854
    },
    "4": {
        "X": 0.4329302906990051,
        "Y": 0.3148997724056244,
        "Z": -0.4129014015197754
    },
    "5": {
        "X": 0.42675915360450745,
        "Y": 0.31491801142692566,
        "Z": -0.4125717580318451
    },
    "6": {
        "X": 0.4205079972743988,
        "Y": 0.3150303065776825,
        "Z": -0.41302689909935
    },
    "7": {
        "X": 0.5377815961837769,
        "Y": 0.3512316942214966,
        "Z": -0.4116685390472412
    },
    "8": {
        "X": 0.4428860545158386,
        "Y": 0.3372214138507843,
        "Z": -0.1602524220943451
    },
    "9": {
        "X": 0.4523466229438782,
        "Y": 0.4072675108909607,
        "Z": -0.41387301683425903
    },
    "10": {
        "X": 0.42059388756752014,
        "Y": 0.4069669842720032,
        "Z": -0.3436923027038574
    },
    "11": {
        "X": 0.6677281260490417,
        "Y": 0.6192089915275574,
        "Z": -0.2955043613910675
    },
    "12": {
        "X": 0.3507322669029236,
        "Y": 0.5934918522834778,
        "Z": -0.1139906495809555
    },
    "13": {
        "X": 0.7169607281684875,
        "Y": 0.9205835461616516,
        "Z": -0.24992911517620087
    },
    "14": {
        "X": 0.29033833742141724,
        "Y": 0.9159013032913208,
        "Z": 0.011469611898064613
    },
    "15": {
        "X": 0.7076303362846375,
        "Y": 1.1902457475662231,
        "Z": -0.30657437443733215
    },
    "16": {
        "X": 0.31709808111190796,
        "Y": 1.1644914150238037,
        "Z": -0.1818329244852066
    },
    "17": {
        "X": 0.7210820317268372,
        "Y": 1.2664707899093628,
        "Z": -0.3585358262062073
    },
    "18": {
        "X": 0.3023955225944519,
        "Y": 1.2513654232025146,
        "Z": -0.2357211410999298
    },
    "19": {
        "X": 0.6843517422676086,
        "Y": 1.2563592195510864,
        "Z": -0.3924802243709564
    },
    "20": {
        "X": 0.3335294723510742,
        "Y": 1.2454948425292969,
        "Z": -0.29044604301452637
    },
    "21": {
        "X": 0.6737715005874634,
        "Y": 1.2234878540039062,
        "Z": -0.326751172542572
    },
    "22": {
        "X": 0.343963623046875,
        "Y": 1.2121104001998901,
        "Z": -0.21482591331005096
    },
    "23": {
        "X": 0.5939398407936096,
        "Y": 1.2515581846237183,
        "Z": -0.07675041258335114
    },
    "24": {
        "X": 0.3760693669319153,
        "Y": 1.2311350107192993,
        "Z": 0.08014407753944397
    },
    "25": {
        "X": 0.5716882944107056,
        "Y": 1.748496174812317,
        "Z": -0.04311749339103699
    },
    "26": {
        "X": 0.375244140625,
        "Y": 1.7276057004928589,
        "Z": 0.1158268079161644
    },
    "27": {
        "X": 0.564595639705658,
        "Y": 2.1990764141082764,
        "Z": 0.4122072756290436
    },
    "28": {
        "X": 0.3718319237232208,
        "Y": 2.179675579071045,
        "Z": 0.3951338827610016
    },
    "29": {
        "X": 0.5730481743812561,
        "Y": 2.2688333988189697,
        "Z": 0.43713074922561646
    },
    "30": {
        "X": 0.36993828415870667,
        "Y": 2.2506296634674072,
        "Z": 0.4142357409000397
    },
    "31": {
        "X": 0.5126210451126099,
        "Y": 2.3348913192749023,
        "Z": 0.05851016566157341
    },
    "32": {
        "X": 0.3821931481361389,
        "Y": 2.3182296752929688,
        "Z": 0.008698437362909317
    }
}