{
    "0": {
        "X": 0.44070762395858765,
        "Y": 0.3573916256427765,
        "Z": -0.4855037331581116
    },
    "1": {
        "X": 0.4720169007778168,
        "Y": 0.3123784363269806,
        "Z": -0.4927356243133545
    },
    "2": {
        "X": 0.4877983629703522,
        "Y": 0.3138141632080078,
        "Z": -0.49265551567077637
    },
    "3": {
        "X": 0.5036267042160034,
        "Y": 0.3163493871688843,
        "Z": -0.4927804470062256
    },
    "4": {
        "X": 0.44377660751342773,
        "Y": 0.31323114037513733,
        "Z": -0.45428285002708435
    },
    "5": {
        "X": 0.43786653876304626,
        "Y": 0.31423917412757874,
        "Z": -0.4538640081882477
    },
    "6": {
        "X": 0.4311489164829254,
        "Y": 0.3151821792125702,
        "Z": -0.4542563557624817
    },
    "7": {
        "X": 0.5484328866004944,
        "Y": 0.34724175930023193,
        "Z": -0.3697217106819153
    },
    "8": {
        "X": 0.4403582215309143,
        "Y": 0.3371424973011017,
        "Z": -0.1930151879787445
    },
    "9": {
        "X": 0.4669453203678131,
        "Y": 0.4058237075805664,
        "Z": -0.4307371973991394
    },
    "10": {
        "X": 0.4326154589653015,
        "Y": 0.4039294123649597,
        "Z": -0.3795258402824402
    },
    "11": {
        "X": 0.66616290807724,
        "Y": 0.6200569272041321,
        "Z": -0.24033820629119873
    },
    "12": {
        "X": 0.34315115213394165,
        "Y": 0.5954617261886597,
        "Z": -0.15135043859481812
    },
    "13": {
        "X": 0.7199937105178833,
        "Y": 0.9222927689552307,
        "Z": -0.2010519802570343
    },
    "14": {
        "X": 0.2921426296234131,
        "Y": 0.9097431302070618,
        "Z": -0.037996597588062286
    },
    "15": {
        "X": 0.6885254979133606,
        "Y": 1.184061884880066,
        "Z": -0.20919601619243622
    },
    "16": {
        "X": 0.33467158675193787,
        "Y": 1.13881254196167,
        "Z": -0.22817865014076233
    },
    "17": {
        "X": 0.6922703981399536,
        "Y": 1.265886664390564,
        "Z": -0.2538287341594696
    },
    "18": {
        "X": 0.32485681772232056,
        "Y": 1.2208960056304932,
        "Z": -0.2873571813106537
    },
    "19": {
        "X": 0.6538487672805786,
        "Y": 1.2504961490631104,
        "Z": -0.28046709299087524
    },
    "20": {
        "X": 0.35161685943603516,
        "Y": 1.2147470712661743,
        "Z": -0.344901978969574
    },
    "21": {
        "X": 0.6476466655731201,
        "Y": 1.2159804105758667,
        "Z": -0.22445645928382874
    },
    "22": {
        "X": 0.36152952909469604,
        "Y": 1.1835923194885254,
        "Z": -0.2611875534057617
    },
    "23": {
        "X": 0.5972393751144409,
        "Y": 1.2439444065093994,
        "Z": -0.0509735532104969
    },
    "24": {
        "X": 0.3786454498767853,
        "Y": 1.2284400463104248,
        "Z": 0.05437610670924187
    },
    "25": {
        "X": 0.5777950286865234,
        "Y": 1.739418625831604,
        "Z": -0.0327276848256588
    },
    "26": {
        "X": 0.37718161940574646,
        "Y": 1.7232725620269775,
        "Z": 0.07744994014501572
    },
    "27": {
        "X": 0.5638655424118042,
        "Y": 2.1960103511810303,
        "Z": 0.37013766169548035
    },
    "28": {
        "X": 0.3658308982849121,
        "Y": 2.182184934616089,
        "Z": 0.3488125205039978
    },
    "29": {
        "X": 0.5692107677459717,
        "Y": 2.263331890106201,
        "Z": 0.3897945284843445
    },
    "30": {
        "X": 0.3628053665161133,
        "Y": 2.253237724304199,
        "Z": 0.3661068081855774
    },
    "31": {
        "X": 0.5152431726455688,
        "Y": 2.3385698795318604,
        "Z": 0.0014373523881658912
    },
    "32": {
        "X": 0.377553790807724,
        "Y": 2.321047306060791,
        "Z": -0.052400119602680206
    }
}