{
    "0": {
        "X": 0.49668198823928833,
        "Y": 0.3575485348701477,
        "Z": -0.542317807674408
    },
    "1": {
        "X": 0.5148780345916748,
        "Y": 0.31289947032928467,
        "Z": -0.5054764747619629
    },
    "2": {
        "X": 0.5290592908859253,
        "Y": 0.313967764377594,
        "Z": -0.5054903030395508
    },
    "3": {
        "X": 0.5399376749992371,
        "Y": 0.31597402691841125,
        "Z": -0.5056108832359314
    },
    "4": {
        "X": 0.47373461723327637,
        "Y": 0.3133692741394043,
        "Z": -0.5152460336685181
    },
    "5": {
        "X": 0.45916739106178284,
        "Y": 0.31485652923583984,
        "Z": -0.5149215459823608
    },
    "6": {
        "X": 0.4463438391685486,
        "Y": 0.31689804792404175,
        "Z": -0.5152508020401001
    },
    "7": {
        "X": 0.5551105737686157,
        "Y": 0.3450317084789276,
        "Z": -0.2676108479499817
    },
    "8": {
        "X": 0.4385066032409668,
        "Y": 0.3440394699573517,
        "Z": -0.2797766625881195
    },
    "9": {
        "X": 0.5248441696166992,
        "Y": 0.40608441829681396,
        "Z": -0.4450984001159668
    },
    "10": {
        "X": 0.4698459208011627,
        "Y": 0.40620824694633484,
        "Z": -0.45223236083984375
    },
    "11": {
        "X": 0.6674858331680298,
        "Y": 0.617277979850769,
        "Z": -0.11393652856349945
    },
    "12": {
        "X": 0.34483176469802856,
        "Y": 0.6059082746505737,
        "Z": -0.2400074303150177
    },
    "13": {
        "X": 0.7161942720413208,
        "Y": 0.9090471863746643,
        "Z": -0.08794525265693665
    },
    "14": {
        "X": 0.2872200608253479,
        "Y": 0.9280129075050354,
        "Z": -0.192046657204628
    },
    "15": {
        "X": 0.6991108655929565,
        "Y": 1.131516695022583,
        "Z": -0.3034369945526123
    },
    "16": {
        "X": 0.3304579257965088,
        "Y": 1.1888543367385864,
        "Z": -0.4330623149871826
    },
    "17": {
        "X": 0.7138824462890625,
        "Y": 1.2410625219345093,
        "Z": -0.37530073523521423
    },
    "18": {
        "X": 0.3216603696346283,
        "Y": 1.2772791385650635,
        "Z": -0.5130218863487244
    },
    "19": {
        "X": 0.6792664527893066,
        "Y": 1.2305567264556885,
        "Z": -0.42144131660461426
    },
    "20": {
        "X": 0.3553594648838043,
        "Y": 1.2711247205734253,
        "Z": -0.5688493847846985
    },
    "21": {
        "X": 0.6701067090034485,
        "Y": 1.1976219415664673,
        "Z": -0.33430737257003784
    },
    "22": {
        "X": 0.3644481301307678,
        "Y": 1.2347633838653564,
        "Z": -0.4640434682369232
    },
    "23": {
        "X": 0.6026241183280945,
        "Y": 1.2350068092346191,
        "Z": -0.00933586061000824
    },
    "24": {
        "X": 0.38294491171836853,
        "Y": 1.2347272634506226,
        "Z": 0.012462768703699112
    },
    "25": {
        "X": 0.5921944379806519,
        "Y": 1.72164785861969,
        "Z": 0.03122096322476864
    },
    "26": {
        "X": 0.3906770348548889,
        "Y": 1.7259443998336792,
        "Z": 0.03252612054347992
    },
    "27": {
        "X": 0.5872896313667297,
        "Y": 2.1700098514556885,
        "Z": 0.4646247923374176
    },
    "28": {
        "X": 0.39253437519073486,
        "Y": 2.1664507389068604,
        "Z": 0.29782989621162415
    },
    "29": {
        "X": 0.5908927917480469,
        "Y": 2.238215923309326,
        "Z": 0.4878671169281006
    },
    "30": {
        "X": 0.3892720341682434,
        "Y": 2.235811471939087,
        "Z": 0.3140263855457306
    },
    "31": {
        "X": 0.5561741590499878,
        "Y": 2.3107869625091553,
        "Z": 0.1126122921705246
    },
    "32": {
        "X": 0.4205082952976227,
        "Y": 2.3031578063964844,
        "Z": -0.10425740480422974
    }
}