{
    "0": {
        "X": 0.4377768635749817,
        "Y": 0.36025863885879517,
        "Z": -0.48864665627479553
    },
    "1": {
        "X": 0.46854057908058167,
        "Y": 0.3152090013027191,
        "Z": -0.4873622953891754
    },
    "2": {
        "X": 0.4840850830078125,
        "Y": 0.31656548380851746,
        "Z": -0.487205445766449
    },
    "3": {
        "X": 0.49934491515159607,
        "Y": 0.3193725347518921,
        "Z": -0.48734623193740845
    },
    "4": {
        "X": 0.43823426961898804,
        "Y": 0.31453803181648254,
        "Z": -0.45922011137008667
    },
    "5": {
        "X": 0.43141603469848633,
        "Y": 0.31457507610321045,
        "Z": -0.45891326665878296
    },
    "6": {
        "X": 0.42387184500694275,
        "Y": 0.31484177708625793,
        "Z": -0.4592675566673279
    },
    "7": {
        "X": 0.5405094623565674,
        "Y": 0.3506848216056824,
        "Z": -0.35204827785491943
    },
    "8": {
        "X": 0.4384780824184418,
        "Y": 0.33624523878097534,
        "Z": -0.2050565779209137
    },
    "9": {
        "X": 0.46419692039489746,
        "Y": 0.40735727548599243,
        "Z": -0.43320196866989136
    },
    "10": {
        "X": 0.42643046379089355,
        "Y": 0.40573373436927795,
        "Z": -0.3903173804283142
    },
    "11": {
        "X": 0.6635062098503113,
        "Y": 0.6213057637214661,
        "Z": -0.22627656161785126
    },
    "12": {
        "X": 0.34103548526763916,
        "Y": 0.5956591963768005,
        "Z": -0.16514834761619568
    },
    "13": {
        "X": 0.7213863134384155,
        "Y": 0.9197320938110352,
        "Z": -0.14444610476493835
    },
    "14": {
        "X": 0.28730377554893494,
        "Y": 0.9117212295532227,
        "Z": -0.05261464789509773
    },
    "15": {
        "X": 0.6876489520072937,
        "Y": 1.1730307340621948,
        "Z": -0.20142798125743866
    },
    "16": {
        "X": 0.3346326947212219,
        "Y": 1.1443578004837036,
        "Z": -0.2464865744113922
    },
    "17": {
        "X": 0.6976748704910278,
        "Y": 1.2610243558883667,
        "Z": -0.24649283289909363
    },
    "18": {
        "X": 0.3269837200641632,
        "Y": 1.2292405366897583,
        "Z": -0.30664753913879395
    },
    "19": {
        "X": 0.6637027263641357,
        "Y": 1.2525650262832642,
        "Z": -0.2739548683166504
    },
    "20": {
        "X": 0.35571953654289246,
        "Y": 1.2222424745559692,
        "Z": -0.36228466033935547
    },
    "21": {
        "X": 0.6570682525634766,
        "Y": 1.2176874876022339,
        "Z": -0.21739904582500458
    },
    "22": {
        "X": 0.3647945821285248,
        "Y": 1.1900513172149658,
        "Z": -0.2786054015159607
    },
    "23": {
        "X": 0.5892340540885925,
        "Y": 1.243589162826538,
        "Z": -0.048600003123283386
    },
    "24": {
        "X": 0.37103158235549927,
        "Y": 1.2295230627059937,
        "Z": 0.05171055719256401
    },
    "25": {
        "X": 0.5686392188072205,
        "Y": 1.7402273416519165,
        "Z": -0.023480689153075218
    },
    "26": {
        "X": 0.36952337622642517,
        "Y": 1.7234313488006592,
        "Z": 0.05233650654554367
    },
    "27": {
        "X": 0.5573383569717407,
        "Y": 2.1952879428863525,
        "Z": 0.3852896988391876
    },
    "28": {
        "X": 0.363373339176178,
        "Y": 2.1811094284057617,
        "Z": 0.3078048825263977
    },
    "29": {
        "X": 0.5632667541503906,
        "Y": 2.2625958919525146,
        "Z": 0.4045443534851074
    },
    "30": {
        "X": 0.36101195216178894,
        "Y": 2.2514266967773438,
        "Z": 0.3241442143917084
    },
    "31": {
        "X": 0.5120348334312439,
        "Y": 2.336848258972168,
        "Z": 0.026170125231146812
    },
    "32": {
        "X": 0.380318820476532,
        "Y": 2.3186376094818115,
        "Z": -0.09483733028173447
    }
}