{
    "0": {
        "X": 0.38957300782203674,
        "Y": 0.36695221066474915,
        "Z": -0.35142892599105835
    },
    "1": {
        "X": 0.4198176860809326,
        "Y": 0.3196272552013397,
        "Z": -0.3892735540866852
    },
    "2": {
        "X": 0.42858728766441345,
        "Y": 0.3200851082801819,
        "Z": -0.3891203999519348
    },
    "3": {
        "X": 0.4372110366821289,
        "Y": 0.32135289907455444,
        "Z": -0.38938218355178833
    },
    "4": {
        "X": 0.4088762700557709,
        "Y": 0.31830930709838867,
        "Z": -0.3229667544364929
    },
    "5": {
        "X": 0.40923744440078735,
        "Y": 0.31754398345947266,
        "Z": -0.32261043787002563
    },
    "6": {
        "X": 0.4098958969116211,
        "Y": 0.31699925661087036,
        "Z": -0.32303401827812195
    },
    "7": {
        "X": 0.4973832964897156,
        "Y": 0.35076138377189636,
        "Z": -0.4099503457546234
    },
    "8": {
        "X": 0.4462713599205017,
        "Y": 0.33814650774002075,
        "Z": -0.07551615685224533
    },
    "9": {
        "X": 0.40965786576271057,
        "Y": 0.41067448258399963,
        "Z": -0.3436771631240845
    },
    "10": {
        "X": 0.3931204080581665,
        "Y": 0.409915566444397,
        "Z": -0.25133997201919556
    },
    "11": {
        "X": 0.6619340181350708,
        "Y": 0.6204003691673279,
        "Z": -0.32252320647239685
    },
    "12": {
        "X": 0.3509064316749573,
        "Y": 0.5905301570892334,
        "Z": -0.03234177082777023
    },
    "13": {
        "X": 0.7196391820907593,
        "Y": 0.9201084971427917,
        "Z": -0.28403156995773315
    },
    "14": {
        "X": 0.2898358702659607,
        "Y": 0.9060026407241821,
        "Z": 0.12788625061511993
    },
    "15": {
        "X": 0.7037465572357178,
        "Y": 1.1742502450942993,
        "Z": -0.3063954710960388
    },
    "16": {
        "X": 0.33338913321495056,
        "Y": 1.1385341882705688,
        "Z": -0.06562066078186035
    },
    "17": {
        "X": 0.7177201509475708,
        "Y": 1.2517091035842896,
        "Z": -0.3660881221294403
    },
    "18": {
        "X": 0.3257973790168762,
        "Y": 1.2157179117202759,
        "Z": -0.11879445612430573
    },
    "19": {
        "X": 0.6811988353729248,
        "Y": 1.2428489923477173,
        "Z": -0.3952261209487915
    },
    "20": {
        "X": 0.3518664836883545,
        "Y": 1.2054104804992676,
        "Z": -0.18142031133174896
    },
    "21": {
        "X": 0.6721697449684143,
        "Y": 1.2129156589508057,
        "Z": -0.322457879781723
    },
    "22": {
        "X": 0.35993486642837524,
        "Y": 1.176079511642456,
        "Z": -0.10295353829860687
    },
    "23": {
        "X": 0.589556097984314,
        "Y": 1.2499327659606934,
        "Z": -0.09901179373264313
    },
    "24": {
        "X": 0.37467581033706665,
        "Y": 1.2295736074447632,
        "Z": 0.1025548204779625
    },
    "25": {
        "X": 0.5650906562805176,
        "Y": 1.755039095878601,
        "Z": -0.09637036919593811
    },
    "26": {
        "X": 0.3802647292613983,
        "Y": 1.7287824153900146,
        "Z": 0.09247075766324997
    },
    "27": {
        "X": 0.5582132339477539,
        "Y": 2.2206318378448486,
        "Z": 0.32358503341674805
    },
    "28": {
        "X": 0.37460386753082275,
        "Y": 2.196418523788452,
        "Z": 0.34352055191993713
    },
    "29": {
        "X": 0.5669776201248169,
        "Y": 2.2889959812164307,
        "Z": 0.34357795119285583
    },
    "30": {
        "X": 0.37346553802490234,
        "Y": 2.2664225101470947,
        "Z": 0.3589501976966858
    },
    "31": {
        "X": 0.5012508034706116,
        "Y": 2.3480563163757324,
        "Z": -0.04948139935731888
    },
    "32": {
        "X": 0.3700759708881378,
        "Y": 2.3274691104888916,
        "Z": -0.05367238447070122
    }
}