{
    "0": {
        "X": 0.33649590611457825,
        "Y": 0.3421243727207184,
        "Z": -0.4726250171661377
    },
    "1": {
        "X": 0.3668890595436096,
        "Y": 0.27832895517349243,
        "Z": -0.5061199069023132
    },
    "2": {
        "X": 0.3810916244983673,
        "Y": 0.27486735582351685,
        "Z": -0.5058907866477966
    },
    "3": {
        "X": 0.39659884572029114,
        "Y": 0.27136528491973877,
        "Z": -0.5061451196670532
    },
    "4": {
        "X": 0.33979907631874084,
        "Y": 0.2866194546222687,
        "Z": -0.4244934022426605
    },
    "5": {
        "X": 0.33434078097343445,
        "Y": 0.28952085971832275,
        "Z": -0.423772394657135
    },
    "6": {
        "X": 0.3290700316429138,
        "Y": 0.2920955717563629,
        "Z": -0.4242633879184723
    },
    "7": {
        "X": 0.4672233462333679,
        "Y": 0.300322949886322,
        "Z": -0.5187331438064575
    },
    "8": {
        "X": 0.37077879905700684,
        "Y": 0.32097911834716797,
        "Z": -0.09706798940896988
    },
    "9": {
        "X": 0.3792594075202942,
        "Y": 0.41008126735687256,
        "Z": -0.46298298239707947
    },
    "10": {
        "X": 0.3456767499446869,
        "Y": 0.41348665952682495,
        "Z": -0.3468099534511566
    },
    "11": {
        "X": 0.7063953280448914,
        "Y": 0.6520842909812927,
        "Z": -0.3941856622695923
    },
    "12": {
        "X": 0.2896292209625244,
        "Y": 0.6921342015266418,
        "Z": -0.08256061375141144
    },
    "13": {
        "X": 0.8223453760147095,
        "Y": 1.0154601335525513,
        "Z": -0.2962566018104553
    },
    "14": {
        "X": 0.22902576625347137,
        "Y": 1.1278952360153198,
        "Z": 0.13107077777385712
    },
    "15": {
        "X": 0.840490460395813,
        "Y": 1.4836255311965942,
        "Z": -0.256067156791687
    },
    "16": {
        "X": 0.2171105146408081,
        "Y": 1.501729130744934,
        "Z": -0.06978265941143036
    },
    "17": {
        "X": 0.8684664964675903,
        "Y": 1.601601243019104,
        "Z": -0.29361236095428467
    },
    "18": {
        "X": 0.18906797468662262,
        "Y": 1.632559061050415,
        "Z": -0.11901487410068512
    },
    "19": {
        "X": 0.8285684585571289,
        "Y": 1.6077830791473389,
        "Z": -0.3417590856552124
    },
    "20": {
        "X": 0.22346067428588867,
        "Y": 1.6281818151474,
        "Z": -0.21656391024589539
    },
    "21": {
        "X": 0.8082308769226074,
        "Y": 1.5589114427566528,
        "Z": -0.2765822112560272
    },
    "22": {
        "X": 0.24463920295238495,
        "Y": 1.5833109617233276,
        "Z": -0.12456762790679932
    },
    "23": {
        "X": 0.6592494249343872,
        "Y": 1.508167028427124,
        "Z": -0.11411751806735992
    },
    "24": {
        "X": 0.36232322454452515,
        "Y": 1.5098164081573486,
        "Z": 0.11804419755935669
    },
    "25": {
        "X": 0.6599970459938049,
        "Y": 2.1736342906951904,
        "Z": -0.08322742581367493
    },
    "26": {
        "X": 0.4005447328090668,
        "Y": 2.1639747619628906,
        "Z": 0.170118510723114
    },
    "27": {
        "X": 0.676660418510437,
        "Y": 2.778568983078003,
        "Z": 0.5625629425048828
    },
    "28": {
        "X": 0.41858798265457153,
        "Y": 2.768566370010376,
        "Z": 0.6057994365692139
    },
    "29": {
        "X": 0.6876505613327026,
        "Y": 2.8715927600860596,
        "Z": 0.5935789346694946
    },
    "30": {
        "X": 0.41916733980178833,
        "Y": 2.86366868019104,
        "Z": 0.6377902030944824
    },
    "31": {
        "X": 0.6356366872787476,
        "Y": 2.9531397819519043,
        "Z": 0.06150807812809944
    },
    "32": {
        "X": 0.439622700214386,
        "Y": 2.9444308280944824,
        "Z": 0.06401751935482025
    }
}