{
    "0": {
        "X": 0.40891408920288086,
        "Y": 0.3536439538002014,
        "Z": -0.8000473976135254
    },
    "1": {
        "X": 0.44289669394493103,
        "Y": 0.2865975797176361,
        "Z": -0.7681407332420349
    },
    "2": {
        "X": 0.46760934591293335,
        "Y": 0.2825227975845337,
        "Z": -0.7680765390396118
    },
    "3": {
        "X": 0.4929242730140686,
        "Y": 0.27876657247543335,
        "Z": -0.7682558298110962
    },
    "4": {
        "X": 0.39250701665878296,
        "Y": 0.29679906368255615,
        "Z": -0.7309989333152771
    },
    "5": {
        "X": 0.37683600187301636,
        "Y": 0.3005315363407135,
        "Z": -0.7302563190460205
    },
    "6": {
        "X": 0.3639248311519623,
        "Y": 0.30418017506599426,
        "Z": -0.7306431531906128
    },
    "7": {
        "X": 0.5447961688041687,
        "Y": 0.31925785541534424,
        "Z": -0.47771596908569336
    },
    "8": {
        "X": 0.37216171622276306,
        "Y": 0.3426784873008728,
        "Z": -0.3351662755012512
    },
    "9": {
        "X": 0.4573521018028259,
        "Y": 0.4220091998577118,
        "Z": -0.6987847089767456
    },
    "10": {
        "X": 0.3973380923271179,
        "Y": 0.4272429347038269,
        "Z": -0.6414731740951538
    },
    "11": {
        "X": 0.7248107194900513,
        "Y": 0.7040786147117615,
        "Z": -0.2594355642795563
    },
    "12": {
        "X": 0.2860344648361206,
        "Y": 0.7229085564613342,
        "Z": -0.26213696599006653
    },
    "13": {
        "X": 0.8117586374282837,
        "Y": 1.1815546751022339,
        "Z": -0.09421995282173157
    },
    "14": {
        "X": 0.23112750053405762,
        "Y": 1.0732141733169556,
        "Z": -0.1306096762418747
    },
    "15": {
        "X": 0.8232364654541016,
        "Y": 1.5165817737579346,
        "Z": -0.20662732422351837
    },
    "16": {
        "X": 0.20516081154346466,
        "Y": 1.5217243432998657,
        "Z": -0.4326336979866028
    },
    "17": {
        "X": 0.8440941572189331,
        "Y": 1.6376588344573975,
        "Z": -0.2565380334854126
    },
    "18": {
        "X": 0.178856760263443,
        "Y": 1.6191807985305786,
        "Z": -0.519293487071991
    },
    "19": {
        "X": 0.810338020324707,
        "Y": 1.6418213844299316,
        "Z": -0.3264288902282715
    },
    "20": {
        "X": 0.22095274925231934,
        "Y": 1.6243572235107422,
        "Z": -0.6136394739151001
    },
    "21": {
        "X": 0.785380482673645,
        "Y": 1.5964211225509644,
        "Z": -0.2458995282649994
    },
    "22": {
        "X": 0.24397166073322296,
        "Y": 1.5781409740447998,
        "Z": -0.48529052734375
    },
    "23": {
        "X": 0.6597942113876343,
        "Y": 1.5343282222747803,
        "Z": -0.061099957674741745
    },
    "24": {
        "X": 0.35740968585014343,
        "Y": 1.526528000831604,
        "Z": 0.06478463113307953
    },
    "25": {
        "X": 0.6399227976799011,
        "Y": 2.2017273902893066,
        "Z": -0.012973812408745289
    },
    "26": {
        "X": 0.36759153008461,
        "Y": 2.189868450164795,
        "Z": 0.12206882238388062
    },
    "27": {
        "X": 0.6310501098632812,
        "Y": 2.801072120666504,
        "Z": 0.6523352861404419
    },
    "28": {
        "X": 0.37516528367996216,
        "Y": 2.7926690578460693,
        "Z": 0.5629333853721619
    },
    "29": {
        "X": 0.6414478421211243,
        "Y": 2.8949661254882812,
        "Z": 0.6844897270202637
    },
    "30": {
        "X": 0.3738216757774353,
        "Y": 2.8867640495300293,
        "Z": 0.5917253494262695
    },
    "31": {
        "X": 0.5876232385635376,
        "Y": 2.9841439723968506,
        "Z": 0.11717148125171661
    },
    "32": {
        "X": 0.41169682145118713,
        "Y": 2.9803004264831543,
        "Z": -0.02107349969446659
    }
}