{
    "0": {
        "X": 0.3539028763771057,
        "Y": 0.34561872482299805,
        "Z": -0.9046977162361145
    },
    "1": {
        "X": 0.38590556383132935,
        "Y": 0.2806628346443176,
        "Z": -0.9150221943855286
    },
    "2": {
        "X": 0.4049249291419983,
        "Y": 0.2783065736293793,
        "Z": -0.9151891469955444
    },
    "3": {
        "X": 0.4259260296821594,
        "Y": 0.2755405604839325,
        "Z": -0.9153321385383606
    },
    "4": {
        "X": 0.3501673936843872,
        "Y": 0.28665071725845337,
        "Z": -0.8409640192985535
    },
    "5": {
        "X": 0.341948002576828,
        "Y": 0.2884439527988434,
        "Z": -0.840356171131134
    },
    "6": {
        "X": 0.33338844776153564,
        "Y": 0.2900612950325012,
        "Z": -0.8409363031387329
    },
    "7": {
        "X": 0.502318799495697,
        "Y": 0.30728456377983093,
        "Z": -0.7844942212104797
    },
    "8": {
        "X": 0.37330853939056396,
        "Y": 0.31711485981941223,
        "Z": -0.39844784140586853
    },
    "9": {
        "X": 0.39606690406799316,
        "Y": 0.4139588177204132,
        "Z": -0.8385340571403503
    },
    "10": {
        "X": 0.3543662428855896,
        "Y": 0.4121101200580597,
        "Z": -0.7356492280960083
    },
    "11": {
        "X": 0.7128767371177673,
        "Y": 0.6864997148513794,
        "Z": -0.567448616027832
    },
    "12": {
        "X": 0.280277818441391,
        "Y": 0.671887993812561,
        "Z": -0.23745214939117432
    },
    "13": {
        "X": 0.8052834272384644,
        "Y": 1.0776270627975464,
        "Z": -0.5168401598930359
    },
    "14": {
        "X": 0.20987240970134735,
        "Y": 1.122090220451355,
        "Z": -0.08911080658435822
    },
    "15": {
        "X": 0.8108571171760559,
        "Y": 1.5258272886276245,
        "Z": -0.6889516115188599
    },
    "16": {
        "X": 0.20286640524864197,
        "Y": 1.4647719860076904,
        "Z": -0.6357114911079407
    },
    "17": {
        "X": 0.8334968686103821,
        "Y": 1.6528400182724,
        "Z": -0.7782180905342102
    },
    "18": {
        "X": 0.18235884606838226,
        "Y": 1.5896837711334229,
        "Z": -0.7501150369644165
    },
    "19": {
        "X": 0.7836908102035522,
        "Y": 1.6513603925704956,
        "Z": -0.8331902623176575
    },
    "20": {
        "X": 0.2247641384601593,
        "Y": 1.5854097604751587,
        "Z": -0.8367122411727905
    },
    "21": {
        "X": 0.7662402391433716,
        "Y": 1.5941083431243896,
        "Z": -0.7205479145050049
    },
    "22": {
        "X": 0.24057194590568542,
        "Y": 1.5344390869140625,
        "Z": -0.6955561637878418
    },
    "23": {
        "X": 0.6512501239776611,
        "Y": 1.5169119834899902,
        "Z": -0.13957318663597107
    },
    "24": {
        "X": 0.3368683457374573,
        "Y": 1.49769127368927,
        "Z": 0.14448435604572296
    },
    "25": {
        "X": 0.6166728734970093,
        "Y": 2.181821584701538,
        "Z": -0.0662749782204628
    },
    "26": {
        "X": 0.34023317694664,
        "Y": 2.1637556552886963,
        "Z": 0.29834890365600586
    },
    "27": {
        "X": 0.6095369458198547,
        "Y": 2.772021532058716,
        "Z": 0.7198277711868286
    },
    "28": {
        "X": 0.3407283425331116,
        "Y": 2.7534966468811035,
        "Z": 0.9027142524719238
    },
    "29": {
        "X": 0.6224401593208313,
        "Y": 2.8754544258117676,
        "Z": 0.7620224356651306
    },
    "30": {
        "X": 0.341835081577301,
        "Y": 2.8517115116119385,
        "Z": 0.947048544883728
    },
    "31": {
        "X": 0.5411829352378845,
        "Y": 2.9503557682037354,
        "Z": 0.12210951745510101
    },
    "32": {
        "X": 0.35932666063308716,
        "Y": 2.9408748149871826,
        "Z": 0.28893887996673584
    }
}