{
    "0": {
        "X": 0.40199050307273865,
        "Y": 0.36935120820999146,
        "Z": -0.9976442456245422
    },
    "1": {
        "X": 0.4329165518283844,
        "Y": 0.2990235686302185,
        "Z": -0.9679839015007019
    },
    "2": {
        "X": 0.4591889977455139,
        "Y": 0.29397696256637573,
        "Z": -0.968159556388855
    },
    "3": {
        "X": 0.48703432083129883,
        "Y": 0.2899901270866394,
        "Z": -0.968305230140686
    },
    "4": {
        "X": 0.38356584310531616,
        "Y": 0.31138116121292114,
        "Z": -0.9382399320602417
    },
    "5": {
        "X": 0.3689766526222229,
        "Y": 0.31514349579811096,
        "Z": -0.9375995397567749
    },
    "6": {
        "X": 0.3568023145198822,
        "Y": 0.3186017572879791,
        "Z": -0.9381782412528992
    },
    "7": {
        "X": 0.539591908454895,
        "Y": 0.3241700530052185,
        "Z": -0.6569193005561829
    },
    "8": {
        "X": 0.3600015938282013,
        "Y": 0.34976664185523987,
        "Z": -0.48852109909057617
    },
    "9": {
        "X": 0.4494559168815613,
        "Y": 0.44027021527290344,
        "Z": -0.8732597231864929
    },
    "10": {
        "X": 0.3896391987800598,
        "Y": 0.4432481825351715,
        "Z": -0.8257026672363281
    },
    "11": {
        "X": 0.7185275554656982,
        "Y": 0.6909404397010803,
        "Z": -0.3849929869174957
    },
    "12": {
        "X": 0.2833300232887268,
        "Y": 0.7082740068435669,
        "Z": -0.28374743461608887
    },
    "13": {
        "X": 0.8278830647468567,
        "Y": 1.1715576648712158,
        "Z": -0.2891884446144104
    },
    "14": {
        "X": 0.21975231170654297,
        "Y": 1.04463791847229,
        "Z": -0.16408318281173706
    },
    "15": {
        "X": 0.8254151344299316,
        "Y": 1.491973876953125,
        "Z": -0.5198838710784912
    },
    "16": {
        "X": 0.19518713653087616,
        "Y": 1.4586985111236572,
        "Z": -0.6641808748245239
    },
    "17": {
        "X": 0.8491576313972473,
        "Y": 1.6057460308074951,
        "Z": -0.6067583560943604
    },
    "18": {
        "X": 0.1708664447069168,
        "Y": 1.5777024030685425,
        "Z": -0.7751353979110718
    },
    "19": {
        "X": 0.8029072880744934,
        "Y": 1.602241039276123,
        "Z": -0.6733405590057373
    },
    "20": {
        "X": 0.21483679115772247,
        "Y": 1.5771973133087158,
        "Z": -0.870266318321228
    },
    "21": {
        "X": 0.7834534645080566,
        "Y": 1.5511257648468018,
        "Z": -0.5608322620391846
    },
    "22": {
        "X": 0.23283147811889648,
        "Y": 1.529228925704956,
        "Z": -0.7183791995048523
    },
    "23": {
        "X": 0.6466537714004517,
        "Y": 1.5164411067962646,
        "Z": -0.09775664657354355
    },
    "24": {
        "X": 0.34525054693222046,
        "Y": 1.5014255046844482,
        "Z": 0.10226651281118393
    },
    "25": {
        "X": 0.6196723580360413,
        "Y": 2.171900510787964,
        "Z": 0.04340554401278496
    },
    "26": {
        "X": 0.3413439393043518,
        "Y": 2.1568007469177246,
        "Z": 0.22763359546661377
    },
    "27": {
        "X": 0.6069296002388,
        "Y": 2.7497293949127197,
        "Z": 0.7928797006607056
    },
    "28": {
        "X": 0.34132879972457886,
        "Y": 2.738333225250244,
        "Z": 0.7984469532966614
    },
    "29": {
        "X": 0.6169106960296631,
        "Y": 2.844529151916504,
        "Z": 0.8348581194877625
    },
    "30": {
        "X": 0.3434479236602783,
        "Y": 2.8341870307922363,
        "Z": 0.8391974568367004
    },
    "31": {
        "X": 0.5416366457939148,
        "Y": 2.9363667964935303,
        "Z": 0.24124503135681152
    },
    "32": {
        "X": 0.3717341125011444,
        "Y": 2.9234628677368164,
        "Z": 0.18662753701210022
    }
}