{
    "0": {
        "X": 0.38523024320602417,
        "Y": 0.3418527841567993,
        "Z": -0.9383158683776855
    },
    "1": {
        "X": 0.41598695516586304,
        "Y": 0.277756005525589,
        "Z": -0.9076849222183228
    },
    "2": {
        "X": 0.43931183218955994,
        "Y": 0.27231842279434204,
        "Z": -0.9078574180603027
    },
    "3": {
        "X": 0.46592792868614197,
        "Y": 0.2672383189201355,
        "Z": -0.9080565571784973
    },
    "4": {
        "X": 0.3729405105113983,
        "Y": 0.2869042754173279,
        "Z": -0.8707021474838257
    },
    "5": {
        "X": 0.36120396852493286,
        "Y": 0.2900407612323761,
        "Z": -0.8700860142707825
    },
    "6": {
        "X": 0.3521270453929901,
        "Y": 0.29271334409713745,
        "Z": -0.870665431022644
    },
    "7": {
        "X": 0.5273851156234741,
        "Y": 0.306988924741745,
        "Z": -0.6115695834159851
    },
    "8": {
        "X": 0.36595407128334045,
        "Y": 0.33261173963546753,
        "Z": -0.42546772956848145
    },
    "9": {
        "X": 0.42907580733299255,
        "Y": 0.41504085063934326,
        "Z": -0.826739490032196
    },
    "10": {
        "X": 0.37618309259414673,
        "Y": 0.4155617654323578,
        "Z": -0.7715131044387817
    },
    "11": {
        "X": 0.7252674698829651,
        "Y": 0.7026192545890808,
        "Z": -0.3489067554473877
    },
    "12": {
        "X": 0.2776435613632202,
        "Y": 0.7230197787284851,
        "Z": -0.27905744314193726
    },
    "13": {
        "X": 0.8299415707588196,
        "Y": 1.187030553817749,
        "Z": -0.2638828754425049
    },
    "14": {
        "X": 0.19671274721622467,
        "Y": 1.143135666847229,
        "Z": -0.05173297971487045
    },
    "15": {
        "X": 0.8248337507247925,
        "Y": 1.5365499258041382,
        "Z": -0.5002913475036621
    },
    "16": {
        "X": 0.20119354128837585,
        "Y": 1.5017948150634766,
        "Z": -0.38754525780677795
    },
    "17": {
        "X": 0.8480887413024902,
        "Y": 1.6659646034240723,
        "Z": -0.5779229998588562
    },
    "18": {
        "X": 0.17580552399158478,
        "Y": 1.6294009685516357,
        "Z": -0.4881061911582947
    },
    "19": {
        "X": 0.7997908592224121,
        "Y": 1.6661014556884766,
        "Z": -0.6531855463981628
    },
    "20": {
        "X": 0.21884603798389435,
        "Y": 1.6409932374954224,
        "Z": -0.5899410843849182
    },
    "21": {
        "X": 0.7830089926719666,
        "Y": 1.6072195768356323,
        "Z": -0.5427714586257935
    },
    "22": {
        "X": 0.23648948967456818,
        "Y": 1.5891563892364502,
        "Z": -0.4463370740413666
    },
    "23": {
        "X": 0.6559955477714539,
        "Y": 1.5611101388931274,
        "Z": -0.06560955941677094
    },
    "24": {
        "X": 0.3458488881587982,
        "Y": 1.5484155416488647,
        "Z": 0.07002443820238113
    },
    "25": {
        "X": 0.6341428756713867,
        "Y": 2.242185115814209,
        "Z": -0.0041666519828140736
    },
    "26": {
        "X": 0.3509658873081207,
        "Y": 2.2246382236480713,
        "Z": 0.12063751369714737
    },
    "27": {
        "X": 0.6285690069198608,
        "Y": 2.8439393043518066,
        "Z": 0.6902468204498291
    },
    "28": {
        "X": 0.3596876561641693,
        "Y": 2.8277485370635986,
        "Z": 0.5913050770759583
    },
    "29": {
        "X": 0.6393759846687317,
        "Y": 2.9464900493621826,
        "Z": 0.7241965532302856
    },
    "30": {
        "X": 0.3606107831001282,
        "Y": 2.926311731338501,
        "Z": 0.6180392503738403
    },
    "31": {
        "X": 0.5714015960693359,
        "Y": 3.022308826446533,
        "Z": 0.12193616479635239
    },
    "32": {
        "X": 0.3938320279121399,
        "Y": 3.0136489868164062,
        "Z": -0.024983372539281845
    }
}