{
    "0": {
        "X": 0.3256489336490631,
        "Y": 0.3548398017883301,
        "Z": -0.8362218141555786
    },
    "1": {
        "X": 0.3547672629356384,
        "Y": 0.29337072372436523,
        "Z": -0.8718236684799194
    },
    "2": {
        "X": 0.369682252407074,
        "Y": 0.2913355231285095,
        "Z": -0.8721587061882019
    },
    "3": {
        "X": 0.3850978910923004,
        "Y": 0.2889280915260315,
        "Z": -0.8723815679550171
    },
    "4": {
        "X": 0.32802608609199524,
        "Y": 0.2980091869831085,
        "Z": -0.7808539271354675
    },
    "5": {
        "X": 0.3231024146080017,
        "Y": 0.2995326817035675,
        "Z": -0.7802804112434387
    },
    "6": {
        "X": 0.31837424635887146,
        "Y": 0.3008149266242981,
        "Z": -0.7810552716255188
    },
    "7": {
        "X": 0.4650706350803375,
        "Y": 0.3139099180698395,
        "Z": -0.8271981477737427
    },
    "8": {
        "X": 0.36603987216949463,
        "Y": 0.32012611627578735,
        "Z": -0.3703498840332031
    },
    "9": {
        "X": 0.36978793144226074,
        "Y": 0.42272651195526123,
        "Z": -0.7990332841873169
    },
    "10": {
        "X": 0.3374623656272888,
        "Y": 0.42230844497680664,
        "Z": -0.6736891865730286
    },
    "11": {
        "X": 0.6992899179458618,
        "Y": 0.6697261929512024,
        "Z": -0.5774860978126526
    },
    "12": {
        "X": 0.28171855211257935,
        "Y": 0.6794517040252686,
        "Z": -0.21132206916809082
    },
    "13": {
        "X": 0.7823237776756287,
        "Y": 1.0420401096343994,
        "Z": -0.49522677063941956
    },
    "14": {
        "X": 0.21904782950878143,
        "Y": 1.035739541053772,
        "Z": 0.00820037629455328
    },
    "15": {
        "X": 0.8209102749824524,
        "Y": 1.5238783359527588,
        "Z": -0.6122608184814453
    },
    "16": {
        "X": 0.2016761302947998,
        "Y": 1.4921036958694458,
        "Z": -0.37130430340766907
    },
    "17": {
        "X": 0.8480206727981567,
        "Y": 1.6497076749801636,
        "Z": -0.6853828430175781
    },
    "18": {
        "X": 0.18080537021160126,
        "Y": 1.6134333610534668,
        "Z": -0.4669369161128998
    },
    "19": {
        "X": 0.8048375248908997,
        "Y": 1.651824951171875,
        "Z": -0.7501628398895264
    },
    "20": {
        "X": 0.21857492625713348,
        "Y": 1.6129682064056396,
        "Z": -0.5732842683792114
    },
    "21": {
        "X": 0.7847868800163269,
        "Y": 1.5983223915100098,
        "Z": -0.6480523943901062
    },
    "22": {
        "X": 0.23502247035503387,
        "Y": 1.563502550125122,
        "Z": -0.43590641021728516
    },
    "23": {
        "X": 0.6467530727386475,
        "Y": 1.5133769512176514,
        "Z": -0.13610169291496277
    },
    "24": {
        "X": 0.338876873254776,
        "Y": 1.502467393875122,
        "Z": 0.14080339670181274
    },
    "25": {
        "X": 0.6235635876655579,
        "Y": 2.1813573837280273,
        "Z": -0.1940912902355194
    },
    "26": {
        "X": 0.35772034525871277,
        "Y": 2.15814208984375,
        "Z": 0.10370655357837677
    },
    "27": {
        "X": 0.6303406357765198,
        "Y": 2.782081127166748,
        "Z": 0.4808426797389984
    },
    "28": {
        "X": 0.3695383667945862,
        "Y": 2.758958339691162,
        "Z": 0.5583680868148804
    },
    "29": {
        "X": 0.6425458788871765,
        "Y": 2.883213758468628,
        "Z": 0.511106014251709
    },
    "30": {
        "X": 0.37363144755363464,
        "Y": 2.8556387424468994,
        "Z": 0.5940508246421814
    },
    "31": {
        "X": 0.5702468156814575,
        "Y": 2.9479124546051025,
        "Z": -0.12093065679073334
    },
    "32": {
        "X": 0.38126078248023987,
        "Y": 2.9285545349121094,
        "Z": -0.030155649408698082
    }
}