{
    "0": {
        "X": 0.48455995321273804,
        "Y": 0.37207600474357605,
        "Z": -0.7733708620071411
    },
    "1": {
        "X": 0.5155183672904968,
        "Y": 0.3096144497394562,
        "Z": -0.7212409973144531
    },
    "2": {
        "X": 0.534565806388855,
        "Y": 0.3086415231227875,
        "Z": -0.721076250076294
    },
    "3": {
        "X": 0.5501736402511597,
        "Y": 0.30868253111839294,
        "Z": -0.721361517906189
    },
    "4": {
        "X": 0.45337873697280884,
        "Y": 0.31529659032821655,
        "Z": -0.7276223301887512
    },
    "5": {
        "X": 0.43325716257095337,
        "Y": 0.31754642724990845,
        "Z": -0.726936936378479
    },
    "6": {
        "X": 0.4150925576686859,
        "Y": 0.31959405541419983,
        "Z": -0.7272776961326599
    },
    "7": {
        "X": 0.5799963474273682,
        "Y": 0.3418867886066437,
        "Z": -0.3695812523365021
    },
    "8": {
        "X": 0.40015846490859985,
        "Y": 0.3528161942958832,
        "Z": -0.3796446919441223
    },
    "9": {
        "X": 0.5251922607421875,
        "Y": 0.4418206810951233,
        "Z": -0.6420837640762329
    },
    "10": {
        "X": 0.4513046145439148,
        "Y": 0.44656679034233093,
        "Z": -0.6445587873458862
    },
    "11": {
        "X": 0.7254953384399414,
        "Y": 0.7037883400917053,
        "Z": -0.1196533665060997
    },
    "12": {
        "X": 0.28805166482925415,
        "Y": 0.7340404987335205,
        "Z": -0.32103055715560913
    },
    "13": {
        "X": 0.8038686513900757,
        "Y": 1.1474626064300537,
        "Z": 0.0972263365983963
    },
    "14": {
        "X": 0.22753949463367462,
        "Y": 1.145932674407959,
        "Z": -0.24355027079582214
    },
    "15": {
        "X": 0.8264355659484863,
        "Y": 1.4896351099014282,
        "Z": -0.008089741691946983
    },
    "16": {
        "X": 0.22648946940898895,
        "Y": 1.5172311067581177,
        "Z": -0.580456554889679
    },
    "17": {
        "X": 0.8513496518135071,
        "Y": 1.6001023054122925,
        "Z": -0.047127943485975266
    },
    "18": {
        "X": 0.21619538962841034,
        "Y": 1.6044646501541138,
        "Z": -0.6788235306739807
    },
    "19": {
        "X": 0.8226006627082825,
        "Y": 1.6109564304351807,
        "Z": -0.1183023452758789
    },
    "20": {
        "X": 0.2629410922527313,
        "Y": 1.6047921180725098,
        "Z": -0.7612745761871338
    },
    "21": {
        "X": 0.8012606501579285,
        "Y": 1.5657408237457275,
        "Z": -0.04859459027647972
    },
    "22": {
        "X": 0.2828231453895569,
        "Y": 1.559538722038269,
        "Z": -0.6260743737220764
    },
    "23": {
        "X": 0.6655482053756714,
        "Y": 1.5359503030776978,
        "Z": -0.024671893566846848
    },
    "24": {
        "X": 0.366319477558136,
        "Y": 1.537554144859314,
        "Z": 0.02829880453646183
    },
    "25": {
        "X": 0.6567508578300476,
        "Y": 2.1970582008361816,
        "Z": 0.01857033744454384
    },
    "26": {
        "X": 0.38689666986465454,
        "Y": 2.1941120624542236,
        "Z": 0.028276968747377396
    },
    "27": {
        "X": 0.6545189023017883,
        "Y": 2.8003008365631104,
        "Z": 0.6160628795623779
    },
    "28": {
        "X": 0.3948439061641693,
        "Y": 2.791806936264038,
        "Z": 0.4193647503852844
    },
    "29": {
        "X": 0.6579272150993347,
        "Y": 2.893327236175537,
        "Z": 0.6392232775688171
    },
    "30": {
        "X": 0.38913238048553467,
        "Y": 2.887430429458618,
        "Z": 0.4417194426059723
    },
    "31": {
        "X": 0.6288374662399292,
        "Y": 2.9839870929718018,
        "Z": 0.0996113196015358
    },
    "32": {
        "X": 0.44188398122787476,
        "Y": 2.9686787128448486,
        "Z": -0.18270863592624664
    }
}