{
    "0": {
        "X": 0.47629398107528687,
        "Y": 0.3704124391078949,
        "Z": -1.1737244129180908
    },
    "1": {
        "X": 0.5088169574737549,
        "Y": 0.3075801134109497,
        "Z": -1.1021249294281006
    },
    "2": {
        "X": 0.530964195728302,
        "Y": 0.3078450560569763,
        "Z": -1.102453351020813
    },
    "3": {
        "X": 0.5469319224357605,
        "Y": 0.3084124028682709,
        "Z": -1.1025599241256714
    },
    "4": {
        "X": 0.44189780950546265,
        "Y": 0.3107282817363739,
        "Z": -1.1097265481948853
    },
    "5": {
        "X": 0.42227792739868164,
        "Y": 0.31229308247566223,
        "Z": -1.109117031097412
    },
    "6": {
        "X": 0.40807008743286133,
        "Y": 0.3132616877555847,
        "Z": -1.1095458269119263
    },
    "7": {
        "X": 0.576172411441803,
        "Y": 0.3421538174152374,
        "Z": -0.640030026435852
    },
    "8": {
        "X": 0.3881899416446686,
        "Y": 0.34866395592689514,
        "Z": -0.6533879041671753
    },
    "9": {
        "X": 0.5193892121315002,
        "Y": 0.44379374384880066,
        "Z": -1.0008013248443604
    },
    "10": {
        "X": 0.4423551559448242,
        "Y": 0.44405391812324524,
        "Z": -1.0052483081817627
    },
    "11": {
        "X": 0.7253988981246948,
        "Y": 0.7136268019676208,
        "Z": -0.31014150381088257
    },
    "12": {
        "X": 0.2729853093624115,
        "Y": 0.7248290777206421,
        "Z": -0.4273110032081604
    },
    "13": {
        "X": 0.8025606274604797,
        "Y": 1.1503424644470215,
        "Z": -0.17129458487033844
    },
    "14": {
        "X": 0.2093595564365387,
        "Y": 1.0593639612197876,
        "Z": -0.289154052734375
    },
    "15": {
        "X": 0.8054259419441223,
        "Y": 1.47996985912323,
        "Z": -0.5247514843940735
    },
    "16": {
        "X": 0.21028614044189453,
        "Y": 1.4827295541763306,
        "Z": -0.7727676630020142
    },
    "17": {
        "X": 0.8304257392883301,
        "Y": 1.600854754447937,
        "Z": -0.6399686336517334
    },
    "18": {
        "X": 0.18687734007835388,
        "Y": 1.6008180379867554,
        "Z": -0.9190100431442261
    },
    "19": {
        "X": 0.7912048697471619,
        "Y": 1.5977472066879272,
        "Z": -0.7258211374282837
    },
    "20": {
        "X": 0.22438308596611023,
        "Y": 1.598179578781128,
        "Z": -1.0393259525299072
    },
    "21": {
        "X": 0.771314799785614,
        "Y": 1.5457621812820435,
        "Z": -0.5795904397964478
    },
    "22": {
        "X": 0.24253781139850616,
        "Y": 1.5484559535980225,
        "Z": -0.8402023315429688
    },
    "23": {
        "X": 0.6532126665115356,
        "Y": 1.5233291387557983,
        "Z": -0.04520111531019211
    },
    "24": {
        "X": 0.34687158465385437,
        "Y": 1.5185686349868774,
        "Z": 0.04974188283085823
    },
    "25": {
        "X": 0.6317746639251709,
        "Y": 2.171478748321533,
        "Z": 0.023190541192889214
    },
    "26": {
        "X": 0.35397014021873474,
        "Y": 2.164759397506714,
        "Z": 0.08554138988256454
    },
    "27": {
        "X": 0.6215318441390991,
        "Y": 2.7533986568450928,
        "Z": 0.7482874393463135
    },
    "28": {
        "X": 0.35757118463516235,
        "Y": 2.7464704513549805,
        "Z": 0.6320056915283203
    },
    "29": {
        "X": 0.624374270439148,
        "Y": 2.851094961166382,
        "Z": 0.7799767851829529
    },
    "30": {
        "X": 0.35469675064086914,
        "Y": 2.842291831970215,
        "Z": 0.6645413637161255
    },
    "31": {
        "X": 0.583317756652832,
        "Y": 2.933861255645752,
        "Z": 0.12280353158712387
    },
    "32": {
        "X": 0.40612849593162537,
        "Y": 2.9259862899780273,
        "Z": -0.05879649519920349
    }
}