{
    "0": {
        "X": 0.47214168310165405,
        "Y": 0.3697242736816406,
        "Z": -1.0578835010528564
    },
    "1": {
        "X": 0.5047310590744019,
        "Y": 0.3054834008216858,
        "Z": -0.9967390894889832
    },
    "2": {
        "X": 0.5272184610366821,
        "Y": 0.3042391240596771,
        "Z": -0.9968241453170776
    },
    "3": {
        "X": 0.5437935590744019,
        "Y": 0.3037506341934204,
        "Z": -0.9967759251594543
    },
    "4": {
        "X": 0.4374169409275055,
        "Y": 0.30897536873817444,
        "Z": -0.9894191026687622
    },
    "5": {
        "X": 0.4180840849876404,
        "Y": 0.3104081153869629,
        "Z": -0.989038348197937
    },
    "6": {
        "X": 0.40191641449928284,
        "Y": 0.31171828508377075,
        "Z": -0.9893456697463989
    },
    "7": {
        "X": 0.573921799659729,
        "Y": 0.33653947710990906,
        "Z": -0.5610141158103943
    },
    "8": {
        "X": 0.3838234543800354,
        "Y": 0.34780141711235046,
        "Z": -0.5191653966903687
    },
    "9": {
        "X": 0.5181166529655457,
        "Y": 0.4429596960544586,
        "Z": -0.8962067365646362
    },
    "10": {
        "X": 0.4386727213859558,
        "Y": 0.44480615854263306,
        "Z": -0.8856066465377808
    },
    "11": {
        "X": 0.7283240556716919,
        "Y": 0.7155008912086487,
        "Z": -0.2930898368358612
    },
    "12": {
        "X": 0.28120869398117065,
        "Y": 0.7022682428359985,
        "Z": -0.34087178111076355
    },
    "13": {
        "X": 0.8091289401054382,
        "Y": 1.1760640144348145,
        "Z": -0.15070435404777527
    },
    "14": {
        "X": 0.13697123527526855,
        "Y": 1.0179824829101562,
        "Z": -0.9045432209968567
    },
    "15": {
        "X": 0.8157216906547546,
        "Y": 1.508762240409851,
        "Z": -0.30373162031173706
    },
    "16": {
        "X": 0.10647034645080566,
        "Y": 0.7016671299934387,
        "Z": -2.042961597442627
    },
    "17": {
        "X": 0.8400318026542664,
        "Y": 1.6310105323791504,
        "Z": -0.33224934339523315
    },
    "18": {
        "X": 0.08112413436174393,
        "Y": 0.6058462262153625,
        "Z": -2.2424817085266113
    },
    "19": {
        "X": 0.8035771250724792,
        "Y": 1.6170693635940552,
        "Z": -0.3932337760925293
    },
    "20": {
        "X": 0.12286128103733063,
        "Y": 0.4889828562736511,
        "Z": -2.2414309978485107
    },
    "21": {
        "X": 0.7808289527893066,
        "Y": 1.5715469121932983,
        "Z": -0.3366170823574066
    },
    "22": {
        "X": 0.12331753969192505,
        "Y": 0.6159976720809937,
        "Z": -2.081299304962158
    },
    "23": {
        "X": 0.647811770439148,
        "Y": 1.5480940341949463,
        "Z": -0.041613973677158356
    },
    "24": {
        "X": 0.3332471549510956,
        "Y": 1.5393043756484985,
        "Z": 0.04600181058049202
    },
    "25": {
        "X": 0.6245496273040771,
        "Y": 2.2122366428375244,
        "Z": -0.130267933011055
    },
    "26": {
        "X": 0.3385849595069885,
        "Y": 2.197300434112549,
        "Z": -0.22563333809375763
    },
    "27": {
        "X": 0.6081050038337708,
        "Y": 2.818812131881714,
        "Z": 0.3863728642463684
    },
    "28": {
        "X": 0.32873255014419556,
        "Y": 2.797205686569214,
        "Z": 0.06286205351352692
    },
    "29": {
        "X": 0.6129512786865234,
        "Y": 2.9108755588531494,
        "Z": 0.39575356245040894
    },
    "30": {
        "X": 0.3233015239238739,
        "Y": 2.8893091678619385,
        "Z": 0.07116678357124329
    },
    "31": {
        "X": 0.5621113777160645,
        "Y": 3.002014398574829,
        "Z": -0.24349036812782288
    },
    "32": {
        "X": 0.35915690660476685,
        "Y": 2.9846816062927246,
        "Z": -0.6378289461135864
    }
}