{
    "0": {
        "X": 0.4744137227535248,
        "Y": 0.37808656692504883,
        "Z": -1.05006742477417
    },
    "1": {
        "X": 0.5072888731956482,
        "Y": 0.31975260376930237,
        "Z": -0.987291693687439
    },
    "2": {
        "X": 0.5280171632766724,
        "Y": 0.31968533992767334,
        "Z": -0.9875490069389343
    },
    "3": {
        "X": 0.5443378686904907,
        "Y": 0.3198818862438202,
        "Z": -0.987744927406311
    },
    "4": {
        "X": 0.44263744354248047,
        "Y": 0.3224143087863922,
        "Z": -0.993891716003418
    },
    "5": {
        "X": 0.4232715964317322,
        "Y": 0.32375460863113403,
        "Z": -0.9933416247367859
    },
    "6": {
        "X": 0.40834420919418335,
        "Y": 0.32504189014434814,
        "Z": -0.9938128590583801
    },
    "7": {
        "X": 0.5729039907455444,
        "Y": 0.3514464199542999,
        "Z": -0.5640449523925781
    },
    "8": {
        "X": 0.39277252554893494,
        "Y": 0.3562527000904083,
        "Z": -0.5728558301925659
    },
    "9": {
        "X": 0.5157070159912109,
        "Y": 0.4493177831172943,
        "Z": -0.8893013000488281
    },
    "10": {
        "X": 0.4413144588470459,
        "Y": 0.4502945840358734,
        "Z": -0.8925185203552246
    },
    "11": {
        "X": 0.7163425087928772,
        "Y": 0.7090895175933838,
        "Z": -0.24578049778938293
    },
    "12": {
        "X": 0.28058552742004395,
        "Y": 0.7192021608352661,
        "Z": -0.4057738184928894
    },
    "13": {
        "X": 0.7979925274848938,
        "Y": 1.1365166902542114,
        "Z": -0.09345155209302902
    },
    "14": {
        "X": 0.21181216835975647,
        "Y": 1.0580823421478271,
        "Z": -0.2814328670501709
    },
    "15": {
        "X": 0.8200653791427612,
        "Y": 1.4730833768844604,
        "Z": -0.43012744188308716
    },
    "16": {
        "X": 0.2046741247177124,
        "Y": 1.4711898565292358,
        "Z": -0.7253112196922302
    },
    "17": {
        "X": 0.8464705348014832,
        "Y": 1.591282606124878,
        "Z": -0.5273734331130981
    },
    "18": {
        "X": 0.19316808879375458,
        "Y": 1.5804888010025024,
        "Z": -0.8631658554077148
    },
    "19": {
        "X": 0.8081854581832886,
        "Y": 1.5941053628921509,
        "Z": -0.6208117008209229
    },
    "20": {
        "X": 0.23386068642139435,
        "Y": 1.5878022909164429,
        "Z": -0.9681656956672668
    },
    "21": {
        "X": 0.7893785834312439,
        "Y": 1.544028878211975,
        "Z": -0.48373228311538696
    },
    "22": {
        "X": 0.2511950433254242,
        "Y": 1.5373947620391846,
        "Z": -0.7844276428222656
    },
    "23": {
        "X": 0.6480623483657837,
        "Y": 1.5143914222717285,
        "Z": -0.02732410468161106
    },
    "24": {
        "X": 0.3520853817462921,
        "Y": 1.5111141204833984,
        "Z": 0.031453512609004974
    },
    "25": {
        "X": 0.6293048858642578,
        "Y": 2.1563034057617188,
        "Z": 0.051732271909713745
    },
    "26": {
        "X": 0.35663461685180664,
        "Y": 2.1511034965515137,
        "Z": 0.09273289144039154
    },
    "27": {
        "X": 0.6255826950073242,
        "Y": 2.734004497528076,
        "Z": 0.7580069303512573
    },
    "28": {
        "X": 0.3643738031387329,
        "Y": 2.7266321182250977,
        "Z": 0.6064568758010864
    },
    "29": {
        "X": 0.6285381317138672,
        "Y": 2.8295252323150635,
        "Z": 0.7918592095375061
    },
    "30": {
        "X": 0.3617978096008301,
        "Y": 2.820571184158325,
        "Z": 0.6370673179626465
    },
    "31": {
        "X": 0.5900974273681641,
        "Y": 2.9103288650512695,
        "Z": 0.18349257111549377
    },
    "32": {
        "X": 0.41316428780555725,
        "Y": 2.89945125579834,
        "Z": -0.033878106623888016
    }
}