{
    "0": {
        "X": 0.4631287157535553,
        "Y": 0.3682842552661896,
        "Z": -1.120133638381958
    },
    "1": {
        "X": 0.49397069215774536,
        "Y": 0.3048613965511322,
        "Z": -1.063567876815796
    },
    "2": {
        "X": 0.517454981803894,
        "Y": 0.3032533824443817,
        "Z": -1.063810110092163
    },
    "3": {
        "X": 0.5362632870674133,
        "Y": 0.3026388883590698,
        "Z": -1.064015507698059
    },
    "4": {
        "X": 0.43005409836769104,
        "Y": 0.3091581463813782,
        "Z": -1.0634409189224243
    },
    "5": {
        "X": 0.4125763773918152,
        "Y": 0.3116791546344757,
        "Z": -1.0628345012664795
    },
    "6": {
        "X": 0.399015873670578,
        "Y": 0.31322571635246277,
        "Z": -1.0633513927459717
    },
    "7": {
        "X": 0.5673030018806458,
        "Y": 0.33671239018440247,
        "Z": -0.6407912969589233
    },
    "8": {
        "X": 0.3838104009628296,
        "Y": 0.3490643799304962,
        "Z": -0.6187719702720642
    },
    "9": {
        "X": 0.510807454586029,
        "Y": 0.4414897859096527,
        "Z": -0.9575639963150024
    },
    "10": {
        "X": 0.4324938654899597,
        "Y": 0.44566643238067627,
        "Z": -0.9512404203414917
    },
    "11": {
        "X": 0.7280303835868835,
        "Y": 0.7106168866157532,
        "Z": -0.2947128415107727
    },
    "12": {
        "X": 0.2736196517944336,
        "Y": 0.7283828854560852,
        "Z": -0.43206530809402466
    },
    "13": {
        "X": 0.8131129145622253,
        "Y": 1.156765103340149,
        "Z": -0.13535475730895996
    },
    "14": {
        "X": 0.20261922478675842,
        "Y": 1.075053095817566,
        "Z": -0.28602346777915955
    },
    "15": {
        "X": 0.8333209753036499,
        "Y": 1.4967538118362427,
        "Z": -0.46914035081863403
    },
    "16": {
        "X": 0.20860525965690613,
        "Y": 1.489177942276001,
        "Z": -0.754313051700592
    },
    "17": {
        "X": 0.8641071319580078,
        "Y": 1.6187269687652588,
        "Z": -0.5635541677474976
    },
    "18": {
        "X": 0.18501649796962738,
        "Y": 1.6077932119369507,
        "Z": -0.8948677778244019
    },
    "19": {
        "X": 0.8257320523262024,
        "Y": 1.6190613508224487,
        "Z": -0.6559211611747742
    },
    "20": {
        "X": 0.2279706746339798,
        "Y": 1.6139498949050903,
        "Z": -1.0062693357467651
    },
    "21": {
        "X": 0.8035727739334106,
        "Y": 1.5671775341033936,
        "Z": -0.5233408212661743
    },
    "22": {
        "X": 0.24593177437782288,
        "Y": 1.5619683265686035,
        "Z": -0.8172957301139832
    },
    "23": {
        "X": 0.6559277772903442,
        "Y": 1.5336363315582275,
        "Z": -0.03593408316373825
    },
    "24": {
        "X": 0.3486144542694092,
        "Y": 1.5289175510406494,
        "Z": 0.040189772844314575
    },
    "25": {
        "X": 0.6323481202125549,
        "Y": 2.189336061477661,
        "Z": 0.08264697343111038
    },
    "26": {
        "X": 0.3502446413040161,
        "Y": 2.182795763015747,
        "Z": 0.1359088271856308
    },
    "27": {
        "X": 0.6267212629318237,
        "Y": 2.7768704891204834,
        "Z": 0.8415681719779968
    },
    "28": {
        "X": 0.3604526221752167,
        "Y": 2.77205753326416,
        "Z": 0.7167102098464966
    },
    "29": {
        "X": 0.631100058555603,
        "Y": 2.8737130165100098,
        "Z": 0.8814268112182617
    },
    "30": {
        "X": 0.3604269027709961,
        "Y": 2.86655330657959,
        "Z": 0.7552548050880432
    },
    "31": {
        "X": 0.5849577188491821,
        "Y": 2.9582858085632324,
        "Z": 0.258700430393219
    },
    "32": {
        "X": 0.40705305337905884,
        "Y": 2.951012134552002,
        "Z": 0.06679509580135345
    }
}