{
    "0": {
        "X": 0.48742979764938354,
        "Y": 0.36079972982406616,
        "Z": -0.8579069972038269
    },
    "1": {
        "X": 0.5177828073501587,
        "Y": 0.30120009183883667,
        "Z": -0.804825484752655
    },
    "2": {
        "X": 0.537033200263977,
        "Y": 0.3007359802722931,
        "Z": -0.8047553896903992
    },
    "3": {
        "X": 0.5524014234542847,
        "Y": 0.30126869678497314,
        "Z": -0.8050179481506348
    },
    "4": {
        "X": 0.4563513696193695,
        "Y": 0.30584514141082764,
        "Z": -0.813703179359436
    },
    "5": {
        "X": 0.4363061785697937,
        "Y": 0.30811938643455505,
        "Z": -0.8130995631217957
    },
    "6": {
        "X": 0.41811442375183105,
        "Y": 0.3101007640361786,
        "Z": -0.8134785890579224
    },
    "7": {
        "X": 0.5826818943023682,
        "Y": 0.3366020619869232,
        "Z": -0.43890827894210815
    },
    "8": {
        "X": 0.4019058644771576,
        "Y": 0.34437403082847595,
        "Z": -0.4632502496242523
    },
    "9": {
        "X": 0.5286186933517456,
        "Y": 0.43333911895751953,
        "Z": -0.7189933061599731
    },
    "10": {
        "X": 0.45440515875816345,
        "Y": 0.4371795356273651,
        "Z": -0.7254880666732788
    },
    "11": {
        "X": 0.7328277826309204,
        "Y": 0.707449734210968,
        "Z": -0.15506261587142944
    },
    "12": {
        "X": 0.28110548853874207,
        "Y": 0.7419599294662476,
        "Z": -0.3845146596431732
    },
    "13": {
        "X": 0.802306056022644,
        "Y": 1.1339948177337646,
        "Z": 0.03439750149846077
    },
    "14": {
        "X": 0.23291411995887756,
        "Y": 1.1042593717575073,
        "Z": -0.2936219871044159
    },
    "15": {
        "X": 0.819348931312561,
        "Y": 1.491587519645691,
        "Z": -0.13269895315170288
    },
    "16": {
        "X": 0.2337006777524948,
        "Y": 1.5276638269424438,
        "Z": -0.6358858346939087
    },
    "17": {
        "X": 0.8400076627731323,
        "Y": 1.622916340827942,
        "Z": -0.1867740899324417
    },
    "18": {
        "X": 0.2249661684036255,
        "Y": 1.6209410429000854,
        "Z": -0.7450855374336243
    },
    "19": {
        "X": 0.8040820360183716,
        "Y": 1.6258565187454224,
        "Z": -0.2648608386516571
    },
    "20": {
        "X": 0.27228307723999023,
        "Y": 1.6266509294509888,
        "Z": -0.8242412805557251
    },
    "21": {
        "X": 0.7822476625442505,
        "Y": 1.5777857303619385,
        "Z": -0.17710669338703156
    },
    "22": {
        "X": 0.2896965444087982,
        "Y": 1.5765480995178223,
        "Z": -0.6795768737792969
    },
    "23": {
        "X": 0.6724151372909546,
        "Y": 1.5370862483978271,
        "Z": -0.01067843846976757
    },
    "24": {
        "X": 0.3689430356025696,
        "Y": 1.540771722793579,
        "Z": 0.01466370653361082
    },
    "25": {
        "X": 0.6633619070053101,
        "Y": 2.1964006423950195,
        "Z": 0.023732049390673637
    },
    "26": {
        "X": 0.39183875918388367,
        "Y": 2.1973795890808105,
        "Z": 0.01715179532766342
    },
    "27": {
        "X": 0.6673274636268616,
        "Y": 2.788282871246338,
        "Z": 0.6232720613479614
    },
    "28": {
        "X": 0.404926598072052,
        "Y": 2.786479949951172,
        "Z": 0.40271884202957153
    },
    "29": {
        "X": 0.671991229057312,
        "Y": 2.8827829360961914,
        "Z": 0.649095356464386
    },
    "30": {
        "X": 0.40103593468666077,
        "Y": 2.8830907344818115,
        "Z": 0.42304396629333496
    },
    "31": {
        "X": 0.638994038105011,
        "Y": 2.972855567932129,
        "Z": 0.10291676223278046
    },
    "32": {
        "X": 0.45242080092430115,
        "Y": 2.961570978164673,
        "Z": -0.19324101507663727
    }
}