{
    "0": {
        "X": 0.3946821093559265,
        "Y": 0.35185950994491577,
        "Z": -0.6391462087631226
    },
    "1": {
        "X": 0.4244568943977356,
        "Y": 0.2882287800312042,
        "Z": -0.627902090549469
    },
    "2": {
        "X": 0.44625774025917053,
        "Y": 0.2840803563594818,
        "Z": -0.6276363134384155
    },
    "3": {
        "X": 0.4703643321990967,
        "Y": 0.27962079644203186,
        "Z": -0.62777179479599
    },
    "4": {
        "X": 0.38077765703201294,
        "Y": 0.2961190640926361,
        "Z": -0.5883429050445557
    },
    "5": {
        "X": 0.3692842423915863,
        "Y": 0.29951778054237366,
        "Z": -0.5876798033714294
    },
    "6": {
        "X": 0.3588094413280487,
        "Y": 0.30236876010894775,
        "Z": -0.5881284475326538
    },
    "7": {
        "X": 0.5333743095397949,
        "Y": 0.31495267152786255,
        "Z": -0.4466494917869568
    },
    "8": {
        "X": 0.37256985902786255,
        "Y": 0.33631235361099243,
        "Z": -0.23270174860954285
    },
    "9": {
        "X": 0.43674641847610474,
        "Y": 0.4207359254360199,
        "Z": -0.5661686658859253
    },
    "10": {
        "X": 0.38591334223747253,
        "Y": 0.423837274312973,
        "Z": -0.5056021809577942
    },
    "11": {
        "X": 0.7198036909103394,
        "Y": 0.6762760877609253,
        "Z": -0.28747886419296265
    },
    "12": {
        "X": 0.2873993515968323,
        "Y": 0.7113304734230042,
        "Z": -0.19630937278270721
    },
    "13": {
        "X": 0.8411491513252258,
        "Y": 1.1498538255691528,
        "Z": -0.17817537486553192
    },
    "14": {
        "X": 0.23097515106201172,
        "Y": 1.0772192478179932,
        "Z": -0.027352120727300644
    },
    "15": {
        "X": 0.8259747624397278,
        "Y": 1.4928510189056396,
        "Z": -0.18736281991004944
    },
    "16": {
        "X": 0.21084830164909363,
        "Y": 1.4938188791275024,
        "Z": -0.27019304037094116
    },
    "17": {
        "X": 0.8447154760360718,
        "Y": 1.6134377717971802,
        "Z": -0.21947789192199707
    },
    "18": {
        "X": 0.1961214691400528,
        "Y": 1.6060909032821655,
        "Z": -0.33681198954582214
    },
    "19": {
        "X": 0.7976611852645874,
        "Y": 1.6085304021835327,
        "Z": -0.26461830735206604
    },
    "20": {
        "X": 0.23701493442058563,
        "Y": 1.6077340841293335,
        "Z": -0.41891127824783325
    },
    "21": {
        "X": 0.7835158705711365,
        "Y": 1.5599228143692017,
        "Z": -0.21145693957805634
    },
    "22": {
        "X": 0.25843697786331177,
        "Y": 1.560364007949829,
        "Z": -0.3164176940917969
    },
    "23": {
        "X": 0.6587656736373901,
        "Y": 1.521107792854309,
        "Z": -0.06304384022951126
    },
    "24": {
        "X": 0.3561432659626007,
        "Y": 1.5178428888320923,
        "Z": 0.06662917882204056
    },
    "25": {
        "X": 0.6429560780525208,
        "Y": 2.177431344985962,
        "Z": -0.014474114403128624
    },
    "26": {
        "X": 0.36954465508461,
        "Y": 2.1698684692382812,
        "Z": 0.11128256469964981
    },
    "27": {
        "X": 0.641812264919281,
        "Y": 2.775686502456665,
        "Z": 0.5870993733406067
    },
    "28": {
        "X": 0.3830901086330414,
        "Y": 2.7658209800720215,
        "Z": 0.5027260184288025
    },
    "29": {
        "X": 0.6522658467292786,
        "Y": 2.8681766986846924,
        "Z": 0.6172791719436646
    },
    "30": {
        "X": 0.38385605812072754,
        "Y": 2.859726905822754,
        "Z": 0.5298053026199341
    },
    "31": {
        "X": 0.6023632287979126,
        "Y": 2.9598615169525146,
        "Z": 0.1092655211687088
    },
    "32": {
        "X": 0.4175053536891937,
        "Y": 2.9475631713867188,
        "Z": -0.04235827922821045
    }
}