{
    "0": {
        "X": 0.4808710515499115,
        "Y": 0.3748660981655121,
        "Z": -1.018736720085144
    },
    "1": {
        "X": 0.512588620185852,
        "Y": 0.3101811707019806,
        "Z": -0.9596253633499146
    },
    "2": {
        "X": 0.5331358313560486,
        "Y": 0.309556782245636,
        "Z": -0.9597247242927551
    },
    "3": {
        "X": 0.5483772158622742,
        "Y": 0.30925223231315613,
        "Z": -0.9599590301513672
    },
    "4": {
        "X": 0.4462603032588959,
        "Y": 0.31305012106895447,
        "Z": -0.9489474296569824
    },
    "5": {
        "X": 0.4255353510379791,
        "Y": 0.314583957195282,
        "Z": -0.9483740925788879
    },
    "6": {
        "X": 0.4080234169960022,
        "Y": 0.3154357075691223,
        "Z": -0.9485535621643066
    },
    "7": {
        "X": 0.5755940675735474,
        "Y": 0.34121668338775635,
        "Z": -0.5257672667503357
    },
    "8": {
        "X": 0.3875015079975128,
        "Y": 0.3509102165699005,
        "Z": -0.46772417426109314
    },
    "9": {
        "X": 0.5207748413085938,
        "Y": 0.44830507040023804,
        "Z": -0.8608064651489258
    },
    "10": {
        "X": 0.4452294409275055,
        "Y": 0.45026886463165283,
        "Z": -0.8447089195251465
    },
    "11": {
        "X": 0.7269861102104187,
        "Y": 0.7364484667778015,
        "Z": -0.28932955861091614
    },
    "12": {
        "X": 0.27573564648628235,
        "Y": 0.7065092921257019,
        "Z": -0.26149219274520874
    },
    "13": {
        "X": 0.8080784678459167,
        "Y": 1.1924487352371216,
        "Z": -0.21037018299102783
    },
    "14": {
        "X": 0.12567120790481567,
        "Y": 1.0859432220458984,
        "Z": -0.7936177849769592
    },
    "15": {
        "X": 0.8178170919418335,
        "Y": 1.5232536792755127,
        "Z": -0.46279507875442505
    },
    "16": {
        "X": 0.15209074318408966,
        "Y": 0.8089509606361389,
        "Z": -1.9418121576309204
    },
    "17": {
        "X": 0.8353351354598999,
        "Y": 1.6487129926681519,
        "Z": -0.5399075150489807
    },
    "18": {
        "X": 0.13858795166015625,
        "Y": 0.7317968010902405,
        "Z": -2.1437747478485107
    },
    "19": {
        "X": 0.7911578416824341,
        "Y": 1.631837248802185,
        "Z": -0.6071692109107971
    },
    "20": {
        "X": 0.16125735640525818,
        "Y": 0.6876729726791382,
        "Z": -2.150334119796753
    },
    "21": {
        "X": 0.7722858190536499,
        "Y": 1.5856068134307861,
        "Z": -0.5017752647399902
    },
    "22": {
        "X": 0.18449193239212036,
        "Y": 0.7277848124504089,
        "Z": -1.9800443649291992
    },
    "23": {
        "X": 0.6237500309944153,
        "Y": 1.5490423440933228,
        "Z": -0.055237025022506714
    },
    "24": {
        "X": 0.3159392178058624,
        "Y": 1.5320398807525635,
        "Z": 0.05979654937982559
    },
    "25": {
        "X": 0.6015623807907104,
        "Y": 2.220313310623169,
        "Z": -0.08736783266067505
    },
    "26": {
        "X": 0.3135010600090027,
        "Y": 2.2070112228393555,
        "Z": 0.12463952600955963
    },
    "27": {
        "X": 0.5813900232315063,
        "Y": 2.8252737522125244,
        "Z": 0.5253283977508545
    },
    "28": {
        "X": 0.3080907166004181,
        "Y": 2.8007893562316895,
        "Z": 0.6428629755973816
    },
    "29": {
        "X": 0.5863108038902283,
        "Y": 2.918027400970459,
        "Z": 0.5436934232711792
    },
    "30": {
        "X": 0.3014506697654724,
        "Y": 2.8901426792144775,
        "Z": 0.6733995079994202
    },
    "31": {
        "X": 0.5302810072898865,
        "Y": 3.00525164604187,
        "Z": -0.11295995861291885
    },
    "32": {
        "X": 0.336717814207077,
        "Y": 2.9926631450653076,
        "Z": -0.05762072280049324
    }
}