{
    "0": {
        "X": 0.3261052072048187,
        "Y": 0.3445121943950653,
        "Z": -0.468386173248291
    },
    "1": {
        "X": 0.3579762578010559,
        "Y": 0.2833404839038849,
        "Z": -0.5196031928062439
    },
    "2": {
        "X": 0.3706459403038025,
        "Y": 0.2807821035385132,
        "Z": -0.5194201469421387
    },
    "3": {
        "X": 0.38400644063949585,
        "Y": 0.2777504324913025,
        "Z": -0.5197224020957947
    },
    "4": {
        "X": 0.3347613513469696,
        "Y": 0.2886579930782318,
        "Z": -0.4232051968574524
    },
    "5": {
        "X": 0.33176523447036743,
        "Y": 0.2904329001903534,
        "Z": -0.42249640822410583
    },
    "6": {
        "X": 0.32908040285110474,
        "Y": 0.2918185889720917,
        "Z": -0.4230068624019623
    },
    "7": {
        "X": 0.45876073837280273,
        "Y": 0.30428561568260193,
        "Z": -0.5579575896263123
    },
    "8": {
        "X": 0.3772529065608978,
        "Y": 0.31440189480781555,
        "Z": -0.10353051126003265
    },
    "9": {
        "X": 0.3702385127544403,
        "Y": 0.41158005595207214,
        "Z": -0.47615304589271545
    },
    "10": {
        "X": 0.34129735827445984,
        "Y": 0.4125926196575165,
        "Z": -0.3422397971153259
    },
    "11": {
        "X": 0.6975593566894531,
        "Y": 0.6535829305648804,
        "Z": -0.4588196277618408
    },
    "12": {
        "X": 0.3002549707889557,
        "Y": 0.6744568943977356,
        "Z": -0.06567694246768951
    },
    "13": {
        "X": 0.7935848236083984,
        "Y": 1.013180136680603,
        "Z": -0.36921197175979614
    },
    "14": {
        "X": 0.24492645263671875,
        "Y": 1.0384880304336548,
        "Z": 0.0938994288444519
    },
    "15": {
        "X": 0.8317691087722778,
        "Y": 1.4745351076126099,
        "Z": -0.33175888657569885
    },
    "16": {
        "X": 0.2107430249452591,
        "Y": 1.472319483757019,
        "Z": -0.19207659363746643
    },
    "17": {
        "X": 0.8555706739425659,
        "Y": 1.5881836414337158,
        "Z": -0.3745293915271759
    },
    "18": {
        "X": 0.17651668190956116,
        "Y": 1.5920312404632568,
        "Z": -0.2528000771999359
    },
    "19": {
        "X": 0.8151615262031555,
        "Y": 1.5921971797943115,
        "Z": -0.41926145553588867
    },
    "20": {
        "X": 0.2099696397781372,
        "Y": 1.5862843990325928,
        "Z": -0.3413113057613373
    },
    "21": {
        "X": 0.7959488034248352,
        "Y": 1.55282723903656,
        "Z": -0.3461443781852722
    },
    "22": {
        "X": 0.23404796421527863,
        "Y": 1.5449262857437134,
        "Z": -0.24831728637218475
    },
    "23": {
        "X": 0.648736834526062,
        "Y": 1.4914634227752686,
        "Z": -0.134522944688797
    },
    "24": {
        "X": 0.35974475741386414,
        "Y": 1.48457670211792,
        "Z": 0.13862155377864838
    },
    "25": {
        "X": 0.6351863145828247,
        "Y": 2.152468204498291,
        "Z": -0.1019391193985939
    },
    "26": {
        "X": 0.38586169481277466,
        "Y": 2.1322619915008545,
        "Z": 0.1863948553800583
    },
    "27": {
        "X": 0.6454740762710571,
        "Y": 2.7548162937164307,
        "Z": 0.5111328959465027
    },
    "28": {
        "X": 0.3984006345272064,
        "Y": 2.7327306270599365,
        "Z": 0.6058621406555176
    },
    "29": {
        "X": 0.6562943458557129,
        "Y": 2.844872236251831,
        "Z": 0.5419664978981018
    },
    "30": {
        "X": 0.4006121754646301,
        "Y": 2.823096990585327,
        "Z": 0.6352638006210327
    },
    "31": {
        "X": 0.5982311964035034,
        "Y": 2.9221887588500977,
        "Z": 0.019844209775328636
    },
    "32": {
        "X": 0.39940863847732544,
        "Y": 2.9066243171691895,
        "Z": 0.0745081976056099
    }
}