{
    "0": {
        "X": 0.4875468313694,
        "Y": 0.36427041888237,
        "Z": -0.8000494241714478
    },
    "1": {
        "X": 0.5187035202980042,
        "Y": 0.3033081591129303,
        "Z": -0.7488067150115967
    },
    "2": {
        "X": 0.5378881692886353,
        "Y": 0.3024217486381531,
        "Z": -0.7487001419067383
    },
    "3": {
        "X": 0.5533486604690552,
        "Y": 0.30276748538017273,
        "Z": -0.7490241527557373
    },
    "4": {
        "X": 0.45600542426109314,
        "Y": 0.3087002635002136,
        "Z": -0.7518755793571472
    },
    "5": {
        "X": 0.43567171692848206,
        "Y": 0.31101465225219727,
        "Z": -0.7511598467826843
    },
    "6": {
        "X": 0.4179394245147705,
        "Y": 0.3129400312900543,
        "Z": -0.7514652609825134
    },
    "7": {
        "X": 0.5835838317871094,
        "Y": 0.33725133538246155,
        "Z": -0.4065276086330414
    },
    "8": {
        "X": 0.40241995453834534,
        "Y": 0.3462851345539093,
        "Z": -0.4028831124305725
    },
    "9": {
        "X": 0.5293375849723816,
        "Y": 0.43522363901138306,
        "Z": -0.6741095185279846
    },
    "10": {
        "X": 0.4539376199245453,
        "Y": 0.4394906759262085,
        "Z": -0.6717836856842041
    },
    "11": {
        "X": 0.7311240434646606,
        "Y": 0.702731192111969,
        "Z": -0.17443813383579254
    },
    "12": {
        "X": 0.2814459204673767,
        "Y": 0.7393178939819336,
        "Z": -0.34949058294296265
    },
    "13": {
        "X": 0.8100898861885071,
        "Y": 1.158263087272644,
        "Z": -0.03527529537677765
    },
    "14": {
        "X": 0.22857677936553955,
        "Y": 1.135705828666687,
        "Z": -0.27311405539512634
    },
    "15": {
        "X": 0.8249441981315613,
        "Y": 1.4810519218444824,
        "Z": -0.1606573760509491
    },
    "16": {
        "X": 0.23285624384880066,
        "Y": 1.5210797786712646,
        "Z": -0.5957719087600708
    },
    "17": {
        "X": 0.8438115119934082,
        "Y": 1.606674075126648,
        "Z": -0.21475505828857422
    },
    "18": {
        "X": 0.22546939551830292,
        "Y": 1.6172345876693726,
        "Z": -0.6919425129890442
    },
    "19": {
        "X": 0.8081067204475403,
        "Y": 1.6204833984375,
        "Z": -0.27480536699295044
    },
    "20": {
        "X": 0.2703234851360321,
        "Y": 1.6196606159210205,
        "Z": -0.7743440866470337
    },
    "21": {
        "X": 0.7882071733474731,
        "Y": 1.5728646516799927,
        "Z": -0.19697128236293793
    },
    "22": {
        "X": 0.2893162965774536,
        "Y": 1.5709086656570435,
        "Z": -0.6428177356719971
    },
    "23": {
        "X": 0.6779415011405945,
        "Y": 1.5293104648590088,
        "Z": -0.02102365717291832
    },
    "24": {
        "X": 0.3621388077735901,
        "Y": 1.5318701267242432,
        "Z": 0.024574195966124535
    },
    "25": {
        "X": 0.6586096882820129,
        "Y": 2.1874501705169678,
        "Z": 0.07878921180963516
    },
    "26": {
        "X": 0.38373854756355286,
        "Y": 2.186612129211426,
        "Z": 0.10429726541042328
    },
    "27": {
        "X": 0.6565366983413696,
        "Y": 2.7789218425750732,
        "Z": 0.7508292198181152
    },
    "28": {
        "X": 0.3942814767360687,
        "Y": 2.7736012935638428,
        "Z": 0.570968747138977
    },
    "29": {
        "X": 0.6603802442550659,
        "Y": 2.8721206188201904,
        "Z": 0.7822335958480835
    },
    "30": {
        "X": 0.38990646600723267,
        "Y": 2.8681092262268066,
        "Z": 0.6012701392173767
    },
    "31": {
        "X": 0.6280174255371094,
        "Y": 2.9652531147003174,
        "Z": 0.22480157017707825
    },
    "32": {
        "X": 0.4418942332267761,
        "Y": 2.9531164169311523,
        "Z": -0.013586665503680706
    }
}