{
    "0": {
        "X": 0.4919600486755371,
        "Y": 0.3663322627544403,
        "Z": -0.8062044978141785
    },
    "1": {
        "X": 0.5225120186805725,
        "Y": 0.3058246672153473,
        "Z": -0.7537304162979126
    },
    "2": {
        "X": 0.5415651202201843,
        "Y": 0.3049103021621704,
        "Z": -0.7535899877548218
    },
    "3": {
        "X": 0.5572724938392639,
        "Y": 0.3050679564476013,
        "Z": -0.7537395358085632
    },
    "4": {
        "X": 0.4611325263977051,
        "Y": 0.31119397282600403,
        "Z": -0.7622188329696655
    },
    "5": {
        "X": 0.4409898817539215,
        "Y": 0.31336700916290283,
        "Z": -0.7615272402763367
    },
    "6": {
        "X": 0.4232572019100189,
        "Y": 0.31542059779167175,
        "Z": -0.7618910074234009
    },
    "7": {
        "X": 0.5875636339187622,
        "Y": 0.3388160467147827,
        "Z": -0.39159834384918213
    },
    "8": {
        "X": 0.4073787331581116,
        "Y": 0.3492928147315979,
        "Z": -0.4131741523742676
    },
    "9": {
        "X": 0.5327218770980835,
        "Y": 0.4366033375263214,
        "Z": -0.6698111891746521
    },
    "10": {
        "X": 0.45922547578811646,
        "Y": 0.44125548005104065,
        "Z": -0.6754266619682312
    },
    "11": {
        "X": 0.732242226600647,
        "Y": 0.6958738565444946,
        "Z": -0.12957099080085754
    },
    "12": {
        "X": 0.28989264369010925,
        "Y": 0.7272508144378662,
        "Z": -0.35956379771232605
    },
    "13": {
        "X": 0.7983118295669556,
        "Y": 1.1446925401687622,
        "Z": 0.04814073443412781
    },
    "14": {
        "X": 0.2334822118282318,
        "Y": 1.1292517185211182,
        "Z": -0.2910251021385193
    },
    "15": {
        "X": 0.8161706924438477,
        "Y": 1.463960886001587,
        "Z": -0.10090617835521698
    },
    "16": {
        "X": 0.23544855415821075,
        "Y": 1.5014216899871826,
        "Z": -0.6426668763160706
    },
    "17": {
        "X": 0.8396504521369934,
        "Y": 1.5822311639785767,
        "Z": -0.15078213810920715
    },
    "18": {
        "X": 0.22615952789783478,
        "Y": 1.5965672731399536,
        "Z": -0.750802755355835
    },
    "19": {
        "X": 0.814947783946991,
        "Y": 1.5924152135849,
        "Z": -0.22391076385974884
    },
    "20": {
        "X": 0.2741733193397522,
        "Y": 1.5972758531570435,
        "Z": -0.8277047872543335
    },
    "21": {
        "X": 0.7895772457122803,
        "Y": 1.5509788990020752,
        "Z": -0.14344629645347595
    },
    "22": {
        "X": 0.2931276559829712,
        "Y": 1.549697756767273,
        "Z": -0.6872050762176514
    },
    "23": {
        "X": 0.6667265892028809,
        "Y": 1.5209749937057495,
        "Z": -0.012436279095709324
    },
    "24": {
        "X": 0.3653453588485718,
        "Y": 1.5240447521209717,
        "Z": 0.01628999598324299
    },
    "25": {
        "X": 0.6538525819778442,
        "Y": 2.173374652862549,
        "Z": 0.05587537959218025
    },
    "26": {
        "X": 0.3790828287601471,
        "Y": 2.1735308170318604,
        "Z": 0.0488157793879509
    },
    "27": {
        "X": 0.6511191129684448,
        "Y": 2.7651541233062744,
        "Z": 0.6728804707527161
    },
    "28": {
        "X": 0.38730746507644653,
        "Y": 2.759930372238159,
        "Z": 0.4696444869041443
    },
    "29": {
        "X": 0.6537445783615112,
        "Y": 2.8571431636810303,
        "Z": 0.6998155117034912
    },
    "30": {
        "X": 0.3815735876560211,
        "Y": 2.8537793159484863,
        "Z": 0.4944949150085449
    },
    "31": {
        "X": 0.6262918710708618,
        "Y": 2.9493610858917236,
        "Z": 0.1505502164363861
    },
    "32": {
        "X": 0.43738120794296265,
        "Y": 2.9357147216796875,
        "Z": -0.12941554188728333
    }
}