{
    "0": {
        "X": 0.46898341178894043,
        "Y": 0.3593962490558624,
        "Z": -1.249219298362732
    },
    "1": {
        "X": 0.4998611509799957,
        "Y": 0.29699942469596863,
        "Z": -1.183294653892517
    },
    "2": {
        "X": 0.5227488279342651,
        "Y": 0.29608219861984253,
        "Z": -1.1836841106414795
    },
    "3": {
        "X": 0.5402632355690002,
        "Y": 0.29617780447006226,
        "Z": -1.1837713718414307
    },
    "4": {
        "X": 0.4331452250480652,
        "Y": 0.30209776759147644,
        "Z": -1.1922255754470825
    },
    "5": {
        "X": 0.4140926003456116,
        "Y": 0.3047853112220764,
        "Z": -1.191792607307434
    },
    "6": {
        "X": 0.400029718875885,
        "Y": 0.3068462908267975,
        "Z": -1.1923675537109375
    },
    "7": {
        "X": 0.5695177912712097,
        "Y": 0.3317227363586426,
        "Z": -0.6963005065917969
    },
    "8": {
        "X": 0.3792366087436676,
        "Y": 0.34186220169067383,
        "Z": -0.7394914627075195
    },
    "9": {
        "X": 0.5145913362503052,
        "Y": 0.4331367611885071,
        "Z": -1.0709385871887207
    },
    "10": {
        "X": 0.43450579047203064,
        "Y": 0.43674200773239136,
        "Z": -1.0773595571517944
    },
    "11": {
        "X": 0.7203417420387268,
        "Y": 0.7015143036842346,
        "Z": -0.31673112511634827
    },
    "12": {
        "X": 0.27174922823905945,
        "Y": 0.7274694442749023,
        "Z": -0.49859267473220825
    },
    "13": {
        "X": 0.7858399152755737,
        "Y": 1.1438900232315063,
        "Z": -0.1517869085073471
    },
    "14": {
        "X": 0.21589931845664978,
        "Y": 1.1221445798873901,
        "Z": -0.3562259078025818
    },
    "15": {
        "X": 0.8124246597290039,
        "Y": 1.4995808601379395,
        "Z": -0.5129339098930359
    },
    "16": {
        "X": 0.2103377878665924,
        "Y": 1.4894243478775024,
        "Z": -0.8290351629257202
    },
    "17": {
        "X": 0.8371933698654175,
        "Y": 1.6192034482955933,
        "Z": -0.6123480796813965
    },
    "18": {
        "X": 0.18809007108211517,
        "Y": 1.607583999633789,
        "Z": -0.9747490882873535
    },
    "19": {
        "X": 0.8051260709762573,
        "Y": 1.6155617237091064,
        "Z": -0.7046610713005066
    },
    "20": {
        "X": 0.2260822057723999,
        "Y": 1.6036591529846191,
        "Z": -1.09280264377594
    },
    "21": {
        "X": 0.7829995155334473,
        "Y": 1.567665934562683,
        "Z": -0.5704041719436646
    },
    "22": {
        "X": 0.24478189647197723,
        "Y": 1.5563445091247559,
        "Z": -0.8942143321037292
    },
    "23": {
        "X": 0.6521801948547363,
        "Y": 1.5269001722335815,
        "Z": -0.03449006378650665
    },
    "24": {
        "X": 0.34636884927749634,
        "Y": 1.5261266231536865,
        "Z": 0.03880394995212555
    },
    "25": {
        "X": 0.6278117895126343,
        "Y": 2.189704179763794,
        "Z": 0.009921697899699211
    },
    "26": {
        "X": 0.34628334641456604,
        "Y": 2.184859275817871,
        "Z": 0.027117326855659485
    },
    "27": {
        "X": 0.6199650764465332,
        "Y": 2.7839367389678955,
        "Z": 0.7228557467460632
    },
    "28": {
        "X": 0.35646700859069824,
        "Y": 2.77887225151062,
        "Z": 0.5475287437438965
    },
    "29": {
        "X": 0.6229853630065918,
        "Y": 2.87874174118042,
        "Z": 0.7530543804168701
    },
    "30": {
        "X": 0.35703498125076294,
        "Y": 2.873330593109131,
        "Z": 0.5775495767593384
    },
    "31": {
        "X": 0.5866274237632751,
        "Y": 2.965675115585327,
        "Z": 0.09184293448925018
    },
    "32": {
        "X": 0.40459781885147095,
        "Y": 2.9560019969940186,
        "Z": -0.14340047538280487
    }
}