{
    "0": {
        "X": 0.3828967213630676,
        "Y": 0.353484183549881,
        "Z": -1.1447408199310303
    },
    "1": {
        "X": 0.41228899359703064,
        "Y": 0.28949403762817383,
        "Z": -1.1369969844818115
    },
    "2": {
        "X": 0.43321171402931213,
        "Y": 0.28597038984298706,
        "Z": -1.1373512744903564
    },
    "3": {
        "X": 0.45813027024269104,
        "Y": 0.28214356303215027,
        "Z": -1.1375696659088135
    },
    "4": {
        "X": 0.368184357881546,
        "Y": 0.2976536154747009,
        "Z": -1.0754095315933228
    },
    "5": {
        "X": 0.3572230935096741,
        "Y": 0.30103251338005066,
        "Z": -1.074867606163025
    },
    "6": {
        "X": 0.3443872332572937,
        "Y": 0.3038015067577362,
        "Z": -1.0755555629730225
    },
    "7": {
        "X": 0.5263981819152832,
        "Y": 0.3116321861743927,
        "Z": -0.885837197303772
    },
    "8": {
        "X": 0.3609021306037903,
        "Y": 0.334343820810318,
        "Z": -0.5795120000839233
    },
    "9": {
        "X": 0.4264281690120697,
        "Y": 0.4264529347419739,
        "Z": -1.041093111038208
    },
    "10": {
        "X": 0.3741599917411804,
        "Y": 0.42855438590049744,
        "Z": -0.9539729356765747
    },
    "11": {
        "X": 0.7219811677932739,
        "Y": 0.6971502304077148,
        "Z": -0.527690052986145
    },
    "12": {
        "X": 0.27869826555252075,
        "Y": 0.7036007046699524,
        "Z": -0.3627978265285492
    },
    "13": {
        "X": 0.7911921739578247,
        "Y": 1.0881445407867432,
        "Z": -0.37610048055648804
    },
    "14": {
        "X": 0.21492521464824677,
        "Y": 1.0619254112243652,
        "Z": -0.13279315829277039
    },
    "15": {
        "X": 0.8278030157089233,
        "Y": 1.5344078540802002,
        "Z": -0.6289949417114258
    },
    "16": {
        "X": 0.19386179745197296,
        "Y": 1.501885175704956,
        "Z": -0.5333663821220398
    },
    "17": {
        "X": 0.8528711199760437,
        "Y": 1.657880425453186,
        "Z": -0.7178503274917603
    },
    "18": {
        "X": 0.1737261861562729,
        "Y": 1.626784086227417,
        "Z": -0.650962233543396
    },
    "19": {
        "X": 0.8114731907844543,
        "Y": 1.6574749946594238,
        "Z": -0.8017627000808716
    },
    "20": {
        "X": 0.21105262637138367,
        "Y": 1.6298067569732666,
        "Z": -0.7638226747512817
    },
    "21": {
        "X": 0.791012167930603,
        "Y": 1.6024494171142578,
        "Z": -0.6760545969009399
    },
    "22": {
        "X": 0.2288092076778412,
        "Y": 1.5795540809631348,
        "Z": -0.5980860590934753
    },
    "23": {
        "X": 0.6503509283065796,
        "Y": 1.529577612876892,
        "Z": -0.09166576713323593
    },
    "24": {
        "X": 0.33861294388771057,
        "Y": 1.5193543434143066,
        "Z": 0.0962575152516365
    },
    "25": {
        "X": 0.6267310976982117,
        "Y": 2.200972080230713,
        "Z": -0.03980889543890953
    },
    "26": {
        "X": 0.35337358713150024,
        "Y": 2.180755138397217,
        "Z": 0.08311456441879272
    },
    "27": {
        "X": 0.6274246573448181,
        "Y": 2.799072504043579,
        "Z": 0.6996076703071594
    },
    "28": {
        "X": 0.3602639138698578,
        "Y": 2.79074764251709,
        "Z": 0.6304128766059875
    },
    "29": {
        "X": 0.6400147080421448,
        "Y": 2.903043270111084,
        "Z": 0.734052836894989
    },
    "30": {
        "X": 0.36169809103012085,
        "Y": 2.896057367324829,
        "Z": 0.6652117967605591
    },
    "31": {
        "X": 0.5676556825637817,
        "Y": 2.980499505996704,
        "Z": 0.07444588094949722
    },
    "32": {
        "X": 0.3913697600364685,
        "Y": 2.9709575176239014,
        "Z": -0.034414198249578476
    }
}