{
    "0": {
        "X": 0.33483293652534485,
        "Y": 0.34468045830726624,
        "Z": -0.9195653200149536
    },
    "1": {
        "X": 0.364118367433548,
        "Y": 0.28507599234580994,
        "Z": -0.9390243291854858
    },
    "2": {
        "X": 0.3807903528213501,
        "Y": 0.2829424738883972,
        "Z": -0.9394059181213379
    },
    "3": {
        "X": 0.3984951376914978,
        "Y": 0.2807692587375641,
        "Z": -0.9396466016769409
    },
    "4": {
        "X": 0.3312784433364868,
        "Y": 0.28900066018104553,
        "Z": -0.8533735275268555
    },
    "5": {
        "X": 0.32405969500541687,
        "Y": 0.2901957631111145,
        "Z": -0.8528372049331665
    },
    "6": {
        "X": 0.31691986322402954,
        "Y": 0.29110655188560486,
        "Z": -0.8535609245300293
    },
    "7": {
        "X": 0.4753487706184387,
        "Y": 0.30677318572998047,
        "Z": -0.815345287322998
    },
    "8": {
        "X": 0.35560646653175354,
        "Y": 0.3129808008670807,
        "Z": -0.4006679058074951
    },
    "9": {
        "X": 0.37898415327072144,
        "Y": 0.4140457808971405,
        "Z": -0.862718403339386
    },
    "10": {
        "X": 0.3404361307621002,
        "Y": 0.4126843512058258,
        "Z": -0.7428107857704163
    },
    "11": {
        "X": 0.6967967748641968,
        "Y": 0.6697607040405273,
        "Z": -0.5623713135719299
    },
    "12": {
        "X": 0.2788183093070984,
        "Y": 0.6777976751327515,
        "Z": -0.22962503135204315
    },
    "13": {
        "X": 0.813551127910614,
        "Y": 1.130317211151123,
        "Z": -0.5309431552886963
    },
    "14": {
        "X": 0.21351389586925507,
        "Y": 1.0255974531173706,
        "Z": -0.07782859355211258
    },
    "15": {
        "X": 0.8170208930969238,
        "Y": 1.518090009689331,
        "Z": -0.7462284564971924
    },
    "16": {
        "X": 0.19970670342445374,
        "Y": 1.477542757987976,
        "Z": -0.4846394956111908
    },
    "17": {
        "X": 0.8427117466926575,
        "Y": 1.6483112573623657,
        "Z": -0.8378380537033081
    },
    "18": {
        "X": 0.1848858892917633,
        "Y": 1.6054341793060303,
        "Z": -0.6007534265518188
    },
    "19": {
        "X": 0.7928439378738403,
        "Y": 1.6512805223464966,
        "Z": -0.9123015403747559
    },
    "20": {
        "X": 0.2256658524274826,
        "Y": 1.6051385402679443,
        "Z": -0.6967027187347412
    },
    "21": {
        "X": 0.7750557065010071,
        "Y": 1.5948299169540405,
        "Z": -0.7854750156402588
    },
    "22": {
        "X": 0.23828569054603577,
        "Y": 1.5530848503112793,
        "Z": -0.5455063581466675
    },
    "23": {
        "X": 0.6406559944152832,
        "Y": 1.5169426202774048,
        "Z": -0.12614485621452332
    },
    "24": {
        "X": 0.32989680767059326,
        "Y": 1.5045316219329834,
        "Z": 0.131004199385643
    },
    "25": {
        "X": 0.6228663325309753,
        "Y": 2.1827518939971924,
        "Z": -0.13289974629878998
    },
    "26": {
        "X": 0.3564915955066681,
        "Y": 2.15372633934021,
        "Z": 0.0007819488528184593
    },
    "27": {
        "X": 0.6335005760192871,
        "Y": 2.775322437286377,
        "Z": 0.5852471590042114
    },
    "28": {
        "X": 0.36669623851776123,
        "Y": 2.757974147796631,
        "Z": 0.5230973958969116
    },
    "29": {
        "X": 0.6469914317131042,
        "Y": 2.8817975521087646,
        "Z": 0.6166588068008423
    },
    "30": {
        "X": 0.37009263038635254,
        "Y": 2.8648970127105713,
        "Z": 0.5558717250823975
    },
    "31": {
        "X": 0.5731958150863647,
        "Y": 2.9497435092926025,
        "Z": -0.03203563019633293
    },
    "32": {
        "X": 0.3861813247203827,
        "Y": 2.9343180656433105,
        "Z": -0.13052146136760712
    }
}