{
    "0": {
        "X": 0.4518074095249176,
        "Y": 0.22795170545578003,
        "Z": -0.6628423929214478
    },
    "1": {
        "X": 0.4792746901512146,
        "Y": 0.18736788630485535,
        "Z": -0.6366724967956543
    },
    "2": {
        "X": 0.49409985542297363,
        "Y": 0.1884787678718567,
        "Z": -0.6365793943405151
    },
    "3": {
        "X": 0.5089913010597229,
        "Y": 0.19027885794639587,
        "Z": -0.6363670229911804
    },
    "4": {
        "X": 0.4485979974269867,
        "Y": 0.1889650821685791,
        "Z": -0.6215206384658813
    },
    "5": {
        "X": 0.442656934261322,
        "Y": 0.1910073310136795,
        "Z": -0.6214116215705872
    },
    "6": {
        "X": 0.4364047646522522,
        "Y": 0.1932803988456726,
        "Z": -0.6219789385795593
    },
    "7": {
        "X": 0.5506419539451599,
        "Y": 0.22547593712806702,
        "Z": -0.4082801938056946
    },
    "8": {
        "X": 0.4439767897129059,
        "Y": 0.22163636982440948,
        "Z": -0.3315713405609131
    },
    "9": {
        "X": 0.4794059693813324,
        "Y": 0.2781059145927429,
        "Z": -0.5763164162635803
    },
    "10": {
        "X": 0.43991556763648987,
        "Y": 0.279541939496994,
        "Z": -0.5526204109191895
    },
    "11": {
        "X": 0.6931372880935669,
        "Y": 0.512525737285614,
        "Z": -0.22415192425251007
    },
    "12": {
        "X": 0.33074885606765747,
        "Y": 0.5018294453620911,
        "Z": -0.24150827527046204
    },
    "13": {
        "X": 0.7532408237457275,
        "Y": 0.8589656352996826,
        "Z": -0.17320290207862854
    },
    "14": {
        "X": 0.25960779190063477,
        "Y": 0.8295871019363403,
        "Z": -0.18798643350601196
    },
    "15": {
        "X": 0.6715530157089233,
        "Y": 1.0672554969787598,
        "Z": -0.4343844950199127
    },
    "16": {
        "X": 0.33045122027397156,
        "Y": 1.0283889770507812,
        "Z": -0.5365472435951233
    },
    "17": {
        "X": 0.6631998419761658,
        "Y": 1.1878424882888794,
        "Z": -0.5091590881347656
    },
    "18": {
        "X": 0.3286738991737366,
        "Y": 1.1392970085144043,
        "Z": -0.6315253973007202
    },
    "19": {
        "X": 0.6154553890228271,
        "Y": 1.1346726417541504,
        "Z": -0.5474887490272522
    },
    "20": {
        "X": 0.3643440902233124,
        "Y": 1.1151959896087646,
        "Z": -0.6750344634056091
    },
    "21": {
        "X": 0.6067870855331421,
        "Y": 1.0789400339126587,
        "Z": -0.45773664116859436
    },
    "22": {
        "X": 0.3807608485221863,
        "Y": 1.046251893043518,
        "Z": -0.5624173283576965
    },
    "23": {
        "X": 0.6078931093215942,
        "Y": 1.100087285041809,
        "Z": -0.02570316568017006
    },
    "24": {
        "X": 0.38521915674209595,
        "Y": 1.1436536312103271,
        "Z": 0.028814664110541344
    },
    "25": {
        "X": 0.5931302309036255,
        "Y": 1.6601876020431519,
        "Z": 0.01620432175695896
    },
    "26": {
        "X": 0.3725988566875458,
        "Y": 1.6453759670257568,
        "Z": 0.01605527475476265
    },
    "27": {
        "X": 0.5743511915206909,
        "Y": 2.1162779331207275,
        "Z": 0.4982775151729584
    },
    "28": {
        "X": 0.3662852644920349,
        "Y": 2.1007802486419678,
        "Z": 0.3196254372596741
    },
    "29": {
        "X": 0.5797341465950012,
        "Y": 2.184256076812744,
        "Z": 0.5255571603775024
    },
    "30": {
        "X": 0.36522939801216125,
        "Y": 2.1664953231811523,
        "Z": 0.33858615159988403
    },
    "31": {
        "X": 0.5301229953765869,
        "Y": 2.2628448009490967,
        "Z": 0.12171606719493866
    },
    "32": {
        "X": 0.3903750777244568,
        "Y": 2.2504262924194336,
        "Z": -0.10964258760213852
    }
}