{
    "0": {
        "X": 0.509792149066925,
        "Y": 0.2368534356355667,
        "Z": -0.7427729964256287
    },
    "1": {
        "X": 0.5318115949630737,
        "Y": 0.19664177298545837,
        "Z": -0.695475161075592
    },
    "2": {
        "X": 0.5444145202636719,
        "Y": 0.1980883777141571,
        "Z": -0.6956161260604858
    },
    "3": {
        "X": 0.5558173656463623,
        "Y": 0.19968251883983612,
        "Z": -0.6955806016921997
    },
    "4": {
        "X": 0.488424152135849,
        "Y": 0.19656305015087128,
        "Z": -0.7104464769363403
    },
    "5": {
        "X": 0.47431302070617676,
        "Y": 0.19822004437446594,
        "Z": -0.7104321718215942
    },
    "6": {
        "X": 0.46088123321533203,
        "Y": 0.2012513428926468,
        "Z": -0.7109742760658264
    },
    "7": {
        "X": 0.5767572522163391,
        "Y": 0.22950352728366852,
        "Z": -0.35657328367233276
    },
    "8": {
        "X": 0.44273272156715393,
        "Y": 0.2285313755273819,
        "Z": -0.4153236448764801
    },
    "9": {
        "X": 0.5365062952041626,
        "Y": 0.2873802185058594,
        "Z": -0.6109720468521118
    },
    "10": {
        "X": 0.48152294754981995,
        "Y": 0.28802788257598877,
        "Z": -0.6286181807518005
    },
    "11": {
        "X": 0.6896941661834717,
        "Y": 0.5091657638549805,
        "Z": -0.10114531219005585
    },
    "12": {
        "X": 0.32778048515319824,
        "Y": 0.49891284108161926,
        "Z": -0.28938060998916626
    },
    "13": {
        "X": 0.7478262782096863,
        "Y": 0.843769371509552,
        "Z": -0.054361194372177124
    },
    "14": {
        "X": 0.2545422911643982,
        "Y": 0.8420113921165466,
        "Z": -0.2424541413784027
    },
    "15": {
        "X": 0.6715431809425354,
        "Y": 1.053901195526123,
        "Z": -0.4651278555393219
    },
    "16": {
        "X": 0.339199960231781,
        "Y": 1.0348153114318848,
        "Z": -0.658684253692627
    },
    "17": {
        "X": 0.6609911918640137,
        "Y": 1.1742496490478516,
        "Z": -0.567001223564148
    },
    "18": {
        "X": 0.34166985750198364,
        "Y": 1.1530729532241821,
        "Z": -0.7794702649116516
    },
    "19": {
        "X": 0.6189976930618286,
        "Y": 1.1164816617965698,
        "Z": -0.6094589233398438
    },
    "20": {
        "X": 0.3816220164299011,
        "Y": 1.123624563217163,
        "Z": -0.8369728326797485
    },
    "21": {
        "X": 0.6112839579582214,
        "Y": 1.0641732215881348,
        "Z": -0.49799084663391113
    },
    "22": {
        "X": 0.3915521204471588,
        "Y": 1.0448808670043945,
        "Z": -0.6888803243637085
    },
    "23": {
        "X": 0.6146027445793152,
        "Y": 1.1264960765838623,
        "Z": 0.008340509608387947
    },
    "24": {
        "X": 0.38993293046951294,
        "Y": 1.1515936851501465,
        "Z": -0.005219762679189444
    },
    "25": {
        "X": 0.6068889498710632,
        "Y": 1.6576848030090332,
        "Z": 0.04225829988718033
    },
    "26": {
        "X": 0.38735800981521606,
        "Y": 1.6543660163879395,
        "Z": -0.022761374711990356
    },
    "27": {
        "X": 0.5945490598678589,
        "Y": 2.104613780975342,
        "Z": 0.5395724177360535
    },
    "28": {
        "X": 0.38898688554763794,
        "Y": 2.0972697734832764,
        "Z": 0.30193567276000977
    },
    "29": {
        "X": 0.5973305106163025,
        "Y": 2.172360897064209,
        "Z": 0.5640445351600647
    },
    "30": {
        "X": 0.38567593693733215,
        "Y": 2.1640784740448,
        "Z": 0.31867459416389465
    },
    "31": {
        "X": 0.5616942644119263,
        "Y": 2.2536282539367676,
        "Z": 0.135492205619812
    },
    "32": {
        "X": 0.42347031831741333,
        "Y": 2.244429588317871,
        "Z": -0.16895455121994019
    }
}