{
    "0": {
        "X": 0.41317757964134216,
        "Y": 0.22800159454345703,
        "Z": -0.5152638554573059
    },
    "1": {
        "X": 0.4404662251472473,
        "Y": 0.18771249055862427,
        "Z": -0.5264204740524292
    },
    "2": {
        "X": 0.4506787657737732,
        "Y": 0.18873517215251923,
        "Z": -0.5261911153793335
    },
    "3": {
        "X": 0.46381598711013794,
        "Y": 0.18999958038330078,
        "Z": -0.5260457396507263
    },
    "4": {
        "X": 0.42055678367614746,
        "Y": 0.18831999599933624,
        "Z": -0.485128790140152
    },
    "5": {
        "X": 0.41679635643959045,
        "Y": 0.18927472829818726,
        "Z": -0.4849522113800049
    },
    "6": {
        "X": 0.41357526183128357,
        "Y": 0.1901218295097351,
        "Z": -0.4855002462863922
    },
    "7": {
        "X": 0.5270045399665833,
        "Y": 0.22787021100521088,
        "Z": -0.43888264894485474
    },
    "8": {
        "X": 0.4428732991218567,
        "Y": 0.22134442627429962,
        "Z": -0.22559228539466858
    },
    "9": {
        "X": 0.4339938759803772,
        "Y": 0.27911674976348877,
        "Z": -0.47159695625305176
    },
    "10": {
        "X": 0.40914487838745117,
        "Y": 0.2803429067134857,
        "Z": -0.4135049283504486
    },
    "11": {
        "X": 0.6896831393241882,
        "Y": 0.5134144425392151,
        "Z": -0.2746697664260864
    },
    "12": {
        "X": 0.33118852972984314,
        "Y": 0.49788933992385864,
        "Z": -0.15170273184776306
    },
    "13": {
        "X": 0.7545080780982971,
        "Y": 0.8539509177207947,
        "Z": -0.25590765476226807
    },
    "14": {
        "X": 0.25767838954925537,
        "Y": 0.8190697431564331,
        "Z": -0.0885612815618515
    },
    "15": {
        "X": 0.6778155565261841,
        "Y": 1.0574493408203125,
        "Z": -0.41421598196029663
    },
    "16": {
        "X": 0.3321790099143982,
        "Y": 1.017612338066101,
        "Z": -0.409758985042572
    },
    "17": {
        "X": 0.6662309169769287,
        "Y": 1.1756788492202759,
        "Z": -0.48281437158584595
    },
    "18": {
        "X": 0.3301764130592346,
        "Y": 1.1149945259094238,
        "Z": -0.488892138004303
    },
    "19": {
        "X": 0.6206314563751221,
        "Y": 1.1243191957473755,
        "Z": -0.5154497027397156
    },
    "20": {
        "X": 0.3702881336212158,
        "Y": 1.0918976068496704,
        "Z": -0.5307681560516357
    },
    "21": {
        "X": 0.6176900863647461,
        "Y": 1.067943811416626,
        "Z": -0.43309736251831055
    },
    "22": {
        "X": 0.38394665718078613,
        "Y": 1.0323576927185059,
        "Z": -0.43544501066207886
    },
    "23": {
        "X": 0.6097754836082458,
        "Y": 1.093618392944336,
        "Z": -0.044730864465236664
    },
    "24": {
        "X": 0.39116689562797546,
        "Y": 1.1106418371200562,
        "Z": 0.04784160107374191
    },
    "25": {
        "X": 0.5875781774520874,
        "Y": 1.6575114727020264,
        "Z": -0.0016057391185313463
    },
    "26": {
        "X": 0.37581536173820496,
        "Y": 1.6384114027023315,
        "Z": 0.026713157072663307
    },
    "27": {
        "X": 0.5739333033561707,
        "Y": 2.1128454208374023,
        "Z": 0.4516964852809906
    },
    "28": {
        "X": 0.370675265789032,
        "Y": 2.091855525970459,
        "Z": 0.31507620215415955
    },
    "29": {
        "X": 0.5811892151832581,
        "Y": 2.180739402770996,
        "Z": 0.4752557873725891
    },
    "30": {
        "X": 0.36966997385025024,
        "Y": 2.1551949977874756,
        "Z": 0.3325919806957245
    },
    "31": {
        "X": 0.5235912799835205,
        "Y": 2.255178689956665,
        "Z": 0.0798177719116211
    },
    "32": {
        "X": 0.3881567716598511,
        "Y": 2.2430107593536377,
        "Z": -0.1039363294839859
    }
}