{
    "0": {
        "X": 0.5155593156814575,
        "Y": 0.22420276701450348,
        "Z": -0.7555404901504517
    },
    "1": {
        "X": 0.5344846248626709,
        "Y": 0.18483194708824158,
        "Z": -0.7051413059234619
    },
    "2": {
        "X": 0.5476109385490417,
        "Y": 0.18620289862155914,
        "Z": -0.7052118182182312
    },
    "3": {
        "X": 0.5582533478736877,
        "Y": 0.18847306072711945,
        "Z": -0.7051126956939697
    },
    "4": {
        "X": 0.49226146936416626,
        "Y": 0.186202734708786,
        "Z": -0.720321774482727
    },
    "5": {
        "X": 0.47812843322753906,
        "Y": 0.188711479306221,
        "Z": -0.7201628088951111
    },
    "6": {
        "X": 0.46476826071739197,
        "Y": 0.19181609153747559,
        "Z": -0.7206578850746155
    },
    "7": {
        "X": 0.5757602453231812,
        "Y": 0.22318917512893677,
        "Z": -0.3345886170864105
    },
    "8": {
        "X": 0.445186048746109,
        "Y": 0.22121760249137878,
        "Z": -0.42792367935180664
    },
    "9": {
        "X": 0.5437402129173279,
        "Y": 0.2785272002220154,
        "Z": -0.628882110118866
    },
    "10": {
        "X": 0.48612910509109497,
        "Y": 0.2776690721511841,
        "Z": -0.6450005769729614
    },
    "11": {
        "X": 0.6933143734931946,
        "Y": 0.5117814540863037,
        "Z": -0.10343601554632187
    },
    "12": {
        "X": 0.3319283723831177,
        "Y": 0.5011733770370483,
        "Z": -0.30324581265449524
    },
    "13": {
        "X": 0.7531791925430298,
        "Y": 0.8597925305366516,
        "Z": -0.04217617213726044
    },
    "14": {
        "X": 0.25872495770454407,
        "Y": 0.8387420177459717,
        "Z": -0.2047683447599411
    },
    "15": {
        "X": 0.6741102337837219,
        "Y": 1.0756264925003052,
        "Z": -0.4595460891723633
    },
    "16": {
        "X": 0.3369974195957184,
        "Y": 1.0595139265060425,
        "Z": -0.550117552280426
    },
    "17": {
        "X": 0.6693474650382996,
        "Y": 1.198372721672058,
        "Z": -0.5492287874221802
    },
    "18": {
        "X": 0.33203771710395813,
        "Y": 1.1692521572113037,
        "Z": -0.6552616357803345
    },
    "19": {
        "X": 0.6274663805961609,
        "Y": 1.1478506326675415,
        "Z": -0.5946292877197266
    },
    "20": {
        "X": 0.3686499297618866,
        "Y": 1.1452610492706299,
        "Z": -0.7154573798179626
    },
    "21": {
        "X": 0.6178606748580933,
        "Y": 1.0870333909988403,
        "Z": -0.48431459069252014
    },
    "22": {
        "X": 0.3834822177886963,
        "Y": 1.0787875652313232,
        "Z": -0.5799621343612671
    },
    "23": {
        "X": 0.6133986115455627,
        "Y": 1.112189769744873,
        "Z": 0.003031855681911111
    },
    "24": {
        "X": 0.3799280822277069,
        "Y": 1.1594414710998535,
        "Z": 0.0005259624449536204
    },
    "25": {
        "X": 0.5990325212478638,
        "Y": 1.680448055267334,
        "Z": 0.00728716840967536
    },
    "26": {
        "X": 0.3752409517765045,
        "Y": 1.6772913932800293,
        "Z": -0.0352061465382576
    },
    "27": {
        "X": 0.5815150141716003,
        "Y": 2.1450769901275635,
        "Z": 0.5053196549415588
    },
    "28": {
        "X": 0.3700942397117615,
        "Y": 2.1365880966186523,
        "Z": 0.2703804075717926
    },
    "29": {
        "X": 0.5837628841400146,
        "Y": 2.2153382301330566,
        "Z": 0.5301645994186401
    },
    "30": {
        "X": 0.36631670594215393,
        "Y": 2.2045440673828125,
        "Z": 0.28570643067359924
    },
    "31": {
        "X": 0.5484436750411987,
        "Y": 2.2923214435577393,
        "Z": 0.09108419716358185
    },
    "32": {
        "X": 0.40339431166648865,
        "Y": 2.2866528034210205,
        "Z": -0.2068818062543869
    }
}