{
    "0": {
        "X": 0.5057066679000854,
        "Y": 0.22855694591999054,
        "Z": -0.7086950540542603
    },
    "1": {
        "X": 0.5260099768638611,
        "Y": 0.18737490475177765,
        "Z": -0.6598297357559204
    },
    "2": {
        "X": 0.5407742261886597,
        "Y": 0.18875744938850403,
        "Z": -0.6598618626594543
    },
    "3": {
        "X": 0.552578330039978,
        "Y": 0.19061750173568726,
        "Z": -0.6597487330436707
    },
    "4": {
        "X": 0.48374009132385254,
        "Y": 0.188675194978714,
        "Z": -0.674170196056366
    },
    "5": {
        "X": 0.4701826572418213,
        "Y": 0.19134241342544556,
        "Z": -0.6739972233772278
    },
    "6": {
        "X": 0.4571993947029114,
        "Y": 0.1941644549369812,
        "Z": -0.6744930148124695
    },
    "7": {
        "X": 0.5713897943496704,
        "Y": 0.22402629256248474,
        "Z": -0.3290885388851166
    },
    "8": {
        "X": 0.44605764746665955,
        "Y": 0.22346903383731842,
        "Z": -0.38416600227355957
    },
    "9": {
        "X": 0.5385986566543579,
        "Y": 0.2814687192440033,
        "Z": -0.5847111344337463
    },
    "10": {
        "X": 0.47897759079933167,
        "Y": 0.28277868032455444,
        "Z": -0.5992439389228821
    },
    "11": {
        "X": 0.6927002668380737,
        "Y": 0.5128393173217773,
        "Z": -0.0987066999077797
    },
    "12": {
        "X": 0.33311930298805237,
        "Y": 0.5029110908508301,
        "Z": -0.2798755466938019
    },
    "13": {
        "X": 0.7488164901733398,
        "Y": 0.8607789874076843,
        "Z": -0.06130565330386162
    },
    "14": {
        "X": 0.25669407844543457,
        "Y": 0.828831672668457,
        "Z": -0.23989157378673553
    },
    "15": {
        "X": 0.6740689873695374,
        "Y": 1.071686029434204,
        "Z": -0.45197048783302307
    },
    "16": {
        "X": 0.3321214020252228,
        "Y": 1.0289387702941895,
        "Z": -0.640667200088501
    },
    "17": {
        "X": 0.667413055896759,
        "Y": 1.1831951141357422,
        "Z": -0.5551487803459167
    },
    "18": {
        "X": 0.3236774802207947,
        "Y": 1.1479346752166748,
        "Z": -0.7507699728012085
    },
    "19": {
        "X": 0.6242585182189941,
        "Y": 1.1344748735427856,
        "Z": -0.5980106592178345
    },
    "20": {
        "X": 0.361982524394989,
        "Y": 1.1226874589920044,
        "Z": -0.798628568649292
    },
    "21": {
        "X": 0.6162312030792236,
        "Y": 1.0782954692840576,
        "Z": -0.4884537160396576
    },
    "22": {
        "X": 0.38193821907043457,
        "Y": 1.0384304523468018,
        "Z": -0.6672110557556152
    },
    "23": {
        "X": 0.6069363355636597,
        "Y": 1.1011338233947754,
        "Z": 0.0013689647894352674
    },
    "24": {
        "X": 0.3803357481956482,
        "Y": 1.1510361433029175,
        "Z": 0.002116980729624629
    },
    "25": {
        "X": 0.5981305837631226,
        "Y": 1.677881121635437,
        "Z": 0.013070826418697834
    },
    "26": {
        "X": 0.3742886781692505,
        "Y": 1.6703327894210815,
        "Z": -0.018992630764842033
    },
    "27": {
        "X": 0.580741822719574,
        "Y": 2.143561363220215,
        "Z": 0.5073723793029785
    },
    "28": {
        "X": 0.36836060881614685,
        "Y": 2.1320464611053467,
        "Z": 0.2777268886566162
    },
    "29": {
        "X": 0.5842844843864441,
        "Y": 2.213289976119995,
        "Z": 0.5319710969924927
    },
    "30": {
        "X": 0.3653143048286438,
        "Y": 2.199448823928833,
        "Z": 0.29319170117378235
    },
    "31": {
        "X": 0.5435829758644104,
        "Y": 2.290825366973877,
        "Z": 0.09518037736415863
    },
    "32": {
        "X": 0.3977268934249878,
        "Y": 2.2831573486328125,
        "Z": -0.1862209290266037
    }
}