{
    "0": {
        "X": 0.44290071725845337,
        "Y": 0.22607038915157318,
        "Z": -0.6204042434692383
    },
    "1": {
        "X": 0.46951621770858765,
        "Y": 0.185947448015213,
        "Z": -0.6002317667007446
    },
    "2": {
        "X": 0.48444604873657227,
        "Y": 0.18686221539974213,
        "Z": -0.6000919938087463
    },
    "3": {
        "X": 0.49990135431289673,
        "Y": 0.1886238157749176,
        "Z": -0.5999902486801147
    },
    "4": {
        "X": 0.43993598222732544,
        "Y": 0.18818964064121246,
        "Z": -0.5807036757469177
    },
    "5": {
        "X": 0.4337161183357239,
        "Y": 0.1900888830423355,
        "Z": -0.5804820656776428
    },
    "6": {
        "X": 0.4266365170478821,
        "Y": 0.19220440089702606,
        "Z": -0.5810108184814453
    },
    "7": {
        "X": 0.5423249006271362,
        "Y": 0.22564376890659332,
        "Z": -0.40026116371154785
    },
    "8": {
        "X": 0.4430759847164154,
        "Y": 0.22144722938537598,
        "Z": -0.2893492579460144
    },
    "9": {
        "X": 0.4710061550140381,
        "Y": 0.2751964330673218,
        "Z": -0.5404469966888428
    },
    "10": {
        "X": 0.43151959776878357,
        "Y": 0.27779898047447205,
        "Z": -0.5108309984207153
    },
    "11": {
        "X": 0.6915323734283447,
        "Y": 0.5109772086143494,
        "Z": -0.22272560000419617
    },
    "12": {
        "X": 0.33246493339538574,
        "Y": 0.5003554821014404,
        "Z": -0.2147093117237091
    },
    "13": {
        "X": 0.753980278968811,
        "Y": 0.8600552678108215,
        "Z": -0.18412896990776062
    },
    "14": {
        "X": 0.2602730393409729,
        "Y": 0.8330217003822327,
        "Z": -0.11878915876150131
    },
    "15": {
        "X": 0.6726478338241577,
        "Y": 1.0789952278137207,
        "Z": -0.4121640622615814
    },
    "16": {
        "X": 0.33026787638664246,
        "Y": 1.03811514377594,
        "Z": -0.4054167866706848
    },
    "17": {
        "X": 0.6653059124946594,
        "Y": 1.2029802799224854,
        "Z": -0.4889763295650482
    },
    "18": {
        "X": 0.32789698243141174,
        "Y": 1.1587761640548706,
        "Z": -0.4883755147457123
    },
    "19": {
        "X": 0.6349884867668152,
        "Y": 1.147029161453247,
        "Z": -0.5239243507385254
    },
    "20": {
        "X": 0.36118948459625244,
        "Y": 1.1367522478103638,
        "Z": -0.5380138158798218
    },
    "21": {
        "X": 0.6100764870643616,
        "Y": 1.0869317054748535,
        "Z": -0.43409013748168945
    },
    "22": {
        "X": 0.3753058612346649,
        "Y": 1.0676742792129517,
        "Z": -0.43377241492271423
    },
    "23": {
        "X": 0.6053634881973267,
        "Y": 1.1001145839691162,
        "Z": -0.04064005985856056
    },
    "24": {
        "X": 0.38214877247810364,
        "Y": 1.1407678127288818,
        "Z": 0.04397144168615341
    },
    "25": {
        "X": 0.5847594738006592,
        "Y": 1.6717262268066406,
        "Z": -0.018769918009638786
    },
    "26": {
        "X": 0.36871251463890076,
        "Y": 1.653433084487915,
        "Z": 0.003485692199319601
    },
    "27": {
        "X": 0.5672644972801208,
        "Y": 2.137953519821167,
        "Z": 0.4565039277076721
    },
    "28": {
        "X": 0.36040085554122925,
        "Y": 2.1174917221069336,
        "Z": 0.300326943397522
    },
    "29": {
        "X": 0.5739673376083374,
        "Y": 2.2069270610809326,
        "Z": 0.48138898611068726
    },
    "30": {
        "X": 0.3593229055404663,
        "Y": 2.18330979347229,
        "Z": 0.31860941648483276
    },
    "31": {
        "X": 0.519107460975647,
        "Y": 2.2807607650756836,
        "Z": 0.06134018301963806
    },
    "32": {
        "X": 0.3788755536079407,
        "Y": 2.269334316253662,
        "Z": -0.14560024440288544
    }
}