{
    "0": {
        "X": 0.5115559101104736,
        "Y": 0.22888383269309998,
        "Z": -0.7176400423049927
    },
    "1": {
        "X": 0.5300890803337097,
        "Y": 0.18770833313465118,
        "Z": -0.664174497127533
    },
    "2": {
        "X": 0.5442886352539062,
        "Y": 0.18836496770381927,
        "Z": -0.6641913652420044
    },
    "3": {
        "X": 0.5554212331771851,
        "Y": 0.1894509643316269,
        "Z": -0.664108395576477
    },
    "4": {
        "X": 0.48767536878585815,
        "Y": 0.19142505526542664,
        "Z": -0.6831001043319702
    },
    "5": {
        "X": 0.4736488461494446,
        "Y": 0.19460715353488922,
        "Z": -0.6829467415809631
    },
    "6": {
        "X": 0.45989736914634705,
        "Y": 0.19717000424861908,
        "Z": -0.6833791732788086
    },
    "7": {
        "X": 0.5732722282409668,
        "Y": 0.22158756852149963,
        "Z": -0.31556662917137146
    },
    "8": {
        "X": 0.4451831877231598,
        "Y": 0.22655734419822693,
        "Z": -0.3956262171268463
    },
    "9": {
        "X": 0.5430998802185059,
        "Y": 0.28300753235816956,
        "Z": -0.5891355276107788
    },
    "10": {
        "X": 0.48450368642807007,
        "Y": 0.2847592234611511,
        "Z": -0.6097248792648315
    },
    "11": {
        "X": 0.6966950297355652,
        "Y": 0.5152847170829773,
        "Z": -0.09807220846414566
    },
    "12": {
        "X": 0.33260631561279297,
        "Y": 0.5071549415588379,
        "Z": -0.28210508823394775
    },
    "13": {
        "X": 0.7492130994796753,
        "Y": 0.8647616505622864,
        "Z": -0.07405465096235275
    },
    "14": {
        "X": 0.2595407962799072,
        "Y": 0.8399399518966675,
        "Z": -0.2139153927564621
    },
    "15": {
        "X": 0.6676937937736511,
        "Y": 1.074652910232544,
        "Z": -0.4944283962249756
    },
    "16": {
        "X": 0.3441499173641205,
        "Y": 1.0400784015655518,
        "Z": -0.585595428943634
    },
    "17": {
        "X": 0.6598228216171265,
        "Y": 1.1893144845962524,
        "Z": -0.5919150114059448
    },
    "18": {
        "X": 0.33427974581718445,
        "Y": 1.167999029159546,
        "Z": -0.6922870874404907
    },
    "19": {
        "X": 0.6154614090919495,
        "Y": 1.1345527172088623,
        "Z": -0.6342242956161499
    },
    "20": {
        "X": 0.3729134202003479,
        "Y": 1.1421623229980469,
        "Z": -0.7417563796043396
    },
    "21": {
        "X": 0.6059473752975464,
        "Y": 1.081331491470337,
        "Z": -0.5235768556594849
    },
    "22": {
        "X": 0.389817476272583,
        "Y": 1.0504701137542725,
        "Z": -0.6112457513809204
    },
    "23": {
        "X": 0.6201379299163818,
        "Y": 1.1525095701217651,
        "Z": 0.0027460958808660507
    },
    "24": {
        "X": 0.3828805088996887,
        "Y": 1.1681289672851562,
        "Z": 0.0006406821776181459
    },
    "25": {
        "X": 0.6044430136680603,
        "Y": 1.6934192180633545,
        "Z": 0.030961140990257263
    },
    "26": {
        "X": 0.38428694009780884,
        "Y": 1.6923421621322632,
        "Z": -0.02144571952521801
    },
    "27": {
        "X": 0.5922245383262634,
        "Y": 2.1583266258239746,
        "Z": 0.5443496704101562
    },
    "28": {
        "X": 0.37958163022994995,
        "Y": 2.153334617614746,
        "Z": 0.29454195499420166
    },
    "29": {
        "X": 0.5958717465400696,
        "Y": 2.2294106483459473,
        "Z": 0.5714157223701477
    },
    "30": {
        "X": 0.3758116066455841,
        "Y": 2.2204809188842773,
        "Z": 0.31130704283714294
    },
    "31": {
        "X": 0.5569013357162476,
        "Y": 2.310143232345581,
        "Z": 0.1367911696434021
    },
    "32": {
        "X": 0.41431528329849243,
        "Y": 2.308534860610962,
        "Z": -0.19589367508888245
    }
}