{
    "0": {
        "X": 0.43759599328041077,
        "Y": 0.22590045630931854,
        "Z": -0.5534788370132446
    },
    "1": {
        "X": 0.4653155207633972,
        "Y": 0.1864558756351471,
        "Z": -0.5433622598648071
    },
    "2": {
        "X": 0.4800303876399994,
        "Y": 0.18798238039016724,
        "Z": -0.5430790185928345
    },
    "3": {
        "X": 0.49638861417770386,
        "Y": 0.1903950423002243,
        "Z": -0.5428874492645264
    },
    "4": {
        "X": 0.44153866171836853,
        "Y": 0.18762676417827606,
        "Z": -0.5186449289321899
    },
    "5": {
        "X": 0.4364200532436371,
        "Y": 0.1897118091583252,
        "Z": -0.5183910131454468
    },
    "6": {
        "X": 0.4308735728263855,
        "Y": 0.19161567091941833,
        "Z": -0.5188799500465393
    },
    "7": {
        "X": 0.5453327298164368,
        "Y": 0.22376137971878052,
        "Z": -0.37868544459342957
    },
    "8": {
        "X": 0.4466821253299713,
        "Y": 0.22016403079032898,
        "Z": -0.2499784678220749
    },
    "9": {
        "X": 0.4604088366031647,
        "Y": 0.2785947024822235,
        "Z": -0.48707738518714905
    },
    "10": {
        "X": 0.42884883284568787,
        "Y": 0.27940094470977783,
        "Z": -0.45032137632369995
    },
    "11": {
        "X": 0.6921359300613403,
        "Y": 0.513344407081604,
        "Z": -0.21574315428733826
    },
    "12": {
        "X": 0.33189505338668823,
        "Y": 0.5015784502029419,
        "Z": -0.19502095878124237
    },
    "13": {
        "X": 0.7489458322525024,
        "Y": 0.8616295456886292,
        "Z": -0.18615061044692993
    },
    "14": {
        "X": 0.25745171308517456,
        "Y": 0.830198347568512,
        "Z": -0.09528446197509766
    },
    "15": {
        "X": 0.6724147200584412,
        "Y": 1.074296236038208,
        "Z": -0.40869250893592834
    },
    "16": {
        "X": 0.33231014013290405,
        "Y": 1.0298165082931519,
        "Z": -0.3602667450904846
    },
    "17": {
        "X": 0.6681771278381348,
        "Y": 1.1989513635635376,
        "Z": -0.47926387190818787
    },
    "18": {
        "X": 0.3279946446418762,
        "Y": 1.1527057886123657,
        "Z": -0.43752771615982056
    },
    "19": {
        "X": 0.6311722993850708,
        "Y": 1.1429115533828735,
        "Z": -0.5082204937934875
    },
    "20": {
        "X": 0.36290043592453003,
        "Y": 1.1275994777679443,
        "Z": -0.48019498586654663
    },
    "21": {
        "X": 0.6126294732093811,
        "Y": 1.0839855670928955,
        "Z": -0.4290824830532074
    },
    "22": {
        "X": 0.37660878896713257,
        "Y": 1.041367530822754,
        "Z": -0.3850073218345642
    },
    "23": {
        "X": 0.6060698628425598,
        "Y": 1.1045968532562256,
        "Z": -0.027756568044424057
    },
    "24": {
        "X": 0.3775678873062134,
        "Y": 1.1529604196548462,
        "Z": 0.03122531995177269
    },
    "25": {
        "X": 0.5886737704277039,
        "Y": 1.6788220405578613,
        "Z": -0.0012268860591575503
    },
    "26": {
        "X": 0.3753879964351654,
        "Y": 1.6662997007369995,
        "Z": 0.0001675196981523186
    },
    "27": {
        "X": 0.5738474130630493,
        "Y": 2.144580602645874,
        "Z": 0.4612714350223541
    },
    "28": {
        "X": 0.3685973286628723,
        "Y": 2.1284072399139404,
        "Z": 0.27565234899520874
    },
    "29": {
        "X": 0.5793429613113403,
        "Y": 2.2142252922058105,
        "Z": 0.48503080010414124
    },
    "30": {
        "X": 0.3659754991531372,
        "Y": 2.1924078464508057,
        "Z": 0.2922305762767792
    },
    "31": {
        "X": 0.5306464433670044,
        "Y": 2.2891411781311035,
        "Z": 0.06898815184831619
    },
    "32": {
        "X": 0.39074644446372986,
        "Y": 2.28131365776062,
        "Z": -0.15244577825069427
    }
}