{
    "0": {
        "X": 0.5112461447715759,
        "Y": 0.22515180706977844,
        "Z": -0.7564597129821777
    },
    "1": {
        "X": 0.5305110216140747,
        "Y": 0.18626768887043,
        "Z": -0.6986697912216187
    },
    "2": {
        "X": 0.5445051789283752,
        "Y": 0.1877666413784027,
        "Z": -0.698726236820221
    },
    "3": {
        "X": 0.5552099943161011,
        "Y": 0.1900976300239563,
        "Z": -0.6986643075942993
    },
    "4": {
        "X": 0.4893471598625183,
        "Y": 0.1877201944589615,
        "Z": -0.7213706970214844
    },
    "5": {
        "X": 0.47625017166137695,
        "Y": 0.19090427458286285,
        "Z": -0.7212399244308472
    },
    "6": {
        "X": 0.46321386098861694,
        "Y": 0.1942734718322754,
        "Z": -0.7217191457748413
    },
    "7": {
        "X": 0.5749921202659607,
        "Y": 0.22329534590244293,
        "Z": -0.3514662981033325
    },
    "8": {
        "X": 0.44619375467300415,
        "Y": 0.22353263199329376,
        "Z": -0.42075055837631226
    },
    "9": {
        "X": 0.541689932346344,
        "Y": 0.2802601456642151,
        "Z": -0.6240053772926331
    },
    "10": {
        "X": 0.4844629764556885,
        "Y": 0.2791077196598053,
        "Z": -0.650512158870697
    },
    "11": {
        "X": 0.6944702863693237,
        "Y": 0.513038694858551,
        "Z": -0.10537028312683105
    },
    "12": {
        "X": 0.33263859152793884,
        "Y": 0.500440776348114,
        "Z": -0.3015960156917572
    },
    "13": {
        "X": 0.7532216310501099,
        "Y": 0.8593140840530396,
        "Z": -0.051745831966400146
    },
    "14": {
        "X": 0.2573418915271759,
        "Y": 0.8372200727462769,
        "Z": -0.19910934567451477
    },
    "15": {
        "X": 0.6727365255355835,
        "Y": 1.0717962980270386,
        "Z": -0.4445222020149231
    },
    "16": {
        "X": 0.3382605016231537,
        "Y": 1.044325828552246,
        "Z": -0.5694679617881775
    },
    "17": {
        "X": 0.6678333282470703,
        "Y": 1.1840463876724243,
        "Z": -0.5398317575454712
    },
    "18": {
        "X": 0.3322615325450897,
        "Y": 1.163638710975647,
        "Z": -0.6809989213943481
    },
    "19": {
        "X": 0.6228916645050049,
        "Y": 1.138529658317566,
        "Z": -0.5891708135604858
    },
    "20": {
        "X": 0.3701423406600952,
        "Y": 1.1409565210342407,
        "Z": -0.734711766242981
    },
    "21": {
        "X": 0.6154805421829224,
        "Y": 1.0814942121505737,
        "Z": -0.47756320238113403
    },
    "22": {
        "X": 0.38527125120162964,
        "Y": 1.0539777278900146,
        "Z": -0.592490553855896
    },
    "23": {
        "X": 0.6129031777381897,
        "Y": 1.10577392578125,
        "Z": 0.0033942449372261763
    },
    "24": {
        "X": 0.3797908425331116,
        "Y": 1.1575697660446167,
        "Z": 6.538742309203371e-05
    },
    "25": {
        "X": 0.6020021438598633,
        "Y": 1.6781889200210571,
        "Z": 0.01896500214934349
    },
    "26": {
        "X": 0.3758912682533264,
        "Y": 1.6747976541519165,
        "Z": -0.031075814738869667
    },
    "27": {
        "X": 0.5853444933891296,
        "Y": 2.141317129135132,
        "Z": 0.5279667973518372
    },
    "28": {
        "X": 0.3724794089794159,
        "Y": 2.1336920261383057,
        "Z": 0.30045250058174133
    },
    "29": {
        "X": 0.5882207751274109,
        "Y": 2.2121634483337402,
        "Z": 0.5541114807128906
    },
    "30": {
        "X": 0.36945393681526184,
        "Y": 2.2022016048431396,
        "Z": 0.3179691433906555
    },
    "31": {
        "X": 0.5489730834960938,
        "Y": 2.289673089981079,
        "Z": 0.11013213545084
    },
    "32": {
        "X": 0.40563637018203735,
        "Y": 2.282811403274536,
        "Z": -0.1906413733959198
    }
}