{
    "0": {
        "X": 0.40661320090293884,
        "Y": 0.23206470906734467,
        "Z": -0.4692978262901306
    },
    "1": {
        "X": 0.4335203170776367,
        "Y": 0.18921037018299103,
        "Z": -0.49062061309814453
    },
    "2": {
        "X": 0.4436623156070709,
        "Y": 0.18972468376159668,
        "Z": -0.4902946949005127
    },
    "3": {
        "X": 0.45500245690345764,
        "Y": 0.19097961485385895,
        "Z": -0.49019742012023926
    },
    "4": {
        "X": 0.4143405854701996,
        "Y": 0.19113996624946594,
        "Z": -0.43948206305503845
    },
    "5": {
        "X": 0.41207319498062134,
        "Y": 0.192694753408432,
        "Z": -0.4391840994358063
    },
    "6": {
        "X": 0.40996426343917847,
        "Y": 0.19431239366531372,
        "Z": -0.4396231770515442
    },
    "7": {
        "X": 0.521598756313324,
        "Y": 0.2269185334444046,
        "Z": -0.43191224336624146
    },
    "8": {
        "X": 0.44370555877685547,
        "Y": 0.22270932793617249,
        "Z": -0.1849454790353775
    },
    "9": {
        "X": 0.42846593260765076,
        "Y": 0.2789555490016937,
        "Z": -0.43950653076171875
    },
    "10": {
        "X": 0.40658140182495117,
        "Y": 0.2834011912345886,
        "Z": -0.36761975288391113
    },
    "11": {
        "X": 0.6916354894638062,
        "Y": 0.5115007162094116,
        "Z": -0.28880590200424194
    },
    "12": {
        "X": 0.3320961892604828,
        "Y": 0.5017343759536743,
        "Z": -0.13094618916511536
    },
    "13": {
        "X": 0.7529205679893494,
        "Y": 0.8588400483131409,
        "Z": -0.25270748138427734
    },
    "14": {
        "X": 0.25991103053092957,
        "Y": 0.8336697816848755,
        "Z": 0.017187638208270073
    },
    "15": {
        "X": 0.6736315488815308,
        "Y": 1.0779080390930176,
        "Z": -0.396716833114624
    },
    "16": {
        "X": 0.33210694789886475,
        "Y": 1.0401667356491089,
        "Z": -0.21206656098365784
    },
    "17": {
        "X": 0.6664401292800903,
        "Y": 1.2038519382476807,
        "Z": -0.4621339440345764
    },
    "18": {
        "X": 0.33052799105644226,
        "Y": 1.160587191581726,
        "Z": -0.2764236032962799
    },
    "19": {
        "X": 0.632625162601471,
        "Y": 1.1464539766311646,
        "Z": -0.49021226167678833
    },
    "20": {
        "X": 0.36257070302963257,
        "Y": 1.1374976634979248,
        "Z": -0.3251054883003235
    },
    "21": {
        "X": 0.6131908893585205,
        "Y": 1.0871622562408447,
        "Z": -0.41155925393104553
    },
    "22": {
        "X": 0.3772713840007782,
        "Y": 1.055190920829773,
        "Z": -0.24019694328308105
    },
    "23": {
        "X": 0.6064057350158691,
        "Y": 1.0982025861740112,
        "Z": -0.05782609432935715
    },
    "24": {
        "X": 0.38856810331344604,
        "Y": 1.1100480556488037,
        "Z": 0.061459094285964966
    },
    "25": {
        "X": 0.5818455219268799,
        "Y": 1.6678553819656372,
        "Z": -0.04242926090955734
    },
    "26": {
        "X": 0.3718571364879608,
        "Y": 1.6487489938735962,
        "Z": 0.03939526528120041
    },
    "27": {
        "X": 0.5682234764099121,
        "Y": 2.1338562965393066,
        "Z": 0.4232947826385498
    },
    "28": {
        "X": 0.3666389286518097,
        "Y": 2.1139588356018066,
        "Z": 0.32121580839157104
    },
    "29": {
        "X": 0.5754174590110779,
        "Y": 2.2026162147521973,
        "Z": 0.44872260093688965
    },
    "30": {
        "X": 0.3659960925579071,
        "Y": 2.1785309314727783,
        "Z": 0.33891671895980835
    },
    "31": {
        "X": 0.5201305150985718,
        "Y": 2.275050401687622,
        "Z": 0.04408968240022659
    },
    "32": {
        "X": 0.38019827008247375,
        "Y": 2.2671010494232178,
        "Z": -0.1035599559545517
    }
}