{
    "0": {
        "X": 0.45258134603500366,
        "Y": 0.22830605506896973,
        "Z": -0.6969090700149536
    },
    "1": {
        "X": 0.4799436032772064,
        "Y": 0.18730507791042328,
        "Z": -0.6781080961227417
    },
    "2": {
        "X": 0.4950905442237854,
        "Y": 0.18832650780677795,
        "Z": -0.6780489683151245
    },
    "3": {
        "X": 0.5108948945999146,
        "Y": 0.1900002807378769,
        "Z": -0.6779256463050842
    },
    "4": {
        "X": 0.45080575346946716,
        "Y": 0.1886407881975174,
        "Z": -0.6543666124343872
    },
    "5": {
        "X": 0.4451972544193268,
        "Y": 0.19091320037841797,
        "Z": -0.6543115377426147
    },
    "6": {
        "X": 0.43879812955856323,
        "Y": 0.1936293989419937,
        "Z": -0.6549242734909058
    },
    "7": {
        "X": 0.5537599921226501,
        "Y": 0.2249644696712494,
        "Z": -0.44592732191085815
    },
    "8": {
        "X": 0.4441835880279541,
        "Y": 0.22272682189941406,
        "Z": -0.3529704213142395
    },
    "9": {
        "X": 0.47972026467323303,
        "Y": 0.2793392241001129,
        "Z": -0.6127257943153381
    },
    "10": {
        "X": 0.4423207640647888,
        "Y": 0.2804795503616333,
        "Z": -0.5791443586349487
    },
    "11": {
        "X": 0.6936203241348267,
        "Y": 0.513898491859436,
        "Z": -0.23734930157661438
    },
    "12": {
        "X": 0.3301957845687866,
        "Y": 0.504743754863739,
        "Z": -0.2480313777923584
    },
    "13": {
        "X": 0.7509087324142456,
        "Y": 0.8629404902458191,
        "Z": -0.1871185451745987
    },
    "14": {
        "X": 0.25959092378616333,
        "Y": 0.8361775875091553,
        "Z": -0.18669408559799194
    },
    "15": {
        "X": 0.6700538396835327,
        "Y": 1.0705680847167969,
        "Z": -0.4547296166419983
    },
    "16": {
        "X": 0.3348798155784607,
        "Y": 1.0338306427001953,
        "Z": -0.5565943717956543
    },
    "17": {
        "X": 0.6609708666801453,
        "Y": 1.1959662437438965,
        "Z": -0.5357006788253784
    },
    "18": {
        "X": 0.3332039415836334,
        "Y": 1.1447296142578125,
        "Z": -0.6553561091423035
    },
    "19": {
        "X": 0.6165549755096436,
        "Y": 1.1406816244125366,
        "Z": -0.5772783160209656
    },
    "20": {
        "X": 0.36715319752693176,
        "Y": 1.11821711063385,
        "Z": -0.7048326730728149
    },
    "21": {
        "X": 0.6081874370574951,
        "Y": 1.0822876691818237,
        "Z": -0.4798664450645447
    },
    "22": {
        "X": 0.38373643159866333,
        "Y": 1.0537136793136597,
        "Z": -0.5861281752586365
    },
    "23": {
        "X": 0.6123989224433899,
        "Y": 1.1051992177963257,
        "Z": -0.026048680767416954
    },
    "24": {
        "X": 0.3876509964466095,
        "Y": 1.1517342329025269,
        "Z": 0.029044201597571373
    },
    "25": {
        "X": 0.5982664227485657,
        "Y": 1.6658400297164917,
        "Z": -0.006695097777992487
    },
    "26": {
        "X": 0.3753281533718109,
        "Y": 1.6524335145950317,
        "Z": 0.0029720168095082045
    },
    "27": {
        "X": 0.5809361934661865,
        "Y": 2.121793508529663,
        "Z": 0.4749577045440674
    },
    "28": {
        "X": 0.3723115921020508,
        "Y": 2.106868028640747,
        "Z": 0.3082347512245178
    },
    "29": {
        "X": 0.5865846872329712,
        "Y": 2.1900651454925537,
        "Z": 0.4996735155582428
    },
    "30": {
        "X": 0.37134745717048645,
        "Y": 2.1728594303131104,
        "Z": 0.3267596364021301
    },
    "31": {
        "X": 0.5364729166030884,
        "Y": 2.268643856048584,
        "Z": 0.07409940659999847
    },
    "32": {
        "X": 0.39670220017433167,
        "Y": 2.2560908794403076,
        "Z": -0.13156166672706604
    }
}