{
    "0": {
        "X": 0.46386104822158813,
        "Y": 0.2277388572692871,
        "Z": -0.6481839418411255
    },
    "1": {
        "X": 0.4930250644683838,
        "Y": 0.19011874496936798,
        "Z": -0.6163018941879272
    },
    "2": {
        "X": 0.5098018646240234,
        "Y": 0.19172880053520203,
        "Z": -0.6161727905273438
    },
    "3": {
        "X": 0.5265371799468994,
        "Y": 0.1936570256948471,
        "Z": -0.6159433722496033
    },
    "4": {
        "X": 0.4541481137275696,
        "Y": 0.19067825376987457,
        "Z": -0.6076821088790894
    },
    "5": {
        "X": 0.44496092200279236,
        "Y": 0.191788911819458,
        "Z": -0.6075085401535034
    },
    "6": {
        "X": 0.43801435828208923,
        "Y": 0.19285789132118225,
        "Z": -0.6080672740936279
    },
    "7": {
        "X": 0.5594985485076904,
        "Y": 0.22707787156105042,
        "Z": -0.3854047358036041
    },
    "8": {
        "X": 0.4402807354927063,
        "Y": 0.2241619974374771,
        "Z": -0.3259564936161041
    },
    "9": {
        "X": 0.49531620740890503,
        "Y": 0.28125035762786865,
        "Z": -0.5579618215560913
    },
    "10": {
        "X": 0.44598859548568726,
        "Y": 0.28126269578933716,
        "Z": -0.5432741641998291
    },
    "11": {
        "X": 0.6903950572013855,
        "Y": 0.5138919353485107,
        "Z": -0.19536958634853363
    },
    "12": {
        "X": 0.32983043789863586,
        "Y": 0.5008161067962646,
        "Z": -0.23809924721717834
    },
    "13": {
        "X": 0.7535277605056763,
        "Y": 0.8543660640716553,
        "Z": -0.17607153952121735
    },
    "14": {
        "X": 0.25847572088241577,
        "Y": 0.8279255032539368,
        "Z": -0.19978167116641998
    },
    "15": {
        "X": 0.669164776802063,
        "Y": 1.0555750131607056,
        "Z": -0.47871819138526917
    },
    "16": {
        "X": 0.3365073800086975,
        "Y": 1.0280098915100098,
        "Z": -0.5671883225440979
    },
    "17": {
        "X": 0.6611799001693726,
        "Y": 1.164164423942566,
        "Z": -0.562468409538269
    },
    "18": {
        "X": 0.3397935926914215,
        "Y": 1.1444776058197021,
        "Z": -0.662827730178833
    },
    "19": {
        "X": 0.6094166040420532,
        "Y": 1.1132793426513672,
        "Z": -0.5990802049636841
    },
    "20": {
        "X": 0.37620484828948975,
        "Y": 1.1185050010681152,
        "Z": -0.702271580696106
    },
    "21": {
        "X": 0.6002662181854248,
        "Y": 1.0606331825256348,
        "Z": -0.502888560295105
    },
    "22": {
        "X": 0.38965052366256714,
        "Y": 1.0434149503707886,
        "Z": -0.5917835235595703
    },
    "23": {
        "X": 0.6120103597640991,
        "Y": 1.0959378480911255,
        "Z": -0.019444206729531288
    },
    "24": {
        "X": 0.3885553777217865,
        "Y": 1.1443822383880615,
        "Z": 0.022664757445454597
    },
    "25": {
        "X": 0.5988017916679382,
        "Y": 1.6558321714401245,
        "Z": 0.021458817645907402
    },
    "26": {
        "X": 0.3766004145145416,
        "Y": 1.6459141969680786,
        "Z": 8.823275857139379e-05
    },
    "27": {
        "X": 0.5813528895378113,
        "Y": 2.107590913772583,
        "Z": 0.4949982166290283
    },
    "28": {
        "X": 0.3717476427555084,
        "Y": 2.096449375152588,
        "Z": 0.30926042795181274
    },
    "29": {
        "X": 0.5861033201217651,
        "Y": 2.175187349319458,
        "Z": 0.5204867720603943
    },
    "30": {
        "X": 0.3698931634426117,
        "Y": 2.162842273712158,
        "Z": 0.3273824155330658
    },
    "31": {
        "X": 0.5402604341506958,
        "Y": 2.256326913833618,
        "Z": 0.11476334184408188
    },
    "32": {
        "X": 0.3995799720287323,
        "Y": 2.2443008422851562,
        "Z": -0.12920163571834564
    }
}