{
    "0": {
        "X": 0.4473695755004883,
        "Y": 0.2232518494129181,
        "Z": -0.5770118236541748
    },
    "1": {
        "X": 0.4743577837944031,
        "Y": 0.18379192054271698,
        "Z": -0.5543462038040161
    },
    "2": {
        "X": 0.489876925945282,
        "Y": 0.1850627064704895,
        "Z": -0.5540372729301453
    },
    "3": {
        "X": 0.5065011978149414,
        "Y": 0.18716487288475037,
        "Z": -0.5538016557693481
    },
    "4": {
        "X": 0.445364385843277,
        "Y": 0.18588200211524963,
        "Z": -0.5383750796318054
    },
    "5": {
        "X": 0.4395473003387451,
        "Y": 0.18814608454704285,
        "Z": -0.5381016731262207
    },
    "6": {
        "X": 0.4326099753379822,
        "Y": 0.19034522771835327,
        "Z": -0.538555383682251
    },
    "7": {
        "X": 0.5497153997421265,
        "Y": 0.22319522500038147,
        "Z": -0.35256654024124146
    },
    "8": {
        "X": 0.4446984827518463,
        "Y": 0.21968485414981842,
        "Z": -0.25672462582588196
    },
    "9": {
        "X": 0.47577953338623047,
        "Y": 0.2749221622943878,
        "Z": -0.49664050340652466
    },
    "10": {
        "X": 0.43632426857948303,
        "Y": 0.27747318148612976,
        "Z": -0.47106343507766724
    },
    "11": {
        "X": 0.694150984287262,
        "Y": 0.5147402882575989,
        "Z": -0.20264597237110138
    },
    "12": {
        "X": 0.33283254504203796,
        "Y": 0.5059210658073425,
        "Z": -0.19383935630321503
    },
    "13": {
        "X": 0.7496517896652222,
        "Y": 0.8622042536735535,
        "Z": -0.19385388493537903
    },
    "14": {
        "X": 0.2578883171081543,
        "Y": 0.8257543444633484,
        "Z": -0.1282869577407837
    },
    "15": {
        "X": 0.6648104190826416,
        "Y": 1.0739134550094604,
        "Z": -0.4671785831451416
    },
    "16": {
        "X": 0.3391839861869812,
        "Y": 1.0294121503829956,
        "Z": -0.4321543276309967
    },
    "17": {
        "X": 0.6551162600517273,
        "Y": 1.1928372383117676,
        "Z": -0.5478793382644653
    },
    "18": {
        "X": 0.3367425799369812,
        "Y": 1.1491092443466187,
        "Z": -0.5157389044761658
    },
    "19": {
        "X": 0.6077539324760437,
        "Y": 1.1373076438903809,
        "Z": -0.5784383416175842
    },
    "20": {
        "X": 0.37559396028518677,
        "Y": 1.1064904928207397,
        "Z": -0.5536326766014099
    },
    "21": {
        "X": 0.5977745056152344,
        "Y": 1.0779354572296143,
        "Z": -0.4869228005409241
    },
    "22": {
        "X": 0.38437560200691223,
        "Y": 1.0380370616912842,
        "Z": -0.45592936873435974
    },
    "23": {
        "X": 0.6121397018432617,
        "Y": 1.1254236698150635,
        "Z": -0.03453482687473297
    },
    "24": {
        "X": 0.3791864216327667,
        "Y": 1.1535325050354004,
        "Z": 0.03806009143590927
    },
    "25": {
        "X": 0.5897320508956909,
        "Y": 1.6857799291610718,
        "Z": 0.009541084989905357
    },
    "26": {
        "X": 0.374982088804245,
        "Y": 1.6709411144256592,
        "Z": 0.012679772451519966
    },
    "27": {
        "X": 0.5768855810165405,
        "Y": 2.1507182121276855,
        "Z": 0.47025322914123535
    },
    "28": {
        "X": 0.36980265378952026,
        "Y": 2.1363790035247803,
        "Z": 0.292456716299057
    },
    "29": {
        "X": 0.583736777305603,
        "Y": 2.2206127643585205,
        "Z": 0.4946470856666565
    },
    "30": {
        "X": 0.3673711121082306,
        "Y": 2.2011518478393555,
        "Z": 0.3090697228908539
    },
    "31": {
        "X": 0.5308599472045898,
        "Y": 2.2973215579986572,
        "Z": 0.09065598249435425
    },
    "32": {
        "X": 0.39248377084732056,
        "Y": 2.293132781982422,
        "Z": -0.14691197872161865
    }
}