{
    "0": {
        "X": 0.4117552638053894,
        "Y": 0.22924131155014038,
        "Z": -0.4734131395816803
    },
    "1": {
        "X": 0.43959298729896545,
        "Y": 0.1865096539258957,
        "Z": -0.4951692223548889
    },
    "2": {
        "X": 0.44950976967811584,
        "Y": 0.18716531991958618,
        "Z": -0.49491387605667114
    },
    "3": {
        "X": 0.4619932174682617,
        "Y": 0.18789741396903992,
        "Z": -0.4948137700557709
    },
    "4": {
        "X": 0.41941648721694946,
        "Y": 0.18728424608707428,
        "Z": -0.44287601113319397
    },
    "5": {
        "X": 0.4159204065799713,
        "Y": 0.1882123500108719,
        "Z": -0.4426301419734955
    },
    "6": {
        "X": 0.41282469034194946,
        "Y": 0.18895229697227478,
        "Z": -0.4431571960449219
    },
    "7": {
        "X": 0.5263160467147827,
        "Y": 0.22652201354503632,
        "Z": -0.43646830320358276
    },
    "8": {
        "X": 0.44462499022483826,
        "Y": 0.21895462274551392,
        "Z": -0.18488770723342896
    },
    "9": {
        "X": 0.4332265853881836,
        "Y": 0.27839183807373047,
        "Z": -0.44321155548095703
    },
    "10": {
        "X": 0.4090850353240967,
        "Y": 0.2808056175708771,
        "Z": -0.37037771940231323
    },
    "11": {
        "X": 0.6897929906845093,
        "Y": 0.5116869807243347,
        "Z": -0.2821461260318756
    },
    "12": {
        "X": 0.3331150710582733,
        "Y": 0.49546870589256287,
        "Z": -0.1279386579990387
    },
    "13": {
        "X": 0.757195234298706,
        "Y": 0.8555275797843933,
        "Z": -0.27103522419929504
    },
    "14": {
        "X": 0.2572382092475891,
        "Y": 0.8132287859916687,
        "Z": -0.03815512731671333
    },
    "15": {
        "X": 0.6782482862472534,
        "Y": 1.0632140636444092,
        "Z": -0.43675798177719116
    },
    "16": {
        "X": 0.33139607310295105,
        "Y": 1.0160545110702515,
        "Z": -0.3629700541496277
    },
    "17": {
        "X": 0.667462170124054,
        "Y": 1.1905673742294312,
        "Z": -0.5062419772148132
    },
    "18": {
        "X": 0.3295900225639343,
        "Y": 1.1200867891311646,
        "Z": -0.44311660528182983
    },
    "19": {
        "X": 0.6209840774536133,
        "Y": 1.13216233253479,
        "Z": -0.531499981880188
    },
    "20": {
        "X": 0.3645809292793274,
        "Y": 1.0921903848648071,
        "Z": -0.4839140474796295
    },
    "21": {
        "X": 0.6174781918525696,
        "Y": 1.0736955404281616,
        "Z": -0.45161914825439453
    },
    "22": {
        "X": 0.3808284103870392,
        "Y": 1.0283044576644897,
        "Z": -0.3903728127479553
    },
    "23": {
        "X": 0.611957848072052,
        "Y": 1.1270956993103027,
        "Z": -0.05368416756391525
    },
    "24": {
        "X": 0.38138648867607117,
        "Y": 1.1378170251846313,
        "Z": 0.05721809342503548
    },
    "25": {
        "X": 0.5872719287872314,
        "Y": 1.6637169122695923,
        "Z": -0.023448772728443146
    },
    "26": {
        "X": 0.3741143047809601,
        "Y": 1.6405208110809326,
        "Z": 0.03732902556657791
    },
    "27": {
        "X": 0.574717104434967,
        "Y": 2.120844841003418,
        "Z": 0.4361434578895569
    },
    "28": {
        "X": 0.3689877986907959,
        "Y": 2.098966121673584,
        "Z": 0.32296645641326904
    },
    "29": {
        "X": 0.5827754735946655,
        "Y": 2.189016103744507,
        "Z": 0.4592444896697998
    },
    "30": {
        "X": 0.36807066202163696,
        "Y": 2.164724111557007,
        "Z": 0.3410050868988037
    },
    "31": {
        "X": 0.522631049156189,
        "Y": 2.2638566493988037,
        "Z": 0.046038199216127396
    },
    "32": {
        "X": 0.38486090302467346,
        "Y": 2.2499871253967285,
        "Z": -0.10013147443532944
    }
}