{
    "0": {
        "X": 0.5111793875694275,
        "Y": 0.2356712520122528,
        "Z": -0.7545067071914673
    },
    "1": {
        "X": 0.5324704647064209,
        "Y": 0.19596166908740997,
        "Z": -0.705030083656311
    },
    "2": {
        "X": 0.5450667142868042,
        "Y": 0.19729021191596985,
        "Z": -0.705152153968811
    },
    "3": {
        "X": 0.5565490126609802,
        "Y": 0.19892622530460358,
        "Z": -0.7049939036369324
    },
    "4": {
        "X": 0.4888312816619873,
        "Y": 0.19654682278633118,
        "Z": -0.7194362878799438
    },
    "5": {
        "X": 0.47472938895225525,
        "Y": 0.19866541028022766,
        "Z": -0.7193613052368164
    },
    "6": {
        "X": 0.4609788954257965,
        "Y": 0.20244728028774261,
        "Z": -0.7199118137359619
    },
    "7": {
        "X": 0.5768537521362305,
        "Y": 0.22865745425224304,
        "Z": -0.37158122658729553
    },
    "8": {
        "X": 0.44292187690734863,
        "Y": 0.2306230217218399,
        "Z": -0.42992979288101196
    },
    "9": {
        "X": 0.5384373664855957,
        "Y": 0.2868480086326599,
        "Z": -0.628228485584259
    },
    "10": {
        "X": 0.48299917578697205,
        "Y": 0.2878127694129944,
        "Z": -0.6448754668235779
    },
    "11": {
        "X": 0.6911618709564209,
        "Y": 0.5109260082244873,
        "Z": -0.10136772692203522
    },
    "12": {
        "X": 0.3281581401824951,
        "Y": 0.5010524988174438,
        "Z": -0.2905614972114563
    },
    "13": {
        "X": 0.7516936659812927,
        "Y": 0.8499899506568909,
        "Z": -0.058948397636413574
    },
    "14": {
        "X": 0.25751039385795593,
        "Y": 0.8414859771728516,
        "Z": -0.26217833161354065
    },
    "15": {
        "X": 0.6724825501441956,
        "Y": 1.0546603202819824,
        "Z": -0.4895869791507721
    },
    "16": {
        "X": 0.34145382046699524,
        "Y": 1.0329394340515137,
        "Z": -0.7003105878829956
    },
    "17": {
        "X": 0.6593149900436401,
        "Y": 1.16342294216156,
        "Z": -0.5989199876785278
    },
    "18": {
        "X": 0.3442296087741852,
        "Y": 1.1489198207855225,
        "Z": -0.8176116943359375
    },
    "19": {
        "X": 0.6166386604309082,
        "Y": 1.1114000082015991,
        "Z": -0.6602281928062439
    },
    "20": {
        "X": 0.3863823711872101,
        "Y": 1.1032090187072754,
        "Z": -0.8688051104545593
    },
    "21": {
        "X": 0.609247624874115,
        "Y": 1.0620996952056885,
        "Z": -0.5293536186218262
    },
    "22": {
        "X": 0.39196228981018066,
        "Y": 1.043520450592041,
        "Z": -0.7285860776901245
    },
    "23": {
        "X": 0.6178423762321472,
        "Y": 1.118583083152771,
        "Z": 0.007551278918981552
    },
    "24": {
        "X": 0.39507514238357544,
        "Y": 1.0990289449691772,
        "Z": -0.004249421879649162
    },
    "25": {
        "X": 0.6088451147079468,
        "Y": 1.65800940990448,
        "Z": 0.0025765937753021717
    },
    "26": {
        "X": 0.38319292664527893,
        "Y": 1.6562588214874268,
        "Z": -0.04566112533211708
    },
    "27": {
        "X": 0.5948665142059326,
        "Y": 2.10878586769104,
        "Z": 0.4782564640045166
    },
    "28": {
        "X": 0.38214701414108276,
        "Y": 2.1038401126861572,
        "Z": 0.26463690400123596
    },
    "29": {
        "X": 0.5973304510116577,
        "Y": 2.1763505935668945,
        "Z": 0.5011069774627686
    },
    "30": {
        "X": 0.3786695599555969,
        "Y": 2.172595739364624,
        "Z": 0.279213011264801
    },
    "31": {
        "X": 0.5615860819816589,
        "Y": 2.259443521499634,
        "Z": 0.06987302005290985
    },
    "32": {
        "X": 0.41456151008605957,
        "Y": 2.2482235431671143,
        "Z": -0.21225294470787048
    }
}