{
    "0": {
        "X": 0.4118039608001709,
        "Y": 0.2291102260351181,
        "Z": -0.4959709644317627
    },
    "1": {
        "X": 0.4393710196018219,
        "Y": 0.1873408406972885,
        "Z": -0.5137991905212402
    },
    "2": {
        "X": 0.4493405818939209,
        "Y": 0.18810304999351501,
        "Z": -0.5135533213615417
    },
    "3": {
        "X": 0.4619978070259094,
        "Y": 0.18902935087680817,
        "Z": -0.513420820236206
    },
    "4": {
        "X": 0.4192761480808258,
        "Y": 0.1881636679172516,
        "Z": -0.46484866738319397
    },
    "5": {
        "X": 0.4157269597053528,
        "Y": 0.18916140496730804,
        "Z": -0.4646483361721039
    },
    "6": {
        "X": 0.4126353859901428,
        "Y": 0.19003599882125854,
        "Z": -0.4651852250099182
    },
    "7": {
        "X": 0.5262668132781982,
        "Y": 0.22730278968811035,
        "Z": -0.44278043508529663
    },
    "8": {
        "X": 0.44355955719947815,
        "Y": 0.2205689251422882,
        "Z": -0.2061772346496582
    },
    "9": {
        "X": 0.433372437953949,
        "Y": 0.27906033396720886,
        "Z": -0.460884153842926
    },
    "10": {
        "X": 0.4088563323020935,
        "Y": 0.2809959948062897,
        "Z": -0.3928316533565521
    },
    "11": {
        "X": 0.6897042989730835,
        "Y": 0.512755274772644,
        "Z": -0.2840571999549866
    },
    "12": {
        "X": 0.33241698145866394,
        "Y": 0.49608421325683594,
        "Z": -0.14995796978473663
    },
    "13": {
        "X": 0.7564389705657959,
        "Y": 0.8535217046737671,
        "Z": -0.25816431641578674
    },
    "14": {
        "X": 0.2575094699859619,
        "Y": 0.8134363889694214,
        "Z": -0.07453052699565887
    },
    "15": {
        "X": 0.6793512105941772,
        "Y": 1.058356523513794,
        "Z": -0.42821288108825684
    },
    "16": {
        "X": 0.3316514492034912,
        "Y": 1.0168670415878296,
        "Z": -0.4266887307167053
    },
    "17": {
        "X": 0.6681928634643555,
        "Y": 1.1796199083328247,
        "Z": -0.4943309426307678
    },
    "18": {
        "X": 0.33038362860679626,
        "Y": 1.1099295616149902,
        "Z": -0.5108439326286316
    },
    "19": {
        "X": 0.6224469542503357,
        "Y": 1.126708745956421,
        "Z": -0.5247206091880798
    },
    "20": {
        "X": 0.36975666880607605,
        "Y": 1.0888065099716187,
        "Z": -0.5502563714981079
    },
    "21": {
        "X": 0.6192181706428528,
        "Y": 1.0702948570251465,
        "Z": -0.4448363184928894
    },
    "22": {
        "X": 0.38309383392333984,
        "Y": 1.033160924911499,
        "Z": -0.4543759226799011
    },
    "23": {
        "X": 0.6107034683227539,
        "Y": 1.1212379932403564,
        "Z": -0.04983309283852577
    },
    "24": {
        "X": 0.38698118925094604,
        "Y": 1.1226744651794434,
        "Z": 0.053053148090839386
    },
    "25": {
        "X": 0.5849634408950806,
        "Y": 1.6587060689926147,
        "Z": -0.010133628733456135
    },
    "26": {
        "X": 0.37308186292648315,
        "Y": 1.6361194849014282,
        "Z": 0.031892962753772736
    },
    "27": {
        "X": 0.5708854794502258,
        "Y": 2.1143991947174072,
        "Z": 0.4471462666988373
    },
    "28": {
        "X": 0.3676511347293854,
        "Y": 2.091017484664917,
        "Z": 0.3209346532821655
    },
    "29": {
        "X": 0.5786216259002686,
        "Y": 2.182025909423828,
        "Z": 0.4708084464073181
    },
    "30": {
        "X": 0.36730673909187317,
        "Y": 2.1540372371673584,
        "Z": 0.33920636773109436
    },
    "31": {
        "X": 0.5194551348686218,
        "Y": 2.2560269832611084,
        "Z": 0.06611146032810211
    },
    "32": {
        "X": 0.3828451335430145,
        "Y": 2.2428359985351562,
        "Z": -0.0976712554693222
    }
}