{
    "0": {
        "X": 0.503196120262146,
        "Y": 0.22689080238342285,
        "Z": -0.7343912720680237
    },
    "1": {
        "X": 0.5235332250595093,
        "Y": 0.18693424761295319,
        "Z": -0.6825798749923706
    },
    "2": {
        "X": 0.5383306741714478,
        "Y": 0.1883416473865509,
        "Z": -0.6825895309448242
    },
    "3": {
        "X": 0.5509064197540283,
        "Y": 0.1902187466621399,
        "Z": -0.6824772357940674
    },
    "4": {
        "X": 0.48171883821487427,
        "Y": 0.18931910395622253,
        "Z": -0.6969367265701294
    },
    "5": {
        "X": 0.46817874908447266,
        "Y": 0.19275449216365814,
        "Z": -0.6967662572860718
    },
    "6": {
        "X": 0.4554423391819,
        "Y": 0.19608521461486816,
        "Z": -0.6972394585609436
    },
    "7": {
        "X": 0.5704114437103271,
        "Y": 0.222384974360466,
        "Z": -0.33476293087005615
    },
    "8": {
        "X": 0.44551771879196167,
        "Y": 0.22501684725284576,
        "Z": -0.39556682109832764
    },
    "9": {
        "X": 0.5364780426025391,
        "Y": 0.2799745500087738,
        "Z": -0.6070700883865356
    },
    "10": {
        "X": 0.4774189591407776,
        "Y": 0.2806093096733093,
        "Z": -0.6214367747306824
    },
    "11": {
        "X": 0.6931595206260681,
        "Y": 0.513370156288147,
        "Z": -0.09924193471670151
    },
    "12": {
        "X": 0.33319249749183655,
        "Y": 0.5031519532203674,
        "Z": -0.2852010726928711
    },
    "13": {
        "X": 0.7488548755645752,
        "Y": 0.8611614108085632,
        "Z": -0.05933242291212082
    },
    "14": {
        "X": 0.25620943307876587,
        "Y": 0.8303619027137756,
        "Z": -0.21620818972587585
    },
    "15": {
        "X": 0.6767070293426514,
        "Y": 1.0710581541061401,
        "Z": -0.4656655192375183
    },
    "16": {
        "X": 0.3301735818386078,
        "Y": 1.0325877666473389,
        "Z": -0.5947399139404297
    },
    "17": {
        "X": 0.6708402037620544,
        "Y": 1.1801087856292725,
        "Z": -0.5649853944778442
    },
    "18": {
        "X": 0.32185098528862,
        "Y": 1.1537100076675415,
        "Z": -0.7042850852012634
    },
    "19": {
        "X": 0.6313736438751221,
        "Y": 1.1341803073883057,
        "Z": -0.6172957420349121
    },
    "20": {
        "X": 0.36186039447784424,
        "Y": 1.1317766904830933,
        "Z": -0.7543187141418457
    },
    "21": {
        "X": 0.623449981212616,
        "Y": 1.0778193473815918,
        "Z": -0.5026922821998596
    },
    "22": {
        "X": 0.3822331726551056,
        "Y": 1.043573021888733,
        "Z": -0.621933102607727
    },
    "23": {
        "X": 0.6079210042953491,
        "Y": 1.1026087999343872,
        "Z": -0.0003605378442443907
    },
    "24": {
        "X": 0.3809559941291809,
        "Y": 1.1588813066482544,
        "Z": 0.004011703189462423
    },
    "25": {
        "X": 0.6032174825668335,
        "Y": 1.6821142435073853,
        "Z": 0.01761820912361145
    },
    "26": {
        "X": 0.3788251280784607,
        "Y": 1.6810728311538696,
        "Z": -0.020682422444224358
    },
    "27": {
        "X": 0.5873138308525085,
        "Y": 2.14756441116333,
        "Z": 0.5329915285110474
    },
    "28": {
        "X": 0.3749752640724182,
        "Y": 2.141059160232544,
        "Z": 0.29775238037109375
    },
    "29": {
        "X": 0.5909821391105652,
        "Y": 2.2187492847442627,
        "Z": 0.5593931078910828
    },
    "30": {
        "X": 0.3722304403781891,
        "Y": 2.2093710899353027,
        "Z": 0.31453198194503784
    },
    "31": {
        "X": 0.5498461723327637,
        "Y": 2.2971644401550293,
        "Z": 0.10978700965642929
    },
    "32": {
        "X": 0.4073396623134613,
        "Y": 2.291741132736206,
        "Z": -0.1924980729818344
    }
}