{
    "0": {
        "X": 0.40027227997779846,
        "Y": 0.22922639548778534,
        "Z": -0.4615005552768707
    },
    "1": {
        "X": 0.42772775888442993,
        "Y": 0.1866813600063324,
        "Z": -0.49168962240219116
    },
    "2": {
        "X": 0.43870478868484497,
        "Y": 0.1880139708518982,
        "Z": -0.49130240082740784
    },
    "3": {
        "X": 0.4496440291404724,
        "Y": 0.18996523320674896,
        "Z": -0.4911476969718933
    },
    "4": {
        "X": 0.41137975454330444,
        "Y": 0.18703968822956085,
        "Z": -0.43475040793418884
    },
    "5": {
        "X": 0.40990686416625977,
        "Y": 0.1883946806192398,
        "Z": -0.4344558119773865
    },
    "6": {
        "X": 0.40877771377563477,
        "Y": 0.1897726207971573,
        "Z": -0.434889018535614
    },
    "7": {
        "X": 0.5157473683357239,
        "Y": 0.22581812739372253,
        "Z": -0.4578821063041687
    },
    "8": {
        "X": 0.44677305221557617,
        "Y": 0.2205311805009842,
        "Z": -0.18677593767642975
    },
    "9": {
        "X": 0.4228968024253845,
        "Y": 0.28022047877311707,
        "Z": -0.44006410241127014
    },
    "10": {
        "X": 0.4036770462989807,
        "Y": 0.28401562571525574,
        "Z": -0.3602520227432251
    },
    "11": {
        "X": 0.6922549605369568,
        "Y": 0.5141995549201965,
        "Z": -0.3018113672733307
    },
    "12": {
        "X": 0.33332496881484985,
        "Y": 0.5016061663627625,
        "Z": -0.127623051404953
    },
    "13": {
        "X": 0.7488266229629517,
        "Y": 0.8613125681877136,
        "Z": -0.2613397240638733
    },
    "14": {
        "X": 0.25757086277008057,
        "Y": 0.8221884965896606,
        "Z": 0.007327082566916943
    },
    "15": {
        "X": 0.667380154132843,
        "Y": 1.0768452882766724,
        "Z": -0.3930533528327942
    },
    "16": {
        "X": 0.3292357921600342,
        "Y": 1.0204285383224487,
        "Z": -0.26177898049354553
    },
    "17": {
        "X": 0.6572550535202026,
        "Y": 1.194942593574524,
        "Z": -0.4570586681365967
    },
    "18": {
        "X": 0.3224349021911621,
        "Y": 1.1375478506088257,
        "Z": -0.3293934464454651
    },
    "19": {
        "X": 0.6198971271514893,
        "Y": 1.1431187391281128,
        "Z": -0.48306140303611755
    },
    "20": {
        "X": 0.3545251786708832,
        "Y": 1.1089807748794556,
        "Z": -0.37408336997032166
    },
    "21": {
        "X": 0.6054836511611938,
        "Y": 1.082343339920044,
        "Z": -0.40824127197265625
    },
    "22": {
        "X": 0.37461069226264954,
        "Y": 1.032579779624939,
        "Z": -0.2892548441886902
    },
    "23": {
        "X": 0.6047407984733582,
        "Y": 1.09896981716156,
        "Z": -0.05661942809820175
    },
    "24": {
        "X": 0.38018447160720825,
        "Y": 1.134830355644226,
        "Z": 0.0603506863117218
    },
    "25": {
        "X": 0.5837734937667847,
        "Y": 1.6795711517333984,
        "Z": -0.01652473211288452
    },
    "26": {
        "X": 0.37219223380088806,
        "Y": 1.6618568897247314,
        "Z": 0.0617610439658165
    },
    "27": {
        "X": 0.5699409246444702,
        "Y": 2.1453371047973633,
        "Z": 0.48591089248657227
    },
    "28": {
        "X": 0.3688540458679199,
        "Y": 2.1263420581817627,
        "Z": 0.38547027111053467
    },
    "29": {
        "X": 0.5771132111549377,
        "Y": 2.2142062187194824,
        "Z": 0.5154578685760498
    },
    "30": {
        "X": 0.36807581782341003,
        "Y": 2.1897268295288086,
        "Z": 0.4083992838859558
    },
    "31": {
        "X": 0.5225683450698853,
        "Y": 2.2867982387542725,
        "Z": 0.10907591879367828
    },
    "32": {
        "X": 0.3845958113670349,
        "Y": 2.2808234691619873,
        "Z": -0.03805183619260788
    }
}