{
    "0": {
        "X": 0.5077098608016968,
        "Y": 0.22866715490818024,
        "Z": -0.7435621619224548
    },
    "1": {
        "X": 0.5280929803848267,
        "Y": 0.18636347353458405,
        "Z": -0.6949263215065002
    },
    "2": {
        "X": 0.5417245626449585,
        "Y": 0.18731656670570374,
        "Z": -0.6950319409370422
    },
    "3": {
        "X": 0.552452564239502,
        "Y": 0.18857865035533905,
        "Z": -0.6948781609535217
    },
    "4": {
        "X": 0.48619356751441956,
        "Y": 0.18698307871818542,
        "Z": -0.7083624601364136
    },
    "5": {
        "X": 0.4720699191093445,
        "Y": 0.1886075884103775,
        "Z": -0.7083443403244019
    },
    "6": {
        "X": 0.4580150246620178,
        "Y": 0.19136309623718262,
        "Z": -0.7089189887046814
    },
    "7": {
        "X": 0.5713223814964294,
        "Y": 0.22528259456157684,
        "Z": -0.3690885901451111
    },
    "8": {
        "X": 0.4450245499610901,
        "Y": 0.22175440192222595,
        "Z": -0.4222659170627594
    },
    "9": {
        "X": 0.5365629196166992,
        "Y": 0.27857697010040283,
        "Z": -0.6213065385818481
    },
    "10": {
        "X": 0.4802802503108978,
        "Y": 0.280275821685791,
        "Z": -0.6357651948928833
    },
    "11": {
        "X": 0.6935114860534668,
        "Y": 0.5137328505516052,
        "Z": -0.13339412212371826
    },
    "12": {
        "X": 0.32891568541526794,
        "Y": 0.5052714943885803,
        "Z": -0.29358214139938354
    },
    "13": {
        "X": 0.7536767721176147,
        "Y": 0.8602949380874634,
        "Z": -0.09057706594467163
    },
    "14": {
        "X": 0.25829431414604187,
        "Y": 0.8447026610374451,
        "Z": -0.2517290711402893
    },
    "15": {
        "X": 0.6756686568260193,
        "Y": 1.0646284818649292,
        "Z": -0.5052576065063477
    },
    "16": {
        "X": 0.3360806107521057,
        "Y": 1.0359511375427246,
        "Z": -0.6663874983787537
    },
    "17": {
        "X": 0.6668617129325867,
        "Y": 1.187567114830017,
        "Z": -0.6099888682365417
    },
    "18": {
        "X": 0.33387699723243713,
        "Y": 1.1551505327224731,
        "Z": -0.7776630520820618
    },
    "19": {
        "X": 0.623207151889801,
        "Y": 1.1354713439941406,
        "Z": -0.66624915599823
    },
    "20": {
        "X": 0.36774271726608276,
        "Y": 1.12407386302948,
        "Z": -0.8322383165359497
    },
    "21": {
        "X": 0.6159133911132812,
        "Y": 1.0779004096984863,
        "Z": -0.5406768321990967
    },
    "22": {
        "X": 0.3810393214225769,
        "Y": 1.0778117179870605,
        "Z": -0.6955686211585999
    },
    "23": {
        "X": 0.6200221180915833,
        "Y": 1.116288423538208,
        "Z": 0.006848138757050037
    },
    "24": {
        "X": 0.3890143930912018,
        "Y": 1.1557856798171997,
        "Z": -0.0036901370622217655
    },
    "25": {
        "X": 0.6141874194145203,
        "Y": 1.6671230792999268,
        "Z": 0.011498460546135902
    },
    "26": {
        "X": 0.3855783939361572,
        "Y": 1.6614593267440796,
        "Z": -0.033954981714487076
    },
    "27": {
        "X": 0.6008609533309937,
        "Y": 2.1240720748901367,
        "Z": 0.5058972835540771
    },
    "28": {
        "X": 0.3847200870513916,
        "Y": 2.113746404647827,
        "Z": 0.2774481177330017
    },
    "29": {
        "X": 0.6038194894790649,
        "Y": 2.1929879188537598,
        "Z": 0.5302928686141968
    },
    "30": {
        "X": 0.38093388080596924,
        "Y": 2.181607246398926,
        "Z": 0.29294824600219727
    },
    "31": {
        "X": 0.5681059956550598,
        "Y": 2.2716665267944336,
        "Z": 0.10127934068441391
    },
    "32": {
        "X": 0.41960495710372925,
        "Y": 2.2626519203186035,
        "Z": -0.18510255217552185
    }
}