{
    "0": {
        "X": 0.40616098046302795,
        "Y": 0.2289491593837738,
        "Z": -0.44878801703453064
    },
    "1": {
        "X": 0.4337316155433655,
        "Y": 0.18700113892555237,
        "Z": -0.4737982749938965
    },
    "2": {
        "X": 0.44468769431114197,
        "Y": 0.18810135126113892,
        "Z": -0.4733937680721283
    },
    "3": {
        "X": 0.456002801656723,
        "Y": 0.18970052897930145,
        "Z": -0.47318848967552185
    },
    "4": {
        "X": 0.4143217206001282,
        "Y": 0.1887875348329544,
        "Z": -0.4193314015865326
    },
    "5": {
        "X": 0.4119705259799957,
        "Y": 0.19120757281780243,
        "Z": -0.41901469230651855
    },
    "6": {
        "X": 0.40974298119544983,
        "Y": 0.19302134215831757,
        "Z": -0.41944631934165955
    },
    "7": {
        "X": 0.5228978991508484,
        "Y": 0.22326987981796265,
        "Z": -0.4229150712490082
    },
    "8": {
        "X": 0.4449003338813782,
        "Y": 0.2220408320426941,
        "Z": -0.1670110821723938
    },
    "9": {
        "X": 0.42816609144210815,
        "Y": 0.27986666560173035,
        "Z": -0.4232937693595886
    },
    "10": {
        "X": 0.4062647819519043,
        "Y": 0.2821331322193146,
        "Z": -0.3469816744327545
    },
    "11": {
        "X": 0.6921201944351196,
        "Y": 0.5133563876152039,
        "Z": -0.270705908536911
    },
    "12": {
        "X": 0.33279186487197876,
        "Y": 0.5031334757804871,
        "Z": -0.11309529840946198
    },
    "13": {
        "X": 0.7486917972564697,
        "Y": 0.8629602789878845,
        "Z": -0.24393479526042938
    },
    "14": {
        "X": 0.2571539282798767,
        "Y": 0.8229875564575195,
        "Z": 0.024792669340968132
    },
    "15": {
        "X": 0.6689025163650513,
        "Y": 1.0772117376327515,
        "Z": -0.4215834140777588
    },
    "16": {
        "X": 0.3349120020866394,
        "Y": 1.029106855392456,
        "Z": -0.2401328831911087
    },
    "17": {
        "X": 0.656028151512146,
        "Y": 1.1929810047149658,
        "Z": -0.4843754768371582
    },
    "18": {
        "X": 0.32683032751083374,
        "Y": 1.1461596488952637,
        "Z": -0.3063282370567322
    },
    "19": {
        "X": 0.6132313013076782,
        "Y": 1.138659119606018,
        "Z": -0.5064569115638733
    },
    "20": {
        "X": 0.3585853576660156,
        "Y": 1.1200263500213623,
        "Z": -0.34702545404434204
    },
    "21": {
        "X": 0.6020638942718506,
        "Y": 1.0780413150787354,
        "Z": -0.4341755509376526
    },
    "22": {
        "X": 0.3780823051929474,
        "Y": 1.0397982597351074,
        "Z": -0.26669690012931824
    },
    "23": {
        "X": 0.608007550239563,
        "Y": 1.1463326215744019,
        "Z": -0.050901006907224655
    },
    "24": {
        "X": 0.3774830996990204,
        "Y": 1.1504725217819214,
        "Z": 0.054740093648433685
    },
    "25": {
        "X": 0.5857323408126831,
        "Y": 1.682547926902771,
        "Z": -0.015371945686638355
    },
    "26": {
        "X": 0.3732871413230896,
        "Y": 1.6680835485458374,
        "Z": 0.050112903118133545
    },
    "27": {
        "X": 0.5730205774307251,
        "Y": 2.1483142375946045,
        "Z": 0.4664604663848877
    },
    "28": {
        "X": 0.36653974652290344,
        "Y": 2.1364586353302,
        "Z": 0.34840816259384155
    },
    "29": {
        "X": 0.58025062084198,
        "Y": 2.218869924545288,
        "Z": 0.4906318187713623
    },
    "30": {
        "X": 0.3642274737358093,
        "Y": 2.202479839324951,
        "Z": 0.3682635426521301
    },
    "31": {
        "X": 0.5239161252975464,
        "Y": 2.29494047164917,
        "Z": 0.08106734603643417
    },
    "32": {
        "X": 0.3849354684352875,
        "Y": 2.2890217304229736,
        "Z": -0.07451904565095901
    }
}