{
    "0": {
        "X": 0.3662799596786499,
        "Y": 0.38624754548072815,
        "Z": -0.8941468000411987
    },
    "1": {
        "X": 0.3968213200569153,
        "Y": 0.32147160172462463,
        "Z": -0.8979429006576538
    },
    "2": {
        "X": 0.41535085439682007,
        "Y": 0.31850430369377136,
        "Z": -0.8980003595352173
    },
    "3": {
        "X": 0.4352542459964752,
        "Y": 0.31543347239494324,
        "Z": -0.8980194330215454
    },
    "4": {
        "X": 0.3576642572879791,
        "Y": 0.3304939270019531,
        "Z": -0.8244474530220032
    },
    "5": {
        "X": 0.346631795167923,
        "Y": 0.3334013521671295,
        "Z": -0.8236009478569031
    },
    "6": {
        "X": 0.3353770971298218,
        "Y": 0.33628037571907043,
        "Z": -0.8240782618522644
    },
    "7": {
        "X": 0.5043906569480896,
        "Y": 0.34454187750816345,
        "Z": -0.8183355331420898
    },
    "8": {
        "X": 0.3662955164909363,
        "Y": 0.3649525046348572,
        "Z": -0.36322295665740967
    },
    "9": {
        "X": 0.40753230452537537,
        "Y": 0.4545714259147644,
        "Z": -0.8245569467544556
    },
    "10": {
        "X": 0.365508109331131,
        "Y": 0.4558888375759125,
        "Z": -0.7189802527427673
    },
    "11": {
        "X": 0.7381943464279175,
        "Y": 0.7539666295051575,
        "Z": -0.6178166270256042
    },
    "12": {
        "X": 0.28855830430984497,
        "Y": 0.7343071103096008,
        "Z": -0.14596018195152283
    },
    "13": {
        "X": 0.8583715558052063,
        "Y": 1.2550795078277588,
        "Z": -0.6118736863136292
    },
    "14": {
        "X": 0.17549189925193787,
        "Y": 1.1986072063446045,
        "Z": -0.010734622366726398
    },
    "15": {
        "X": 0.8181428909301758,
        "Y": 1.604089617729187,
        "Z": -0.7626272439956665
    },
    "16": {
        "X": 0.1541413813829422,
        "Y": 1.4808729887008667,
        "Z": -0.7104088664054871
    },
    "17": {
        "X": 0.8384543657302856,
        "Y": 1.7296223640441895,
        "Z": -0.8709552884101868
    },
    "18": {
        "X": 0.13740456104278564,
        "Y": 1.5887993574142456,
        "Z": -0.8463850021362305
    },
    "19": {
        "X": 0.7808581590652466,
        "Y": 1.7215553522109985,
        "Z": -0.9254447817802429
    },
    "20": {
        "X": 0.1702302098274231,
        "Y": 1.5593979358673096,
        "Z": -0.9285957217216492
    },
    "21": {
        "X": 0.7659093737602234,
        "Y": 1.6649143695831299,
        "Z": -0.8025124669075012
    },
    "22": {
        "X": 0.1839996725320816,
        "Y": 1.5145759582519531,
        "Z": -0.7743483781814575
    },
    "23": {
        "X": 0.6521473526954651,
        "Y": 1.595044493675232,
        "Z": -0.16447289288043976
    },
    "24": {
        "X": 0.3306005299091339,
        "Y": 1.5707685947418213,
        "Z": 0.17056702077388763
    },
    "25": {
        "X": 0.6168035268783569,
        "Y": 2.2775561809539795,
        "Z": -0.21190521121025085
    },
    "26": {
        "X": 0.3403988778591156,
        "Y": 2.2467846870422363,
        "Z": 0.08941341191530228
    },
    "27": {
        "X": 0.6174043416976929,
        "Y": 2.8951191902160645,
        "Z": 0.4767085015773773
    },
    "28": {
        "X": 0.33484169840812683,
        "Y": 2.87154221534729,
        "Z": 0.5428223609924316
    },
    "29": {
        "X": 0.6324822306632996,
        "Y": 3.0030677318573,
        "Z": 0.5070889592170715
    },
    "30": {
        "X": 0.3346711993217468,
        "Y": 2.9790263175964355,
        "Z": 0.568113386631012
    },
    "31": {
        "X": 0.5393964052200317,
        "Y": 3.0687038898468018,
        "Z": -0.17512273788452148
    },
    "32": {
        "X": 0.34774720668792725,
        "Y": 3.0562098026275635,
        "Z": -0.13768629729747772
    }
}