{
    "0": {
        "X": 0.4773215353488922,
        "Y": 0.39446184039115906,
        "Z": -1.1853556632995605
    },
    "1": {
        "X": 0.5067113637924194,
        "Y": 0.3341926038265228,
        "Z": -1.1198461055755615
    },
    "2": {
        "X": 0.5297697186470032,
        "Y": 0.33288905024528503,
        "Z": -1.1201848983764648
    },
    "3": {
        "X": 0.5495454668998718,
        "Y": 0.3327443301677704,
        "Z": -1.1201766729354858
    },
    "4": {
        "X": 0.44435518980026245,
        "Y": 0.33828648924827576,
        "Z": -1.1082193851470947
    },
    "5": {
        "X": 0.42577752470970154,
        "Y": 0.3411291241645813,
        "Z": -1.1074392795562744
    },
    "6": {
        "X": 0.41089707612991333,
        "Y": 0.3422510325908661,
        "Z": -1.1079089641571045
    },
    "7": {
        "X": 0.5783595442771912,
        "Y": 0.36649784445762634,
        "Z": -0.6578266620635986
    },
    "8": {
        "X": 0.39320650696754456,
        "Y": 0.3806125819683075,
        "Z": -0.5927501916885376
    },
    "9": {
        "X": 0.521871030330658,
        "Y": 0.4683530926704407,
        "Z": -1.0164545774459839
    },
    "10": {
        "X": 0.4439122676849365,
        "Y": 0.4710865616798401,
        "Z": -0.9956415295600891
    },
    "11": {
        "X": 0.7484516501426697,
        "Y": 0.7611693739891052,
        "Z": -0.3742901682853699
    },
    "12": {
        "X": 0.28098970651626587,
        "Y": 0.7664445042610168,
        "Z": -0.33354273438453674
    },
    "13": {
        "X": 0.8339131474494934,
        "Y": 1.2309818267822266,
        "Z": -0.35642391443252563
    },
    "14": {
        "X": 0.18915115296840668,
        "Y": 1.2104843854904175,
        "Z": -0.31333810091018677
    },
    "15": {
        "X": 0.8253790736198425,
        "Y": 1.5681164264678955,
        "Z": -0.8823748826980591
    },
    "16": {
        "X": 0.1656840294599533,
        "Y": 1.486319899559021,
        "Z": -1.0298048257827759
    },
    "17": {
        "X": 0.8484848141670227,
        "Y": 1.6913400888442993,
        "Z": -1.043585181236267
    },
    "18": {
        "X": 0.13642045855522156,
        "Y": 1.6022388935089111,
        "Z": -1.2150652408599854
    },
    "19": {
        "X": 0.8018969297409058,
        "Y": 1.6786998510360718,
        "Z": -1.1376487016677856
    },
    "20": {
        "X": 0.17800144851207733,
        "Y": 1.5906480550765991,
        "Z": -1.318124771118164
    },
    "21": {
        "X": 0.7818284630775452,
        "Y": 1.6284979581832886,
        "Z": -0.9454647898674011
    },
    "22": {
        "X": 0.19958379864692688,
        "Y": 1.545328140258789,
        "Z": -1.1103627681732178
    },
    "23": {
        "X": 0.6614423394203186,
        "Y": 1.5851680040359497,
        "Z": -0.08954454213380814
    },
    "24": {
        "X": 0.35167235136032104,
        "Y": 1.577305555343628,
        "Z": 0.09495234489440918
    },
    "25": {
        "X": 0.6427189111709595,
        "Y": 2.2561018466949463,
        "Z": -0.09146476536989212
    },
    "26": {
        "X": 0.3555426597595215,
        "Y": 2.2444798946380615,
        "Z": 0.07879950106143951
    },
    "27": {
        "X": 0.6346269249916077,
        "Y": 2.8645050525665283,
        "Z": 0.6158853769302368
    },
    "28": {
        "X": 0.3628098964691162,
        "Y": 2.851412057876587,
        "Z": 0.5756192207336426
    },
    "29": {
        "X": 0.641004741191864,
        "Y": 2.963261127471924,
        "Z": 0.6421884894371033
    },
    "30": {
        "X": 0.36407387256622314,
        "Y": 2.950185537338257,
        "Z": 0.601934552192688
    },
    "31": {
        "X": 0.5809348821640015,
        "Y": 3.0448989868164062,
        "Z": -0.06820600479841232
    },
    "32": {
        "X": 0.3973354697227478,
        "Y": 3.0275180339813232,
        "Z": -0.14321765303611755
    }
}