{
    "0": {
        "X": 0.4790596067905426,
        "Y": 0.39958080649375916,
        "Z": -1.1658087968826294
    },
    "1": {
        "X": 0.5112488269805908,
        "Y": 0.3372800648212433,
        "Z": -1.1028807163238525
    },
    "2": {
        "X": 0.5348581671714783,
        "Y": 0.33607184886932373,
        "Z": -1.1031405925750732
    },
    "3": {
        "X": 0.5552712678909302,
        "Y": 0.3358791768550873,
        "Z": -1.1032828092575073
    },
    "4": {
        "X": 0.44764089584350586,
        "Y": 0.3407306969165802,
        "Z": -1.08748459815979
    },
    "5": {
        "X": 0.4295894503593445,
        "Y": 0.34364432096481323,
        "Z": -1.0867284536361694
    },
    "6": {
        "X": 0.41400521993637085,
        "Y": 0.3455801010131836,
        "Z": -1.087159276008606
    },
    "7": {
        "X": 0.5858861804008484,
        "Y": 0.37246179580688477,
        "Z": -0.6558889150619507
    },
    "8": {
        "X": 0.3980042338371277,
        "Y": 0.3836800754070282,
        "Z": -0.5691750645637512
    },
    "9": {
        "X": 0.5260374546051025,
        "Y": 0.4760661721229553,
        "Z": -0.9992311596870422
    },
    "10": {
        "X": 0.4459228515625,
        "Y": 0.4782806634902954,
        "Z": -0.9725959897041321
    },
    "11": {
        "X": 0.755054235458374,
        "Y": 0.7684631943702698,
        "Z": -0.36891621351242065
    },
    "12": {
        "X": 0.2772925794124603,
        "Y": 0.7720592021942139,
        "Z": -0.34017640352249146
    },
    "13": {
        "X": 0.8528352975845337,
        "Y": 1.2212249040603638,
        "Z": -0.4057618975639343
    },
    "14": {
        "X": 0.1994955688714981,
        "Y": 1.1971702575683594,
        "Z": -0.34827688336372375
    },
    "15": {
        "X": 0.8364924192428589,
        "Y": 1.5420889854431152,
        "Z": -0.9793704748153687
    },
    "16": {
        "X": 0.18833859264850616,
        "Y": 1.4951119422912598,
        "Z": -1.0981478691101074
    },
    "17": {
        "X": 0.8557292819023132,
        "Y": 1.666012167930603,
        "Z": -1.144939661026001
    },
    "18": {
        "X": 0.1621631383895874,
        "Y": 1.6093051433563232,
        "Z": -1.2949204444885254
    },
    "19": {
        "X": 0.8059026598930359,
        "Y": 1.6542928218841553,
        "Z": -1.2226650714874268
    },
    "20": {
        "X": 0.20816504955291748,
        "Y": 1.5967458486557007,
        "Z": -1.4041082859039307
    },
    "21": {
        "X": 0.7891966104507446,
        "Y": 1.6019195318222046,
        "Z": -1.0497314929962158
    },
    "22": {
        "X": 0.2262464016675949,
        "Y": 1.5503944158554077,
        "Z": -1.166365146636963
    },
    "23": {
        "X": 0.6684399843215942,
        "Y": 1.5869476795196533,
        "Z": -0.07995419204235077
    },
    "24": {
        "X": 0.3591160178184509,
        "Y": 1.5731314420700073,
        "Z": 0.08497197180986404
    },
    "25": {
        "X": 0.6437571048736572,
        "Y": 2.2554571628570557,
        "Z": 0.02015988901257515
    },
    "26": {
        "X": 0.3554866313934326,
        "Y": 2.24184250831604,
        "Z": 0.11246279627084732
    },
    "27": {
        "X": 0.6318047046661377,
        "Y": 2.855207920074463,
        "Z": 0.7499032020568848
    },
    "28": {
        "X": 0.35576531291007996,
        "Y": 2.8458595275878906,
        "Z": 0.6237495541572571
    },
    "29": {
        "X": 0.6386901140213013,
        "Y": 2.9550693035125732,
        "Z": 0.7793830633163452
    },
    "30": {
        "X": 0.3547137379646301,
        "Y": 2.9459009170532227,
        "Z": 0.6515711545944214
    },
    "31": {
        "X": 0.5750094652175903,
        "Y": 3.0416805744171143,
        "Z": 0.08682884275913239
    },
    "32": {
        "X": 0.39156147837638855,
        "Y": 3.0314342975616455,
        "Z": -0.08284660428762436
    }
}