{
    "0": {
        "X": 0.41195303201675415,
        "Y": 0.37450817227363586,
        "Z": -1.0407248735427856
    },
    "1": {
        "X": 0.4437330663204193,
        "Y": 0.3123284876346588,
        "Z": -1.01819908618927
    },
    "2": {
        "X": 0.4682311415672302,
        "Y": 0.3099791407585144,
        "Z": -1.018444299697876
    },
    "3": {
        "X": 0.49399346113204956,
        "Y": 0.3077639639377594,
        "Z": -1.0184303522109985
    },
    "4": {
        "X": 0.39172860980033875,
        "Y": 0.3194443881511688,
        "Z": -0.9600434303283691
    },
    "5": {
        "X": 0.3769277334213257,
        "Y": 0.323133647441864,
        "Z": -0.9592215418815613
    },
    "6": {
        "X": 0.36400410532951355,
        "Y": 0.32591941952705383,
        "Z": -0.9596818685531616
    },
    "7": {
        "X": 0.5455840229988098,
        "Y": 0.3446406126022339,
        "Z": -0.7036335468292236
    },
    "8": {
        "X": 0.3666844964027405,
        "Y": 0.3641811013221741,
        "Z": -0.45289739966392517
    },
    "9": {
        "X": 0.45489001274108887,
        "Y": 0.4458264410495758,
        "Z": -0.9353945851325989
    },
    "10": {
        "X": 0.3925173878669739,
        "Y": 0.4471436142921448,
        "Z": -0.8534835577011108
    },
    "11": {
        "X": 0.7405880689620972,
        "Y": 0.7540520429611206,
        "Z": -0.4872884750366211
    },
    "12": {
        "X": 0.2754771113395691,
        "Y": 0.7681769132614136,
        "Z": -0.24396879971027374
    },
    "13": {
        "X": 0.8533900380134583,
        "Y": 1.2425979375839233,
        "Z": -0.5168045163154602
    },
    "14": {
        "X": 0.1773093044757843,
        "Y": 1.2166999578475952,
        "Z": -0.18688078224658966
    },
    "15": {
        "X": 0.8206430673599243,
        "Y": 1.5861170291900635,
        "Z": -0.90326988697052
    },
    "16": {
        "X": 0.1533152461051941,
        "Y": 1.5203990936279297,
        "Z": -0.8394469022750854
    },
    "17": {
        "X": 0.839634120464325,
        "Y": 1.7145400047302246,
        "Z": -1.0379631519317627
    },
    "18": {
        "X": 0.12700460851192474,
        "Y": 1.6381417512893677,
        "Z": -0.9829152226448059
    },
    "19": {
        "X": 0.7823858261108398,
        "Y": 1.7049212455749512,
        "Z": -1.1095314025878906
    },
    "20": {
        "X": 0.16828182339668274,
        "Y": 1.632297396659851,
        "Z": -1.0975534915924072
    },
    "21": {
        "X": 0.7665953636169434,
        "Y": 1.648987054824829,
        "Z": -0.9512494802474976
    },
    "22": {
        "X": 0.1880187839269638,
        "Y": 1.5846272706985474,
        "Z": -0.9100875854492188
    },
    "23": {
        "X": 0.6575104594230652,
        "Y": 1.5967140197753906,
        "Z": -0.1323523074388504
    },
    "24": {
        "X": 0.3405514359474182,
        "Y": 1.5788699388504028,
        "Z": 0.1377364844083786
    },
    "25": {
        "X": 0.627081573009491,
        "Y": 2.27634334564209,
        "Z": -0.10655218362808228
    },
    "26": {
        "X": 0.3434850573539734,
        "Y": 2.2586820125579834,
        "Z": 0.1886311024427414
    },
    "27": {
        "X": 0.6180552244186401,
        "Y": 2.8851723670959473,
        "Z": 0.6174092292785645
    },
    "28": {
        "X": 0.3423878848552704,
        "Y": 2.872258186340332,
        "Z": 0.7125568985939026
    },
    "29": {
        "X": 0.6293581128120422,
        "Y": 2.9888622760772705,
        "Z": 0.6500025391578674
    },
    "30": {
        "X": 0.34343478083610535,
        "Y": 2.974881410598755,
        "Z": 0.7424741983413696
    },
    "31": {
        "X": 0.5519224405288696,
        "Y": 3.0659449100494385,
        "Z": -0.019657166674733162
    },
    "32": {
        "X": 0.3649976849555969,
        "Y": 3.0558133125305176,
        "Z": 0.04121476039290428
    }
}