{
    "0": {
        "X": 0.474692165851593,
        "Y": 0.3730331063270569,
        "Z": -1.1597874164581299
    },
    "1": {
        "X": 0.5064157247543335,
        "Y": 0.31544309854507446,
        "Z": -1.0901442766189575
    },
    "2": {
        "X": 0.527427613735199,
        "Y": 0.3151790201663971,
        "Z": -1.0904805660247803
    },
    "3": {
        "X": 0.5466818809509277,
        "Y": 0.31612512469291687,
        "Z": -1.0905086994171143
    },
    "4": {
        "X": 0.44320330023765564,
        "Y": 0.32022368907928467,
        "Z": -1.0843229293823242
    },
    "5": {
        "X": 0.42515212297439575,
        "Y": 0.32230859994888306,
        "Z": -1.083641767501831
    },
    "6": {
        "X": 0.4107518196105957,
        "Y": 0.32438400387763977,
        "Z": -1.084158182144165
    },
    "7": {
        "X": 0.5732302069664001,
        "Y": 0.3564772605895996,
        "Z": -0.6487523913383484
    },
    "8": {
        "X": 0.3919878602027893,
        "Y": 0.36632415652275085,
        "Z": -0.5907864570617676
    },
    "9": {
        "X": 0.518160879611969,
        "Y": 0.4496441185474396,
        "Z": -0.9908755421638489
    },
    "10": {
        "X": 0.44111061096191406,
        "Y": 0.4483983814716339,
        "Z": -0.9789824485778809
    },
    "11": {
        "X": 0.7374182343482971,
        "Y": 0.7509577870368958,
        "Z": -0.36411869525909424
    },
    "12": {
        "X": 0.2799188494682312,
        "Y": 0.7542315125465393,
        "Z": -0.34747612476348877
    },
    "13": {
        "X": 0.8302184343338013,
        "Y": 1.2071826457977295,
        "Z": -0.3440277874469757
    },
    "14": {
        "X": 0.19220414757728577,
        "Y": 1.1869055032730103,
        "Z": -0.3010389804840088
    },
    "15": {
        "X": 0.825689435005188,
        "Y": 1.5443522930145264,
        "Z": -0.8053318858146667
    },
    "16": {
        "X": 0.17423561215400696,
        "Y": 1.463501214981079,
        "Z": -0.9400609731674194
    },
    "17": {
        "X": 0.8491040468215942,
        "Y": 1.6663920879364014,
        "Z": -0.9528571963310242
    },
    "18": {
        "X": 0.14709843695163727,
        "Y": 1.5713359117507935,
        "Z": -1.1174819469451904
    },
    "19": {
        "X": 0.8004595041275024,
        "Y": 1.6581287384033203,
        "Z": -1.0520023107528687
    },
    "20": {
        "X": 0.1881103217601776,
        "Y": 1.5618716478347778,
        "Z": -1.2442958354949951
    },
    "21": {
        "X": 0.781631588935852,
        "Y": 1.6069942712783813,
        "Z": -0.8679584264755249
    },
    "22": {
        "X": 0.20795688033103943,
        "Y": 1.517966628074646,
        "Z": -1.0140656232833862
    },
    "23": {
        "X": 0.652493953704834,
        "Y": 1.5540149211883545,
        "Z": -0.07065222412347794
    },
    "24": {
        "X": 0.34586888551712036,
        "Y": 1.5467811822891235,
        "Z": 0.07590309530496597
    },
    "25": {
        "X": 0.630332350730896,
        "Y": 2.220923900604248,
        "Z": -0.049961041659116745
    },
    "26": {
        "X": 0.3495493233203888,
        "Y": 2.211599111557007,
        "Z": 0.007682527415454388
    },
    "27": {
        "X": 0.6191261410713196,
        "Y": 2.82743501663208,
        "Z": 0.6411141157150269
    },
    "28": {
        "X": 0.3489688038825989,
        "Y": 2.8189215660095215,
        "Z": 0.43671470880508423
    },
    "29": {
        "X": 0.6230356097221375,
        "Y": 2.9270777702331543,
        "Z": 0.6700168251991272
    },
    "30": {
        "X": 0.3494248390197754,
        "Y": 2.9186525344848633,
        "Z": 0.470734179019928
    },
    "31": {
        "X": 0.5683004856109619,
        "Y": 3.0071475505828857,
        "Z": -0.010996020399034023
    },
    "32": {
        "X": 0.38748592138290405,
        "Y": 2.9943878650665283,
        "Z": -0.2799279987812042
    }
}