{
    "0": {
        "X": 0.4282325208187103,
        "Y": 0.371211975812912,
        "Z": -1.138756513595581
    },
    "1": {
        "X": 0.46474042534828186,
        "Y": 0.3102472722530365,
        "Z": -1.0951104164123535
    },
    "2": {
        "X": 0.4907042980194092,
        "Y": 0.30947813391685486,
        "Z": -1.0953967571258545
    },
    "3": {
        "X": 0.5161659717559814,
        "Y": 0.3091992139816284,
        "Z": -1.0955113172531128
    },
    "4": {
        "X": 0.40951719880104065,
        "Y": 0.31635817885398865,
        "Z": -1.050952672958374
    },
    "5": {
        "X": 0.3916631042957306,
        "Y": 0.31948885321617126,
        "Z": -1.0502257347106934
    },
    "6": {
        "X": 0.3773663640022278,
        "Y": 0.322926789522171,
        "Z": -1.0507190227508545
    },
    "7": {
        "X": 0.5619297027587891,
        "Y": 0.3521580696105957,
        "Z": -0.7467197179794312
    },
    "8": {
        "X": 0.3794063925743103,
        "Y": 0.36403560638427734,
        "Z": -0.5093232989311218
    },
    "9": {
        "X": 0.4750508666038513,
        "Y": 0.4454444646835327,
        "Z": -1.0040650367736816
    },
    "10": {
        "X": 0.40939098596572876,
        "Y": 0.44416525959968567,
        "Z": -0.9399305582046509
    },
    "11": {
        "X": 0.7402186393737793,
        "Y": 0.7578209638595581,
        "Z": -0.50617915391922
    },
    "12": {
        "X": 0.2781619429588318,
        "Y": 0.7608979940414429,
        "Z": -0.23756253719329834
    },
    "13": {
        "X": 0.8373337984085083,
        "Y": 1.2423044443130493,
        "Z": -0.5172020196914673
    },
    "14": {
        "X": 0.182980477809906,
        "Y": 1.1896377801895142,
        "Z": -0.15750354528427124
    },
    "15": {
        "X": 0.8239448666572571,
        "Y": 1.5751845836639404,
        "Z": -0.9562075734138489
    },
    "16": {
        "X": 0.1632501184940338,
        "Y": 1.491883635520935,
        "Z": -0.8310729265213013
    },
    "17": {
        "X": 0.8455448150634766,
        "Y": 1.6966532468795776,
        "Z": -1.0915828943252563
    },
    "18": {
        "X": 0.13586220145225525,
        "Y": 1.6083842515945435,
        "Z": -0.9858156442642212
    },
    "19": {
        "X": 0.7927661538124084,
        "Y": 1.6883822679519653,
        "Z": -1.1678426265716553
    },
    "20": {
        "X": 0.17726942896842957,
        "Y": 1.602728247642517,
        "Z": -1.109134554862976
    },
    "21": {
        "X": 0.7751103639602661,
        "Y": 1.6342579126358032,
        "Z": -1.0007381439208984
    },
    "22": {
        "X": 0.19643041491508484,
        "Y": 1.5567188262939453,
        "Z": -0.9078501462936401
    },
    "23": {
        "X": 0.6541539430618286,
        "Y": 1.5880968570709229,
        "Z": -0.15153910219669342
    },
    "24": {
        "X": 0.34400153160095215,
        "Y": 1.5701874494552612,
        "Z": 0.15691091120243073
    },
    "25": {
        "X": 0.6204992532730103,
        "Y": 2.2656021118164062,
        "Z": -0.10079900920391083
    },
    "26": {
        "X": 0.3321082293987274,
        "Y": 2.2497761249542236,
        "Z": 0.22642993927001953
    },
    "27": {
        "X": 0.6049621105194092,
        "Y": 2.870816707611084,
        "Z": 0.6554539203643799
    },
    "28": {
        "X": 0.32524463534355164,
        "Y": 2.8605055809020996,
        "Z": 0.7648406624794006
    },
    "29": {
        "X": 0.6147825121879578,
        "Y": 2.973039388656616,
        "Z": 0.6886465549468994
    },
    "30": {
        "X": 0.32565051317214966,
        "Y": 2.962186098098755,
        "Z": 0.7957476377487183
    },
    "31": {
        "X": 0.5360605716705322,
        "Y": 3.052706480026245,
        "Z": -0.013726194389164448
    },
    "32": {
        "X": 0.34507104754447937,
        "Y": 3.0427839756011963,
        "Z": 0.0678655356168747
    }
}