{
    "0": {
        "X": 0.4748929440975189,
        "Y": 0.37638622522354126,
        "Z": -1.021533727645874
    },
    "1": {
        "X": 0.5078133344650269,
        "Y": 0.3168639838695526,
        "Z": -0.9594491720199585
    },
    "2": {
        "X": 0.5309627056121826,
        "Y": 0.31619617342948914,
        "Z": -0.959550678730011
    },
    "3": {
        "X": 0.5521568059921265,
        "Y": 0.3169582188129425,
        "Z": -0.959734320640564
    },
    "4": {
        "X": 0.4429478645324707,
        "Y": 0.32160380482673645,
        "Z": -0.9473626017570496
    },
    "5": {
        "X": 0.4257228970527649,
        "Y": 0.323699027299881,
        "Z": -0.9466560482978821
    },
    "6": {
        "X": 0.41116660833358765,
        "Y": 0.3258316218852997,
        "Z": -0.9471060037612915
    },
    "7": {
        "X": 0.5831237435340881,
        "Y": 0.3577899634838104,
        "Z": -0.5557094812393188
    },
    "8": {
        "X": 0.3976767063140869,
        "Y": 0.3675682842731476,
        "Z": -0.4805038571357727
    },
    "9": {
        "X": 0.5202432870864868,
        "Y": 0.45451486110687256,
        "Z": -0.870481014251709
    },
    "10": {
        "X": 0.44346705079078674,
        "Y": 0.4526125192642212,
        "Z": -0.8501533269882202
    },
    "11": {
        "X": 0.7571841478347778,
        "Y": 0.7731520533561707,
        "Z": -0.30112409591674805
    },
    "12": {
        "X": 0.2777698040008545,
        "Y": 0.7632553577423096,
        "Z": -0.3056083917617798
    },
    "13": {
        "X": 0.8417056202888489,
        "Y": 1.2547013759613037,
        "Z": -0.28166836500167847
    },
    "14": {
        "X": 0.18777534365653992,
        "Y": 1.0636773109436035,
        "Z": -0.2658331096172333
    },
    "15": {
        "X": 0.8197076916694641,
        "Y": 1.5745644569396973,
        "Z": -0.6318109035491943
    },
    "16": {
        "X": 0.15872469544410706,
        "Y": 1.4835854768753052,
        "Z": -0.8366588354110718
    },
    "17": {
        "X": 0.8361929059028625,
        "Y": 1.6987563371658325,
        "Z": -0.7356944680213928
    },
    "18": {
        "X": 0.12752443552017212,
        "Y": 1.597688913345337,
        "Z": -0.9866946935653687
    },
    "19": {
        "X": 0.7852557897567749,
        "Y": 1.6882165670394897,
        "Z": -0.8148193359375
    },
    "20": {
        "X": 0.17344354093074799,
        "Y": 1.6035517454147339,
        "Z": -1.0835517644882202
    },
    "21": {
        "X": 0.7718926668167114,
        "Y": 1.633009672164917,
        "Z": -0.6815662980079651
    },
    "22": {
        "X": 0.19260047376155853,
        "Y": 1.5577312707901,
        "Z": -0.9008329510688782
    },
    "23": {
        "X": 0.6518294811248779,
        "Y": 1.5838088989257812,
        "Z": -0.06431402266025543
    },
    "24": {
        "X": 0.3396730422973633,
        "Y": 1.564443588256836,
        "Z": 0.06986276060342789
    },
    "25": {
        "X": 0.6238209009170532,
        "Y": 2.257032632827759,
        "Z": -0.1383739560842514
    },
    "26": {
        "X": 0.33867374062538147,
        "Y": 2.235748052597046,
        "Z": -0.07330381870269775
    },
    "27": {
        "X": 0.6052044630050659,
        "Y": 2.8689157962799072,
        "Z": 0.4213162362575531
    },
    "28": {
        "X": 0.32953017950057983,
        "Y": 2.855267286300659,
        "Z": 0.2587955594062805
    },
    "29": {
        "X": 0.6109586954116821,
        "Y": 2.9714417457580566,
        "Z": 0.43858781456947327
    },
    "30": {
        "X": 0.32656800746917725,
        "Y": 2.958965539932251,
        "Z": 0.26661282777786255
    },
    "31": {
        "X": 0.544183075428009,
        "Y": 3.056387186050415,
        "Z": -0.22401611506938934
    },
    "32": {
        "X": 0.36104995012283325,
        "Y": 3.038160562515259,
        "Z": -0.43704408407211304
    }
}