{
    "0": {
        "X": 0.47352665662765503,
        "Y": 0.4063631296157837,
        "Z": -1.182437777519226
    },
    "1": {
        "X": 0.50435870885849,
        "Y": 0.3448982834815979,
        "Z": -1.117264986038208
    },
    "2": {
        "X": 0.5278418064117432,
        "Y": 0.34335458278656006,
        "Z": -1.117576241493225
    },
    "3": {
        "X": 0.5476869344711304,
        "Y": 0.3426254093647003,
        "Z": -1.1176636219024658
    },
    "4": {
        "X": 0.4402126669883728,
        "Y": 0.3479655683040619,
        "Z": -1.105010986328125
    },
    "5": {
        "X": 0.4215868413448334,
        "Y": 0.35024192929267883,
        "Z": -1.1042627096176147
    },
    "6": {
        "X": 0.40593719482421875,
        "Y": 0.35180526971817017,
        "Z": -1.1046494245529175
    },
    "7": {
        "X": 0.5751900672912598,
        "Y": 0.376925528049469,
        "Z": -0.6667531132698059
    },
    "8": {
        "X": 0.38590508699417114,
        "Y": 0.3896605670452118,
        "Z": -0.59140944480896
    },
    "9": {
        "X": 0.5204306840896606,
        "Y": 0.48375359177589417,
        "Z": -1.0147837400436401
    },
    "10": {
        "X": 0.44007930159568787,
        "Y": 0.48515239357948303,
        "Z": -0.9944735765457153
    },
    "11": {
        "X": 0.7381413578987122,
        "Y": 0.759712815284729,
        "Z": -0.3988662660121918
    },
    "12": {
        "X": 0.2686306834220886,
        "Y": 0.7722560167312622,
        "Z": -0.3155212700366974
    },
    "13": {
        "X": 0.8365670442581177,
        "Y": 1.2212843894958496,
        "Z": -0.414691299200058
    },
    "14": {
        "X": 0.1689603179693222,
        "Y": 1.1985005140304565,
        "Z": -0.3079656958580017
    },
    "15": {
        "X": 0.8257705569267273,
        "Y": 1.5469456911087036,
        "Z": -0.8965741991996765
    },
    "16": {
        "X": 0.1332380473613739,
        "Y": 1.4264298677444458,
        "Z": -1.24100923538208
    },
    "17": {
        "X": 0.8500636219978333,
        "Y": 1.6704649925231934,
        "Z": -1.052954912185669
    },
    "18": {
        "X": 0.10769567638635635,
        "Y": 1.5203971862792969,
        "Z": -1.4413092136383057
    },
    "19": {
        "X": 0.8024660348892212,
        "Y": 1.652879238128662,
        "Z": -1.1416184902191162
    },
    "20": {
        "X": 0.14086005091667175,
        "Y": 1.490140438079834,
        "Z": -1.5508203506469727
    },
    "21": {
        "X": 0.7844670414924622,
        "Y": 1.602946162223816,
        "Z": -0.9553149938583374
    },
    "22": {
        "X": 0.16114506125450134,
        "Y": 1.4538861513137817,
        "Z": -1.3183666467666626
    },
    "23": {
        "X": 0.6618886590003967,
        "Y": 1.571228265762329,
        "Z": -0.09176617115736008
    },
    "24": {
        "X": 0.3518274128437042,
        "Y": 1.5650882720947266,
        "Z": 0.09752077609300613
    },
    "25": {
        "X": 0.6459018588066101,
        "Y": 2.2408933639526367,
        "Z": -0.12240540981292725
    },
    "26": {
        "X": 0.35745769739151,
        "Y": 2.229529619216919,
        "Z": -0.022821208462119102
    },
    "27": {
        "X": 0.6409927010536194,
        "Y": 2.8486251831054688,
        "Z": 0.5260056257247925
    },
    "28": {
        "X": 0.3669809401035309,
        "Y": 2.8330416679382324,
        "Z": 0.41136032342910767
    },
    "29": {
        "X": 0.6480254530906677,
        "Y": 2.9478228092193604,
        "Z": 0.5453574061393738
    },
    "30": {
        "X": 0.3676672577857971,
        "Y": 2.929219961166382,
        "Z": 0.4297426640987396
    },
    "31": {
        "X": 0.5878488421440125,
        "Y": 3.0278306007385254,
        "Z": -0.1691233515739441
    },
    "32": {
        "X": 0.4053829610347748,
        "Y": 3.013338565826416,
        "Z": -0.3197980523109436
    }
}