{
    "0": {
        "X": 0.37862902879714966,
        "Y": 0.38710132241249084,
        "Z": -0.8869967460632324
    },
    "1": {
        "X": 0.4078027606010437,
        "Y": 0.3238717019557953,
        "Z": -0.8985443115234375
    },
    "2": {
        "X": 0.4251996576786041,
        "Y": 0.3212807774543762,
        "Z": -0.8988617658615112
    },
    "3": {
        "X": 0.4438703954219818,
        "Y": 0.31922295689582825,
        "Z": -0.8988202810287476
    },
    "4": {
        "X": 0.37208229303359985,
        "Y": 0.3322505056858063,
        "Z": -0.8060393333435059
    },
    "5": {
        "X": 0.36286455392837524,
        "Y": 0.3354554772377014,
        "Z": -0.8054699897766113
    },
    "6": {
        "X": 0.35278210043907166,
        "Y": 0.3384048342704773,
        "Z": -0.8058732748031616
    },
    "7": {
        "X": 0.5147081613540649,
        "Y": 0.3554132580757141,
        "Z": -0.7394752502441406
    },
    "8": {
        "X": 0.3821587860584259,
        "Y": 0.37208452820777893,
        "Z": -0.2980250120162964
    },
    "9": {
        "X": 0.41979941725730896,
        "Y": 0.4581238925457001,
        "Z": -0.8215042948722839
    },
    "10": {
        "X": 0.3797968924045563,
        "Y": 0.4592026472091675,
        "Z": -0.6974337697029114
    },
    "11": {
        "X": 0.7387385964393616,
        "Y": 0.7541587948799133,
        "Z": -0.5533307790756226
    },
    "12": {
        "X": 0.2929671108722687,
        "Y": 0.7437133193016052,
        "Z": -0.059946101158857346
    },
    "13": {
        "X": 0.8512954711914062,
        "Y": 1.231194019317627,
        "Z": -0.6259927153587341
    },
    "14": {
        "X": 0.12927427887916565,
        "Y": 1.1479486227035522,
        "Z": -0.4892897605895996
    },
    "15": {
        "X": 0.8421317338943481,
        "Y": 1.569446086883545,
        "Z": -0.7627708315849304
    },
    "16": {
        "X": 0.12226013094186783,
        "Y": 0.9090880751609802,
        "Z": -1.6948611736297607
    },
    "17": {
        "X": 0.8615037798881531,
        "Y": 1.69014573097229,
        "Z": -0.8525097966194153
    },
    "18": {
        "X": 0.10638991743326187,
        "Y": 0.8467077612876892,
        "Z": -1.8886091709136963
    },
    "19": {
        "X": 0.8181859850883484,
        "Y": 1.6726175546646118,
        "Z": -0.9184020161628723
    },
    "20": {
        "X": 0.1301407516002655,
        "Y": 0.802119791507721,
        "Z": -1.8734352588653564
    },
    "21": {
        "X": 0.799921452999115,
        "Y": 1.6250308752059937,
        "Z": -0.8008338212966919
    },
    "22": {
        "X": 0.1376265585422516,
        "Y": 0.7409192323684692,
        "Z": -1.7332521677017212
    },
    "23": {
        "X": 0.6604176759719849,
        "Y": 1.576282024383545,
        "Z": -0.1467766910791397
    },
    "24": {
        "X": 0.34663769602775574,
        "Y": 1.5631954669952393,
        "Z": 0.15168017148971558
    },
    "25": {
        "X": 0.6299505233764648,
        "Y": 2.253523349761963,
        "Z": -0.32520878314971924
    },
    "26": {
        "X": 0.34724852442741394,
        "Y": 2.2330827713012695,
        "Z": -0.007362741976976395
    },
    "27": {
        "X": 0.6200002431869507,
        "Y": 2.8748934268951416,
        "Z": 0.231742262840271
    },
    "28": {
        "X": 0.3469465374946594,
        "Y": 2.849263906478882,
        "Z": 0.2986364960670471
    },
    "29": {
        "X": 0.6323932409286499,
        "Y": 2.974449396133423,
        "Z": 0.24049489200115204
    },
    "30": {
        "X": 0.3480127155780792,
        "Y": 2.9426498413085938,
        "Z": 0.3086630702018738
    },
    "31": {
        "X": 0.557792067527771,
        "Y": 3.0353147983551025,
        "Z": -0.47380533814430237
    },
    "32": {
        "X": 0.3600171208381653,
        "Y": 3.027733087539673,
        "Z": -0.4001925587654114
    }
}