{
    "0": {
        "X": 0.4790349006652832,
        "Y": 0.3990616202354431,
        "Z": -1.1744554042816162
    },
    "1": {
        "X": 0.5112035870552063,
        "Y": 0.3368218243122101,
        "Z": -1.111937165260315
    },
    "2": {
        "X": 0.5348259210586548,
        "Y": 0.3356218636035919,
        "Z": -1.1122504472732544
    },
    "3": {
        "X": 0.5552448630332947,
        "Y": 0.33544623851776123,
        "Z": -1.1124428510665894
    },
    "4": {
        "X": 0.44754743576049805,
        "Y": 0.3404622972011566,
        "Z": -1.097847819328308
    },
    "5": {
        "X": 0.42947202920913696,
        "Y": 0.34342825412750244,
        "Z": -1.097107172012329
    },
    "6": {
        "X": 0.4138302803039551,
        "Y": 0.345414936542511,
        "Z": -1.0975534915924072
    },
    "7": {
        "X": 0.5858350992202759,
        "Y": 0.3722159266471863,
        "Z": -0.6595538854598999
    },
    "8": {
        "X": 0.3978918790817261,
        "Y": 0.38367411494255066,
        "Z": -0.5728874206542969
    },
    "9": {
        "X": 0.5260334014892578,
        "Y": 0.4756679832935333,
        "Z": -1.0046499967575073
    },
    "10": {
        "X": 0.44585251808166504,
        "Y": 0.4779714345932007,
        "Z": -0.980006992816925
    },
    "11": {
        "X": 0.7550756931304932,
        "Y": 0.7714466452598572,
        "Z": -0.37542667984962463
    },
    "12": {
        "X": 0.2765393853187561,
        "Y": 0.7725775837898254,
        "Z": -0.33802834153175354
    },
    "13": {
        "X": 0.85282963514328,
        "Y": 1.2221829891204834,
        "Z": -0.42867860198020935
    },
    "14": {
        "X": 0.1991274654865265,
        "Y": 1.1987018585205078,
        "Z": -0.35445523262023926
    },
    "15": {
        "X": 0.8357073068618774,
        "Y": 1.5454354286193848,
        "Z": -0.9932971000671387
    },
    "16": {
        "X": 0.18717214465141296,
        "Y": 1.4947659969329834,
        "Z": -1.1227234601974487
    },
    "17": {
        "X": 0.854613184928894,
        "Y": 1.6701380014419556,
        "Z": -1.1600217819213867
    },
    "18": {
        "X": 0.16156122088432312,
        "Y": 1.607468843460083,
        "Z": -1.3125078678131104
    },
    "19": {
        "X": 0.8041818737983704,
        "Y": 1.6563758850097656,
        "Z": -1.2489129304885864
    },
    "20": {
        "X": 0.20721963047981262,
        "Y": 1.590755581855774,
        "Z": -1.4296491146087646
    },
    "21": {
        "X": 0.7875211834907532,
        "Y": 1.60430109500885,
        "Z": -1.0535142421722412
    },
    "22": {
        "X": 0.22531557083129883,
        "Y": 1.5461100339889526,
        "Z": -1.1967432498931885
    },
    "23": {
        "X": 0.6681472063064575,
        "Y": 1.5895994901657104,
        "Z": -0.08415085822343826
    },
    "24": {
        "X": 0.3580363392829895,
        "Y": 1.5749591588974,
        "Z": 0.08912141621112823
    },
    "25": {
        "X": 0.6434608101844788,
        "Y": 2.2605233192443848,
        "Z": 0.021170157939195633
    },
    "26": {
        "X": 0.354118674993515,
        "Y": 2.2484467029571533,
        "Z": 0.17647792398929596
    },
    "27": {
        "X": 0.6311261653900146,
        "Y": 2.8611321449279785,
        "Z": 0.7919200658798218
    },
    "28": {
        "X": 0.35346347093582153,
        "Y": 2.851996898651123,
        "Z": 0.7541424632072449
    },
    "29": {
        "X": 0.6380525827407837,
        "Y": 2.9604461193084717,
        "Z": 0.8233718872070312
    },
    "30": {
        "X": 0.35241010785102844,
        "Y": 2.9509479999542236,
        "Z": 0.7905192971229553
    },
    "31": {
        "X": 0.5745406746864319,
        "Y": 3.0473525524139404,
        "Z": 0.10295729339122772
    },
    "32": {
        "X": 0.38812384009361267,
        "Y": 3.0387802124023438,
        "Z": 0.005106749944388866
    }
}